queue_length,doctors_available,average_consultation_time,patients_per_hour,priority_cases,department,hour,day,predicted_waiting_time
4,7,12.1,1.0,1,General Medicine,15,Sun,4.5
9,6,6.8,7.7,3,Dermatology,17,Thu,28.2
8,5,11.1,9.2,0,ENT,6,Mon,27.8
7,1,18.2,3.8,3,Cardiology,8,Sun,149.5
8,1,18.0,3.8,1,Cardiology,22,Sun,143.4
7,7,24.6,5.8,1,Emergency,20,Tue,17.6
5,6,12.3,8.1,0,General Medicine,9,Wed,8.9
8,1,4.9,7.9,0,ENT,5,Mon,51.3
7,2,13.1,2.5,1,Pediatrics,7,Sat,57.7
9,5,12.6,11.7,1,General Medicine,12,Sat,43.0
7,3,17.2,3.2,1,Cardiology,13,Mon,59.7
10,4,17.1,9.4,2,Emergency,4,Fri,50.4
6,4,11.8,7.7,2,Dermatology,1,Wed,24.6
16,3,13.1,7.6,3,Dermatology,11,Thu,93.2
8,1,6.0,6.5,2,Dermatology,19,Tue,71.0
2,1,8.9,5.9,0,Dermatology,3,Sat,24.0
15,7,19.3,10.3,2,Cardiology,9,Wed,57.3
5,3,6.8,1.0,1,General Medicine,3,Sat,12.6
10,1,7.9,6.8,1,Dermatology,5,Tue,87.9
12,1,12.8,3.2,0,Cardiology,14,Fri,154.8
6,5,17.9,8.1,1,Cardiology,6,Wed,41.8
7,1,21.8,6.3,2,Orthopedics,6,Sun,166.8
5,1,5.7,3.3,0,Pediatrics,23,Thu,37.3
5,4,25.6,1.0,3,Emergency,4,Sat,34.4
12,1,13.3,5.4,0,Dermatology,4,Mon,153.1
4,2,9.0,5.5,0,ENT,22,Fri,24.1
5,1,16.5,6.0,0,Orthopedics,13,Mon,96.2
10,5,7.1,6.8,0,Dermatology,1,Wed,16.7
11,2,16.7,8.7,1,Cardiology,10,Tue,108.1
7,3,18.6,6.2,1,Cardiology,13,Mon,55.9
9,1,15.7,4.3,0,Cardiology,6,Fri,141.3
6,3,11.4,3.9,0,Pediatrics,13,Tue,37.9
12,3,12.1,7.2,1,General Medicine,15,Thu,56.6
5,3,14.8,5.2,1,Cardiology,6,Sat,29.4
5,3,22.1,5.3,2,Emergency,19,Tue,42.5
10,5,14.2,6.9,3,General Medicine,10,Fri,45.4
7,2,23.4,9.1,3,Emergency,23,Wed,90.2
4,1,6.6,9.4,0,Dermatology,2,Wed,35.1
10,4,13.1,8.3,0,Pediatrics,7,Fri,48.8
13,1,15.5,10.3,1,ENT,17,Fri,205.2
11,4,10.1,3.8,0,Pediatrics,21,Fri,31.5
7,1,8.4,8.6,1,Dermatology,5,Tue,66.0
11,2,11.0,7.2,1,ENT,23,Fri,73.0
7,1,8.5,4.0,1,Orthopedics,4,Tue,72.9
13,5,7.9,10.4,1,General Medicine,9,Tue,45.9
6,1,18.3,3.2,8,Emergency,7,Sun,132.1
12,1,17.0,10.7,1,Cardiology,10,Mon,215.9
10,1,20.3,8.3,2,Emergency,21,Wed,207.7
18,4,9.8,10.0,3,ENT,17,Thu,71.6
10,1,4.0,4.3,0,Dermatology,19,Tue,41.9
8,2,11.5,5.4,1,Dermatology,6,Sat,57.7
3,3,11.0,7.1,1,Pediatrics,22,Thu,19.5
7,2,15.2,4.9,1,Orthopedics,10,Sat,59.3
11,3,19.5,5.3,0,Cardiology,15,Wed,78.8
4,4,16.2,10.1,0,Cardiology,16,Sun,35.2
10,4,11.3,7.5,2,General Medicine,15,Sat,55.6
9,5,14.8,4.9,0,Cardiology,14,Wed,35.7
4,7,4.0,2.3,1,Pediatrics,11,Sun,11.0
5,5,7.3,7.2,1,Dermatology,15,Sun,9.2
6,1,14.2,10.2,0,ENT,21,Fri,101.7
12,6,18.3,12.1,1,Emergency,9,Mon,33.4
16,2,4.0,8.3,1,Dermatology,12,Fri,47.4
8,4,16.7,7.3,0,Orthopedics,4,Fri,43.2
11,2,18.6,4.2,3,Emergency,8,Wed,104.9
15,3,16.3,11.2,1,Orthopedics,18,Tue,106.8
5,1,17.0,4.8,0,Orthopedics,15,Thu,91.6
6,5,18.5,2.9,3,Emergency,5,Sat,20.5
9,2,16.2,5.8,0,Orthopedics,13,Wed,81.8
0,1,11.9,4.9,0,General Medicine,19,Thu,1.0
10,5,12.1,7.5,0,Cardiology,2,Mon,34.7
8,5,6.4,4.3,0,Dermatology,1,Fri,9.5
8,1,7.5,11.5,1,Pediatrics,9,Sun,73.8
6,6,13.5,5.3,0,Cardiology,15,Sat,34.2
3,1,9.5,5.3,2,General Medicine,7,Thu,41.6
11,6,11.0,4.0,0,ENT,19,Mon,21.6
8,1,18.0,5.4,0,Cardiology,20,Thu,140.7
8,1,9.4,5.9,1,Orthopedics,12,Sun,82.1
10,1,6.7,8.5,0,Pediatrics,9,Mon,81.4
11,4,18.0,5.0,4,Cardiology,1,Tue,62.4
5,3,9.0,2.6,3,ENT,19,Sat,23.2
7,1,19.0,7.8,1,Emergency,21,Thu,137.5
15,6,20.3,11.8,1,Cardiology,10,Tue,66.7
10,3,11.1,7.3,1,Pediatrics,12,Mon,46.9
11,1,6.3,8.9,2,Dermatology,18,Wed,83.3
11,6,7.0,5.4,0,ENT,16,Fri,26.4
7,3,8.4,3.1,0,ENT,3,Sat,17.6
9,5,5.7,10.2,1,General Medicine,16,Sun,38.4
15,1,15.9,8.4,1,Orthopedics,22,Thu,252.7
14,2,4.2,10.2,0,Dermatology,18,Wed,36.6
10,6,11.6,4.0,1,Dermatology,11,Sun,27.0
6,6,12.9,4.9,0,Cardiology,12,Sat,5.8
10,5,9.1,5.0,0,Dermatology,6,Tue,20.9
8,6,4.0,8.0,1,Dermatology,15,Fri,15.1
3,1,13.1,6.8,1,Orthopedics,5,Sat,62.3
5,4,21.2,6.0,2,Emergency,8,Tue,40.5
5,2,17.8,6.0,0,Orthopedics,6,Sun,52.7
15,3,12.6,4.5,0,Pediatrics,8,Wed,69.2
7,4,11.1,6.7,1,ENT,8,Thu,30.3
6,5,11.4,8.1,1,ENT,1,Thu,27.2
6,2,14.6,12.2,1,General Medicine,17,Fri,60.3
13,4,6.3,4.0,1,Dermatology,10,Sun,30.3
8,1,8.8,8.9,0,Pediatrics,22,Wed,89.7
8,2,10.0,10.8,0,Dermatology,4,Wed,55.4
8,1,15.3,3.5,1,General Medicine,16,Sat,138.1
5,4,7.5,1.1,1,Dermatology,4,Sun,12.6
2,3,6.3,7.5,4,Dermatology,13,Sun,28.9
4,2,6.2,5.6,3,Dermatology,11,Sat,30.5
15,2,6.4,8.7,0,ENT,10,Fri,49.9
8,2,19.3,6.7,1,Cardiology,15,Sat,87.7
1,4,12.3,2.6,0,ENT,19,Sun,2.7
8,1,11.4,6.7,1,Pediatrics,7,Mon,102.4
9,1,7.9,3.4,0,Dermatology,20,Fri,69.0
8,1,23.7,7.9,1,Cardiology,4,Mon,206.6
7,3,17.9,7.9,3,Cardiology,7,Fri,60.7
5,1,22.1,6.5,0,Cardiology,7,Wed,104.6
10,1,14.7,6.2,0,Cardiology,22,Wed,156.4
5,3,12.6,4.4,2,General Medicine,2,Sun,32.7
13,1,9.0,8.8,0,General Medicine,9,Fri,130.8
13,5,7.2,9.0,0,Pediatrics,10,Thu,22.5
6,2,9.6,6.1,0,General Medicine,19,Sun,38.7
8,4,18.2,5.6,0,Cardiology,11,Mon,38.0
5,3,7.6,9.8,0,ENT,23,Fri,14.4
15,4,4.0,9.6,2,ENT,17,Tue,32.4
14,1,16.7,13.7,0,Cardiology,16,Tue,239.6
7,5,6.1,9.7,1,Dermatology,18,Tue,15.2
11,4,12.8,6.2,0,Cardiology,3,Thu,43.1
13,2,13.4,10.4,0,General Medicine,10,Fri,91.1
8,5,10.0,1.9,1,Dermatology,14,Sat,19.1
7,1,10.9,4.0,2,ENT,5,Thu,80.5
9,1,14.1,4.0,0,ENT,2,Sun,125.9
5,4,14.6,6.3,1,Cardiology,3,Wed,23.4
13,1,14.7,11.2,0,Cardiology,18,Tue,208.3
11,3,11.9,6.3,3,General Medicine,15,Mon,64.3
8,5,17.6,9.1,0,Cardiology,6,Mon,36.1
9,4,8.4,3.8,0,Dermatology,17,Thu,5.4
18,2,17.5,12.8,0,Orthopedics,16,Wed,172.4
8,6,8.2,3.6,1,ENT,19,Sat,11.9
5,3,15.1,7.5,0,General Medicine,21,Mon,26.5
6,2,12.7,8.6,2,Orthopedics,21,Tue,59.9
3,3,16.5,1.7,2,Cardiology,4,Sun,21.3
15,6,16.7,12.1,5,Emergency,18,Mon,61.4
11,4,4.0,10.7,1,Pediatrics,9,Wed,22.2
18,2,4.7,12.7,3,Pediatrics,9,Tue,75.2
9,5,17.7,6.3,1,Orthopedics,15,Thu,46.5
9,6,23.3,4.4,4,Emergency,14,Sun,47.1
15,3,4.2,7.7,0,Dermatology,10,Tue,32.1
9,1,14.8,4.8,0,General Medicine,23,Wed,129.8
5,3,4.0,6.0,0,Pediatrics,4,Thu,25.7
4,1,4.9,5.5,1,Dermatology,2,Sat,10.4
3,4,10.6,5.9,1,General Medicine,0,Sun,15.4
14,5,11.2,4.2,1,Dermatology,19,Mon,32.5
8,6,15.4,9.0,0,Pediatrics,9,Thu,20.8
4,4,18.6,6.9,1,Emergency,10,Sat,12.8
8,2,14.8,1.9,0,Orthopedics,15,Mon,67.0
8,5,21.1,8.2,1,Cardiology,10,Sat,48.3
12,6,15.7,5.7,2,ENT,13,Tue,36.5
9,1,15.6,6.2,2,General Medicine,1,Thu,153.4
3,3,14.4,7.3,0,Cardiology,3,Sun,28.6
9,5,20.6,4.2,2,Cardiology,22,Fri,45.3
4,4,6.1,4.7,1,Dermatology,10,Sun,8.3
12,1,24.2,1.6,2,Emergency,4,Fri,288.0
7,4,10.9,6.0,1,ENT,8,Tue,34.9
4,4,11.9,8.3,0,Orthopedics,8,Fri,25.8
6,2,18.3,1.9,0,Orthopedics,6,Fri,55.1
10,3,16.6,4.1,0,Orthopedics,7,Wed,50.1
9,6,9.2,9.5,0,Dermatology,17,Mon,21.7
6,4,15.1,5.2,0,Orthopedics,2,Fri,19.7
7,3,8.4,5.2,2,Pediatrics,7,Fri,33.0
8,5,16.9,6.7,0,Orthopedics,11,Sat,29.9
6,6,18.6,12.8,5,General Medicine,12,Mon,52.8
9,1,17.7,6.2,1,General Medicine,21,Thu,178.3
2,4,11.4,4.8,0,General Medicine,22,Sat,13.1
8,1,4.0,5.3,0,Dermatology,7,Sun,39.8
12,7,6.4,2.5,1,Dermatology,12,Sun,8.3
11,2,9.4,6.8,3,ENT,0,Tue,73.8
4,7,18.9,3.1,5,Cardiology,14,Tue,27.9
9,5,10.7,6.2,0,Dermatology,3,Fri,20.2
4,1,12.2,8.3,1,Pediatrics,1,Thu,65.7
12,4,22.2,8.3,2,Emergency,16,Tue,57.8
5,1,16.1,8.3,1,Cardiology,4,Mon,93.5
8,2,18.4,5.7,1,Emergency,11,Tue,72.4
12,1,6.8,6.7,0,Pediatrics,2,Wed,86.2
4,5,18.8,7.0,2,Cardiology,17,Sat,36.2
15,5,11.6,3.7,2,ENT,18,Mon,46.5
4,1,21.2,7.2,2,Cardiology,13,Mon,92.8
11,4,10.5,1.0,0,Cardiology,20,Tue,31.7
5,5,11.4,6.8,0,Pediatrics,10,Sun,19.8
4,5,11.9,5.2,0,Orthopedics,4,Sun,14.7
7,1,11.8,5.3,1,Pediatrics,3,Thu,92.3
6,3,11.9,6.5,2,Orthopedics,5,Mon,43.8
5,4,11.2,10.7,2,ENT,4,Mon,34.6
2,2,7.1,3.2,1,ENT,7,Sun,18.4
13,1,7.1,3.8,3,ENT,5,Thu,117.9
3,6,17.4,10.2,0,Orthopedics,14,Mon,25.2
5,1,18.3,4.7,5,Emergency,3,Sat,102.3
4,6,14.9,8.4,0,General Medicine,14,Thu,19.7
10,7,17.2,2.8,0,Orthopedics,8,Wed,26.2
14,2,11.7,4.1,2,General Medicine,16,Thu,94.9
9,5,13.6,7.3,1,Orthopedics,12,Tue,38.0
6,2,23.8,3.9,4,Emergency,21,Sun,73.0
8,6,17.5,5.3,1,Orthopedics,10,Sat,30.6
5,5,24.9,5.0,2,Emergency,7,Tue,18.6
5,2,12.8,1.0,2,Cardiology,14,Sat,45.5
12,5,8.1,6.5,2,ENT,15,Tue,36.6
11,7,16.6,8.5,1,Cardiology,10,Thu,40.2
6,1,11.5,1.0,2,Pediatrics,13,Sat,74.4
15,6,5.2,8.4,0,Dermatology,11,Mon,21.5
7,1,17.6,4.0,8,Emergency,7,Sat,140.9
9,1,10.1,8.2,0,Pediatrics,7,Tue,96.6
5,4,4.0,5.0,3,Dermatology,21,Fri,22.3
9,7,4.0,11.0,4,Pediatrics,16,Thu,31.9
5,4,7.7,7.8,2,Dermatology,2,Mon,23.4
7,1,16.0,2.6,1,Dermatology,23,Sat,110.6
9,6,18.3,10.4,0,Cardiology,17,Tue,38.5
6,1,6.9,6.5,3,Dermatology,1,Sun,55.7
10,3,11.3,8.5,1,Pediatrics,17,Sat,58.0
6,6,13.7,6.7,0,General Medicine,14,Tue,24.0
8,4,11.6,5.8,0,General Medicine,21,Fri,33.1
11,6,16.0,6.3,0,Cardiology,11,Wed,39.7
13,7,15.3,11.4,6,Emergency,12,Fri,57.2
5,1,14.7,3.1,0,General Medicine,7,Thu,87.0
10,3,16.6,5.7,3,Cardiology,7,Wed,77.3
6,4,10.4,8.2,0,ENT,14,Fri,20.0
6,5,13.2,4.0,1,Pediatrics,19,Tue,26.3
7,5,7.1,4.2,1,Dermatology,21,Sun,21.8
8,2,10.6,3.2,1,Orthopedics,18,Sun,42.6
10,2,7.3,5.3,1,Dermatology,14,Tue,51.9
10,2,8.5,4.3,4,ENT,12,Sat,68.1
6,1,19.5,2.6,0,Cardiology,8,Sun,122.0
13,1,8.3,10.2,0,Pediatrics,18,Mon,118.2
3,1,16.1,5.5,1,Cardiology,7,Sat,55.8
3,1,6.8,3.1,2,Dermatology,6,Sun,33.3
9,7,13.1,6.6,1,General Medicine,20,Tue,20.9
11,2,10.7,5.1,0,Dermatology,14,Fri,73.2
5,3,25.0,3.5,1,Cardiology,8,Sat,55.4
6,5,13.8,3.7,3,Dermatology,20,Wed,31.2
8,3,8.6,5.0,0,ENT,23,Tue,31.2
8,1,15.8,2.1,0,Cardiology,7,Wed,125.1
18,4,13.1,13.2,2,Orthopedics,12,Wed,84.2
13,7,5.1,8.7,3,ENT,11,Sat,23.1
12,2,12.4,13.9,1,General Medicine,16,Wed,88.6
4,5,6.0,8.3,2,ENT,22,Wed,13.2
4,6,8.7,4.8,2,General Medicine,13,Sun,20.1
2,3,5.9,1.6,1,ENT,19,Fri,7.2
3,3,11.7,6.3,0,ENT,14,Sun,18.1
5,5,11.8,8.7,1,General Medicine,21,Fri,27.5
6,5,4.0,4.0,1,Dermatology,9,Sun,16.1
8,4,17.6,10.1,2,Orthopedics,9,Tue,46.4
8,4,11.6,6.6,1,Dermatology,10,Sun,38.7
7,5,10.6,4.1,0,General Medicine,23,Sun,20.4
18,1,7.6,7.1,2,Pediatrics,14,Mon,151.4
9,3,15.4,7.0,0,Cardiology,3,Wed,56.1
9,1,10.8,4.0,0,Pediatrics,0,Wed,104.4
10,1,17.7,11.0,0,Orthopedics,12,Wed,197.5
8,2,9.5,1.3,1,ENT,19,Sat,42.5
13,5,6.0,10.0,1,Pediatrics,11,Fri,23.8
7,6,12.2,6.6,1,ENT,13,Tue,17.9
7,5,11.8,4.5,1,General Medicine,19,Fri,30.3
8,3,9.4,8.8,0,Pediatrics,12,Sun,38.7
6,4,10.3,2.2,0,ENT,21,Thu,29.0
11,2,11.1,4.8,0,Dermatology,15,Sun,53.4
14,6,6.6,9.4,0,Pediatrics,17,Fri,29.4
4,5,11.0,9.5,0,Orthopedics,18,Sun,25.4
8,6,19.9,5.5,4,Emergency,15,Sun,36.0
10,1,19.9,1.6,2,Emergency,1,Mon,192.8
10,5,11.7,5.4,1,ENT,10,Sat,32.0
7,1,21.8,9.3,1,Cardiology,3,Tue,165.9
10,7,13.5,6.0,1,Orthopedics,12,Sat,32.0
10,1,10.0,2.0,2,ENT,3,Sat,117.4
12,6,10.4,8.9,1,ENT,12,Tue,27.9
9,5,16.7,9.4,0,Orthopedics,8,Mon,39.0
6,4,7.1,4.3,2,General Medicine,0,Wed,32.9
9,1,11.6,3.9,1,Pediatrics,2,Wed,105.0
14,1,17.5,8.5,4,Emergency,12,Thu,259.0
14,1,16.7,4.7,0,Orthopedics,1,Mon,223.5
6,7,14.5,7.5,4,Cardiology,20,Mon,34.5
19,4,18.2,8.3,0,Cardiology,18,Thu,90.8
15,7,7.1,7.0,1,Dermatology,17,Sat,29.3
6,1,18.4,9.3,0,General Medicine,4,Wed,114.4
13,4,9.3,4.1,0,General Medicine,19,Wed,28.5
4,4,7.1,8.1,0,Pediatrics,15,Tue,11.5
13,7,22.4,10.8,0,Cardiology,9,Tue,51.4
9,1,11.5,3.5,0,ENT,0,Wed,105.5
17,4,18.7,11.8,0,Cardiology,12,Tue,90.1
12,3,16.4,3.5,2,Cardiology,19,Wed,79.7
12,2,16.4,3.1,5,Emergency,0,Tue,100.6
11,3,8.6,4.3,1,Pediatrics,1,Fri,43.3
10,6,7.3,7.4,1,ENT,9,Wed,20.4
7,4,15.8,5.6,1,Cardiology,12,Sat,25.7
8,3,16.3,6.8,0,Cardiology,11,Fri,50.7
15,5,6.2,10.1,0,Dermatology,10,Fri,28.4
13,4,12.8,5.7,0,Pediatrics,6,Fri,42.6
5,1,15.7,4.6,4,Emergency,1,Sun,85.4
3,4,16.1,7.4,2,Orthopedics,0,Tue,25.9
6,1,18.7,7.2,1,Cardiology,2,Sun,121.3
11,7,17.7,8.1,1,Cardiology,16,Tue,45.1
12,3,9.9,7.8,0,Dermatology,18,Mon,47.7
12,5,19.2,7.9,0,Cardiology,10,Sat,48.5
3,1,10.2,6.7,0,Pediatrics,1,Sun,32.7
14,3,15.2,9.2,1,General Medicine,9,Mon,90.1
14,1,7.5,6.1,0,Orthopedics,23,Fri,106.1
13,4,14.5,5.6,0,Dermatology,5,Thu,43.2
15,4,15.4,7.8,0,General Medicine,11,Tue,65.3
11,1,25.1,8.2,4,Emergency,12,Thu,282.9
11,1,15.3,5.8,2,Cardiology,7,Fri,179.8
11,5,12.1,10.3,0,General Medicine,10,Fri,37.4
15,6,15.8,10.7,2,Orthopedics,11,Thu,58.9
10,5,16.8,4.5,0,Cardiology,11,Sun,40.2
12,7,15.5,9.1,1,Orthopedics,17,Tue,41.9
8,7,12.7,4.6,0,General Medicine,13,Fri,30.3
15,1,5.3,5.5,1,ENT,1,Wed,94.1
5,1,11.1,4.5,1,ENT,0,Sun,64.6
9,2,13.9,10.9,1,General Medicine,9,Tue,89.5
4,4,7.9,3.9,1,Pediatrics,21,Sun,11.2
7,4,6.0,6.9,2,Pediatrics,0,Fri,38.3
10,2,9.3,3.9,1,ENT,1,Tue,70.5
2,6,5.5,4.0,0,Dermatology,16,Sat,6.8
16,5,8.8,8.5,0,Dermatology,10,Tue,32.4
4,4,17.6,12.7,6,Emergency,5,Tue,47.6
7,3,12.5,4.4,2,Dermatology,4,Wed,44.8
9,5,12.9,6.3,2,Orthopedics,15,Fri,33.2
16,2,9.3,9.8,0,General Medicine,12,Wed,91.1
12,4,9.1,6.1,3,ENT,15,Thu,45.1
7,4,15.2,4.8,4,Emergency,6,Thu,28.5
17,7,17.4,10.1,2,Emergency,12,Tue,49.3
9,1,5.0,4.2,1,Pediatrics,20,Tue,54.8
8,1,10.6,6.8,0,Pediatrics,7,Wed,85.1
6,7,14.8,7.8,0,General Medicine,9,Tue,30.5
9,5,10.7,6.2,0,General Medicine,3,Sun,27.9
6,1,21.8,2.4,0,Cardiology,15,Wed,138.5
6,1,15.4,5.8,1,Cardiology,0,Wed,109.2
5,5,13.6,3.8,0,Orthopedics,5,Fri,14.0
6,1,17.7,8.0,1,Orthopedics,17,Sat,132.8
7,1,10.1,7.7,0,Dermatology,0,Fri,87.9
12,5,19.4,1.0,0,Cardiology,23,Thu,42.0
9,3,11.3,3.8,1,Dermatology,9,Sun,37.9
9,6,19.8,8.2,2,Emergency,9,Sun,33.9
9,4,15.9,8.7,0,Orthopedics,12,Tue,42.5
9,2,8.0,7.2,2,Pediatrics,15,Tue,50.3
13,4,25.8,9.0,0,Emergency,11,Wed,94.0
2,3,7.6,4.5,1,ENT,21,Sat,11.7
3,3,14.4,6.2,0,Orthopedics,23,Sun,33.5
10,2,9.6,3.6,0,ENT,4,Fri,59.9
7,5,20.0,8.1,1,Cardiology,16,Fri,44.6
9,1,22.0,3.9,2,Emergency,7,Tue,203.6
7,1,4.0,6.5,1,Pediatrics,23,Fri,45.5
10,4,25.3,3.4,4,Emergency,6,Tue,72.1
9,4,24.8,7.8,7,Emergency,7,Thu,84.7
10,6,13.8,7.9,2,Pediatrics,17,Tue,37.7
10,4,10.4,10.0,1,Pediatrics,18,Mon,41.2
2,3,21.7,2.7,0,Cardiology,3,Sun,9.6
6,5,12.8,5.8,2,General Medicine,13,Sun,35.0
7,1,15.7,8.4,1,Orthopedics,8,Fri,120.8
13,5,20.1,7.5,1,Cardiology,14,Fri,56.6
13,2,21.6,4.2,5,Emergency,13,Tue,154.5
10,3,23.1,8.9,6,Emergency,23,Fri,95.3
2,5,4.0,5.6,0,Pediatrics,22,Sat,18.5
14,1,19.7,4.7,3,Emergency,15,Thu,284.5
3,3,8.3,9.6,1,General Medicine,16,Tue,32.4
3,4,10.8,9.1,1,Dermatology,21,Wed,17.8
5,1,5.3,2.4,1,Dermatology,4,Sat,30.3
10,4,19.2,7.2,1,Emergency,17,Tue,51.5
12,6,12.8,6.0,1,Pediatrics,18,Sun,22.3
4,1,23.9,1.4,3,Emergency,3,Sat,85.2
8,5,14.6,4.4,1,General Medicine,21,Sun,32.6
13,2,20.3,10.5,1,Cardiology,16,Thu,138.4
15,5,14.4,6.3,1,Cardiology,8,Tue,50.4
9,2,11.9,7.5,3,Orthopedics,11,Mon,78.6
10,3,8.0,10.8,0,General Medicine,11,Thu,42.0
7,5,4.8,5.7,2,Dermatology,22,Wed,20.9
9,5,15.5,4.4,2,Orthopedics,23,Mon,34.8
10,5,12.0,4.7,3,ENT,19,Sun,47.4
8,2,18.0,6.6,1,Orthopedics,15,Sun,79.3
6,1,9.4,4.8,0,Orthopedics,2,Wed,66.2
6,3,19.9,9.2,4,Emergency,21,Fri,56.4
5,4,11.2,6.2,1,General Medicine,3,Wed,38.4
11,1,4.0,6.3,1,Dermatology,4,Thu,61.2
10,3,10.5,6.2,0,Dermatology,1,Fri,42.0
8,1,17.4,4.9,1,Orthopedics,22,Wed,147.5
5,4,8.2,3.8,0,Pediatrics,11,Sat,15.9
6,1,11.1,9.9,1,General Medicine,5,Tue,84.9
7,4,20.4,3.6,2,Emergency,1,Fri,29.8
10,6,21.2,8.8,3,Emergency,9,Sun,47.2
15,6,8.1,9.8,1,Pediatrics,17,Sat,40.8
8,1,9.4,4.6,0,General Medicine,23,Mon,85.8
7,4,8.7,7.2,0,General Medicine,13,Mon,17.6
8,4,16.5,7.4,0,General Medicine,14,Fri,41.8
2,6,11.7,5.6,1,Dermatology,20,Sun,15.6
8,4,16.7,2.9,5,Emergency,21,Sat,46.8
9,1,7.3,3.4,3,Pediatrics,6,Sun,81.2
6,5,4.8,7.6,0,Dermatology,23,Tue,9.8
11,4,5.5,5.7,2,Pediatrics,12,Thu,27.9
5,1,20.9,1.0,1,Orthopedics,22,Sat,113.2
12,1,6.8,6.2,0,ENT,2,Fri,79.4
4,4,10.3,3.9,2,Dermatology,2,Sat,12.4
5,1,19.0,6.3,2,Emergency,21,Tue,92.2
11,4,11.3,7.6,0,General Medicine,16,Thu,43.7
9,2,9.1,7.6,2,Pediatrics,4,Thu,67.1
4,1,11.1,5.9,0,Pediatrics,21,Sun,53.9
3,1,14.4,6.3,0,Orthopedics,2,Tue,44.0
12,4,22.2,6.4,1,Emergency,16,Wed,62.2
10,1,11.5,8.1,1,Dermatology,4,Mon,117.9
10,3,13.1,2.5,0,Orthopedics,1,Tue,45.3
4,7,20.6,1.7,2,Emergency,19,Sun,1.3
2,6,13.1,5.7,1,Cardiology,20,Sat,13.1
7,1,16.4,3.7,1,Cardiology,2,Tue,118.6
6,1,18.1,4.5,1,Cardiology,2,Fri,130.1
9,6,9.4,6.3,1,Pediatrics,14,Fri,28.1
6,3,19.7,6.0,2,Emergency,0,Sun,34.4
16,6,13.5,10.2,1,General Medicine,17,Wed,52.1
3,3,12.2,6.8,0,Pediatrics,21,Sun,31.0
15,1,4.0,8.1,0,Pediatrics,18,Wed,75.0
6,4,10.5,2.5,1,Pediatrics,5,Sat,21.9
10,1,11.1,3.4,0,General Medicine,4,Wed,111.4
17,1,10.6,9.2,4,General Medicine,16,Fri,208.5
7,3,13.2,6.5,1,ENT,1,Wed,39.6
12,5,14.7,11.2,9,Emergency,12,Sat,76.8
13,2,11.8,10.2,1,General Medicine,10,Fri,108.6
10,6,19.3,5.6,2,Orthopedics,17,Wed,48.1
7,4,18.2,6.5,1,Cardiology,4,Sun,44.4
7,3,17.2,7.3,2,Emergency,18,Fri,34.8
16,3,8.4,6.4,2,ENT,16,Thu,69.6
7,5,13.3,8.1,0,Dermatology,5,Mon,26.7
7,1,12.5,5.9,0,ENT,8,Sun,84.4
7,3,13.4,6.4,2,Orthopedics,1,Sat,49.3
14,5,14.6,7.8,0,Pediatrics,10,Fri,50.2
6,1,21.9,8.6,3,Emergency,6,Sat,139.8
4,1,4.0,7.8,3,Dermatology,2,Fri,30.1
8,4,11.7,4.1,0,General Medicine,13,Tue,29.1
15,3,13.5,10.4,0,Dermatology,13,Tue,68.6
6,1,11.5,7.2,3,General Medicine,2,Mon,90.5
9,2,12.6,6.0,1,Dermatology,4,Mon,67.7
7,4,4.0,3.1,2,Dermatology,1,Sat,12.7
12,4,8.1,1.0,2,General Medicine,16,Sat,29.3
6,6,21.4,7.5,0,Cardiology,8,Tue,39.2
7,4,14.6,4.8,1,General Medicine,1,Fri,42.2
10,3,17.9,5.5,1,Cardiology,4,Mon,64.3
8,3,22.6,5.8,3,Emergency,23,Wed,61.9
5,1,10.2,2.5,0,General Medicine,6,Sat,54.5
7,6,11.6,7.3,4,Orthopedics,16,Sat,40.3
9,2,21.2,4.6,5,Emergency,11,Sun,109.7
7,4,14.1,2.8,3,Orthopedics,4,Wed,38.5
5,4,13.3,4.3,1,General Medicine,7,Sun,20.3
4,5,18.6,3.0,0,Cardiology,0,Sat,20.4
12,3,17.0,5.1,1,Cardiology,17,Wed,73.9
7,3,14.7,3.5,0,ENT,8,Wed,42.1
6,2,11.9,9.3,2,Orthopedics,11,Mon,58.3
6,3,20.5,4.5,4,Emergency,3,Sun,58.2
9,2,17.7,8.8,0,Cardiology,19,Tue,98.5
9,4,15.9,8.3,0,Orthopedics,5,Tue,50.2
9,5,20.1,6.9,3,Emergency,13,Wed,39.5
10,6,23.2,4.6,3,Emergency,20,Mon,36.5
11,4,18.9,5.2,0,Cardiology,17,Sat,65.0
5,6,10.0,6.9,0,General Medicine,14,Fri,19.3
6,1,5.9,8.0,0,ENT,21,Tue,40.6
3,2,15.7,7.1,0,Cardiology,4,Tue,33.2
7,3,7.6,5.1,1,Pediatrics,23,Mon,27.0
8,4,11.0,4.6,1,ENT,13,Sun,30.0
19,6,7.8,8.5,4,Dermatology,9,Thu,46.8
8,1,13.2,1.8,1,General Medicine,6,Fri,108.0
8,6,4.0,8.6,0,Dermatology,17,Tue,3.6
7,1,11.1,5.2,0,General Medicine,23,Tue,95.0
16,1,9.4,10.6,1,Dermatology,16,Thu,161.9
9,2,18.1,3.8,3,Orthopedics,0,Tue,101.9
13,6,7.5,7.0,0,General Medicine,11,Fri,15.6
6,3,24.7,8.4,4,Emergency,17,Sun,52.6
16,6,14.3,7.2,1,Pediatrics,9,Wed,45.4
9,2,12.1,7.6,0,ENT,18,Fri,57.9
11,6,13.8,7.3,0,Pediatrics,16,Sun,28.1
6,1,18.9,5.6,3,Emergency,1,Sun,111.4
4,5,5.6,8.8,0,Dermatology,13,Mon,14.9
11,4,8.3,5.3,2,Dermatology,4,Mon,27.7
8,1,18.9,5.7,0,Cardiology,11,Sun,145.1
8,6,16.1,6.0,1,Cardiology,9,Sun,33.5
10,5,10.8,4.8,3,ENT,19,Wed,36.4
7,4,12.2,6.9,0,Dermatology,20,Thu,33.8
14,7,10.7,8.3,0,Dermatology,11,Fri,26.0
15,6,12.1,6.6,1,General Medicine,12,Fri,49.8
4,3,4.0,1.0,2,ENT,15,Sat,13.1
5,7,7.4,5.7,1,General Medicine,15,Wed,12.6
8,7,14.7,5.4,2,Orthopedics,15,Sun,34.9
11,2,9.9,7.6,1,Dermatology,18,Mon,55.3
12,3,5.7,3.4,2,Pediatrics,23,Mon,41.8
6,6,8.3,7.3,2,Dermatology,19,Sun,17.7
8,1,20.1,5.3,2,Cardiology,3,Tue,166.1
4,1,9.8,8.1,0,Pediatrics,11,Sun,52.1
11,6,13.1,11.1,1,Orthopedics,11,Wed,40.1
17,1,13.6,12.0,3,Cardiology,12,Wed,249.6
12,3,10.3,8.9,2,Dermatology,12,Mon,57.4
6,3,7.0,3.4,0,ENT,17,Sun,15.2
7,7,24.9,5.2,7,Emergency,10,Wed,48.4
8,3,20.5,5.5,3,Emergency,6,Tue,57.5
14,2,9.1,12.4,1,Dermatology,10,Thu,80.3
11,4,11.5,6.1,0,ENT,20,Tue,37.3
5,2,13.9,6.9,2,Orthopedics,7,Sat,42.0
8,1,16.4,4.1,1,Orthopedics,0,Mon,145.3
11,2,10.1,8.9,1,General Medicine,23,Thu,65.6
7,3,12.6,7.3,2,Orthopedics,4,Wed,34.2
13,1,17.3,6.3,4,Emergency,14,Mon,230.5
9,7,13.5,7.9,0,Orthopedics,19,Mon,22.7
2,3,18.2,4.9,0,General Medicine,6,Thu,23.4
9,6,6.3,6.9,1,ENT,8,Wed,17.8
6,2,21.8,4.3,2,Emergency,6,Mon,63.0
3,1,19.3,4.8,2,Emergency,3,Mon,60.0
4,4,6.6,2.4,2,Pediatrics,3,Sat,17.7
6,5,20.4,2.4,0,Cardiology,4,Sat,33.4
13,2,16.5,5.5,2,Cardiology,10,Fri,128.1
7,3,8.7,10.9,1,Pediatrics,12,Sat,31.6
10,5,13.2,3.6,1,Pediatrics,0,Mon,37.0
12,7,9.2,8.1,1,Pediatrics,20,Fri,39.2
5,7,20.7,2.9,1,Emergency,16,Sat,2.1
10,1,7.9,4.8,3,Dermatology,1,Tue,85.1
14,1,7.7,5.3,0,Dermatology,20,Thu,113.5
4,5,4.0,7.0,1,Dermatology,0,Sat,6.2
6,7,22.6,6.7,3,Emergency,13,Fri,36.3
7,3,12.7,6.9,1,General Medicine,11,Tue,39.7
19,3,22.4,8.5,3,Emergency,12,Fri,143.8
3,2,12.3,6.6,0,General Medicine,22,Sat,23.2
7,1,21.2,8.1,0,Cardiology,22,Mon,166.5
9,4,9.5,4.7,1,ENT,6,Thu,23.2
11,7,19.1,3.1,1,Orthopedics,13,Thu,35.6
14,3,7.3,4.7,1,Pediatrics,23,Wed,42.1
21,2,7.6,10.4,0,Pediatrics,17,Mon,77.2
9,2,13.4,2.5,1,Dermatology,21,Mon,59.2
7,3,17.5,6.0,3,Orthopedics,10,Sat,58.8
3,3,20.6,1.8,0,Orthopedics,6,Sat,17.5
12,1,21.8,8.0,3,Emergency,12,Wed,273.0
1,4,9.2,5.2,1,Pediatrics,19,Sun,17.3
4,4,25.6,4.1,4,Emergency,22,Sun,32.3
14,1,14.5,10.4,4,Emergency,16,Fri,210.1
11,7,11.4,11.4,2,ENT,16,Fri,34.2
5,4,4.0,13.8,0,Pediatrics,12,Sun,28.0
5,1,14.5,7.8,1,Pediatrics,7,Fri,99.9
10,5,6.9,7.5,2,Pediatrics,10,Sun,36.4
9,5,8.1,5.0,0,ENT,11,Sun,23.3
9,1,7.1,7.8,2,Pediatrics,19,Tue,75.4
11,4,19.8,9.1,0,Cardiology,13,Fri,65.9
5,2,11.4,2.8,1,General Medicine,19,Sat,28.2
8,5,22.1,3.1,1,Cardiology,0,Sat,46.5
10,2,10.0,7.7,1,General Medicine,18,Wed,61.1
14,1,5.5,3.7,2,ENT,12,Sun,81.7
7,2,10.6,6.0,3,General Medicine,23,Thu,53.5
20,7,14.9,6.3,0,Pediatrics,11,Wed,52.5
15,2,13.1,8.8,0,Pediatrics,11,Tue,110.2
9,5,11.5,6.6,0,Dermatology,3,Wed,23.9
6,2,10.3,4.8,0,General Medicine,19,Sun,38.7
7,7,14.0,5.3,0,Cardiology,16,Sat,13.8
6,3,13.3,1.1,1,ENT,20,Sat,25.7
5,1,13.9,6.6,2,Cardiology,2,Sun,79.9
3,4,9.0,2.5,0,ENT,5,Tue,1.7
9,2,6.0,6.2,2,Dermatology,21,Fri,37.4
4,1,15.2,9.0,0,Orthopedics,1,Wed,62.7
8,3,4.0,6.5,1,Dermatology,12,Sat,18.8
10,2,17.6,11.6,1,Orthopedics,9,Wed,96.1
7,2,24.1,5.2,5,Emergency,22,Sat,100.0
7,4,21.1,1.4,2,Cardiology,20,Sat,48.2
4,3,4.7,6.8,1,Dermatology,21,Sat,4.3
8,1,21.3,3.0,3,Emergency,6,Sun,173.8
4,2,7.5,3.3,0,Dermatology,14,Sat,13.3
9,7,8.0,10.4,1,Dermatology,16,Wed,28.5
6,4,23.0,4.1,0,Cardiology,23,Thu,38.6
10,4,10.7,7.9,1,General Medicine,0,Thu,30.1
9,1,20.0,6.8,1,Cardiology,23,Mon,189.9
3,3,4.8,9.3,1,Pediatrics,8,Fri,18.7
16,3,20.2,8.3,0,Emergency,3,Thu,99.5
7,1,12.8,5.6,0,Pediatrics,14,Wed,99.4
9,7,9.5,8.2,2,Pediatrics,18,Mon,36.2
16,1,11.8,4.5,2,Pediatrics,3,Thu,205.8
7,1,6.6,5.5,2,ENT,0,Fri,54.4
6,4,16.6,4.2,1,Cardiology,21,Mon,36.0
4,1,19.6,5.4,2,Emergency,22,Fri,77.4
6,2,13.4,3.5,1,Orthopedics,3,Tue,43.5
6,5,12.7,4.1,1,Pediatrics,21,Tue,32.7
8,1,15.3,8.7,1,General Medicine,21,Wed,137.2
9,1,13.9,3.3,0,General Medicine,23,Wed,124.6
7,3,7.4,1.3,0,Orthopedics,5,Sun,18.1
7,1,19.0,4.5,4,Emergency,13,Mon,141.1
9,3,20.5,8.7,1,Cardiology,23,Wed,86.1
5,1,19.5,2.3,1,Emergency,21,Sat,92.4
4,3,11.3,5.4,0,General Medicine,14,Tue,17.7
8,1,14.8,4.8,0,General Medicine,4,Sun,128.1
3,1,11.0,5.3,1,Dermatology,2,Sat,39.1
6,5,13.8,4.0,2,General Medicine,6,Sun,20.0
6,2,7.5,5.0,0,General Medicine,1,Sun,20.5
6,1,11.6,7.9,3,Orthopedics,4,Mon,86.6
9,2,21.2,3.4,4,Emergency,1,Thu,94.5
8,3,4.0,4.9,1,ENT,18,Sat,14.0
4,4,16.9,4.3,3,General Medicine,14,Mon,36.8
15,2,8.4,8.3,1,Dermatology,12,Thu,77.6
1,7,5.9,8.5,1,Dermatology,19,Fri,2.2
14,6,6.4,8.2,0,Dermatology,9,Sat,19.0
18,3,23.6,8.8,3,Emergency,9,Wed,156.5
6,2,6.2,5.8,2,Pediatrics,4,Sun,38.9
12,4,14.2,13.2,4,Emergency,10,Fri,57.7
5,1,12.0,3.5,2,Orthopedics,4,Mon,69.4
6,5,8.9,4.7,1,Dermatology,14,Tue,24.4
5,2,13.8,3.7,2,ENT,23,Sun,55.1
10,5,11.7,9.8,1,Dermatology,12,Mon,43.0
8,1,7.7,7.0,2,ENT,7,Mon,76.7
14,6,9.8,6.9,0,ENT,16,Wed,29.9
8,6,10.0,4.6,0,ENT,19,Sun,12.2
12,2,8.7,10.7,2,Dermatology,11,Fri,69.4
7,2,4.0,3.6,2,Dermatology,6,Tue,18.7
11,7,11.1,9.3,0,General Medicine,17,Wed,28.6
13,1,10.4,3.0,0,Dermatology,4,Sun,119.5
10,1,23.6,3.1,2,Cardiology,23,Tue,245.2
9,4,16.2,8.0,1,Orthopedics,7,Fri,57.9
7,1,21.3,6.9,3,Cardiology,8,Thu,170.2
6,3,22.6,4.5,0,Emergency,17,Sat,19.2
9,5,18.9,6.0,2,Emergency,0,Sat,38.3
4,4,4.0,8.4,2,Dermatology,4,Sat,24.7
10,1,21.4,6.2,0,Cardiology,3,Mon,212.3
10,5,13.6,6.2,3,Dermatology,9,Thu,43.0
7,6,13.7,5.4,0,Orthopedics,13,Fri,20.7
10,1,12.6,2.1,3,ENT,4,Wed,143.2
11,6,9.5,5.8,3,ENT,8,Fri,40.4
8,6,5.9,8.2,2,Pediatrics,18,Fri,24.7
13,3,10.1,7.6,1,Pediatrics,22,Wed,57.4
3,3,10.3,4.8,1,General Medicine,0,Mon,30.9
8,2,13.3,6.0,1,General Medicine,15,Sun,88.8
5,4,19.2,2.6,0,Cardiology,0,Sat,31.9
7,3,16.1,6.1,0,Cardiology,12,Sun,46.6
9,2,6.1,3.2,0,Pediatrics,21,Wed,27.9
8,6,13.6,3.9,0,Orthopedics,19,Wed,22.5
16,1,13.6,7.6,1,ENT,5,Wed,232.1
5,1,6.5,8.1,2,Pediatrics,6,Mon,51.2
9,1,17.2,7.7,0,Orthopedics,18,Tue,150.9
9,4,16.8,7.0,0,Orthopedics,19,Wed,42.8
4,2,16.3,5.8,2,Cardiology,6,Sun,46.3
9,1,12.5,3.9,1,Orthopedics,0,Tue,119.0
16,5,9.8,9.9,3,Dermatology,10,Thu,52.6
4,1,14.9,6.0,0,Orthopedics,14,Thu,77.9
8,5,16.5,9.7,1,Cardiology,10,Wed,45.8
6,2,16.4,4.0,1,Orthopedics,22,Sun,61.0
10,7,14.9,1.7,0,Pediatrics,19,Mon,28.2
8,3,12.7,6.6,0,ENT,18,Sun,50.6
6,4,10.4,3.9,2,Pediatrics,0,Sat,45.7
9,6,4.9,5.3,0,Orthopedics,20,Wed,15.7
5,7,7.3,3.0,0,Dermatology,18,Sat,5.7
12,4,17.0,11.0,3,Emergency,9,Thu,63.6
5,4,8.4,4.3,1,ENT,14,Sun,22.2
6,6,19.0,2.0,2,Emergency,19,Mon,10.4
6,2,7.1,8.7,0,Dermatology,21,Mon,27.5
12,5,21.2,6.9,0,Cardiology,13,Thu,55.2
2,2,7.3,6.0,1,Dermatology,0,Sun,19.9
3,7,14.2,5.4,0,Orthopedics,14,Mon,31.9
4,7,19.4,6.3,0,Cardiology,16,Sat,20.9
7,1,14.8,6.3,2,Cardiology,1,Sun,124.9
10,1,19.0,6.9,1,Emergency,19,Thu,194.9
5,4,4.0,3.9,2,Dermatology,4,Sun,6.8
7,1,19.9,2.9,0,Cardiology,21,Sat,147.7
11,2,9.7,1.0,1,ENT,13,Tue,61.4
9,4,16.2,6.0,0,Pediatrics,7,Sat,35.0
9,5,4.0,7.9,1,Dermatology,1,Fri,15.0
5,1,20.9,7.5,1,Cardiology,0,Mon,102.1
12,7,12.7,11.3,1,Cardiology,17,Thu,29.2
12,7,5.0,7.1,2,Dermatology,9,Fri,12.7
4,6,4.0,3.5,2,ENT,20,Sat,6.3
6,1,12.2,3.2,0,General Medicine,5,Sat,85.8
9,1,15.8,2.1,1,Orthopedics,22,Thu,141.8
13,3,9.0,4.8,2,Pediatrics,22,Wed,54.7
10,1,4.0,6.3,1,Dermatology,2,Tue,46.0
9,6,10.4,8.1,1,General Medicine,15,Mon,28.6
11,4,10.4,7.0,1,Pediatrics,22,Fri,38.2
2,4,6.3,2.9,2,ENT,7,Sun,10.4
5,3,8.9,7.9,0,ENT,1,Mon,28.9
11,5,21.2,6.6,2,Cardiology,21,Fri,47.9
11,4,18.3,5.7,5,Emergency,11,Fri,68.3
10,1,16.7,6.4,6,Emergency,0,Tue,181.5
10,3,11.8,7.6,1,General Medicine,20,Tue,53.7
12,2,25.4,10.1,4,Emergency,16,Tue,169.9
5,1,10.5,3.7,1,ENT,1,Fri,68.9
12,2,4.5,4.2,1,ENT,6,Wed,31.4
3,3,16.1,8.4,0,General Medicine,0,Sat,23.6
8,4,7.8,4.3,0,ENT,22,Wed,11.2
9,2,7.3,6.2,0,Dermatology,0,Mon,37.6
8,7,5.1,1.0,1,ENT,19,Mon,23.3
10,7,12.4,11.7,1,General Medicine,12,Wed,32.6
5,2,12.1,7.7,0,Cardiology,13,Wed,38.1
5,5,16.6,7.7,2,Emergency,19,Sat,21.8
8,3,9.8,4.0,0,Dermatology,21,Thu,25.4
4,5,12.4,8.5,0,General Medicine,3,Tue,25.0
11,4,17.7,4.0,2,Emergency,0,Tue,46.3
1,1,19.4,9.2,5,Emergency,2,Thu,41.3
8,2,12.1,4.3,0,Pediatrics,16,Wed,50.7
9,5,9.1,8.2,1,Dermatology,13,Fri,25.8
7,1,17.0,4.4,0,Orthopedics,2,Sun,118.4
15,4,5.4,7.4,1,ENT,5,Wed,29.4
8,4,15.9,10.2,0,Cardiology,12,Thu,44.7
10,5,13.8,7.3,0,Dermatology,17,Sat,31.4
7,6,18.8,10.9,5,Emergency,8,Tue,46.0
8,3,6.6,9.8,1,Dermatology,22,Thu,30.4
9,3,20.4,7.2,1,Emergency,23,Wed,58.1
19,2,20.7,9.5,6,Emergency,18,Fri,213.9
7,6,9.0,9.4,0,General Medicine,10,Sat,22.7
9,1,4.0,9.2,0,Pediatrics,21,Mon,52.7
15,2,7.0,9.3,0,Dermatology,17,Tue,54.9
14,5,8.9,9.2,0,ENT,12,Mon,52.7
13,1,6.7,7.2,0,General Medicine,10,Mon,87.5
3,4,12.8,6.7,0,General Medicine,19,Mon,12.8
9,5,19.0,6.6,1,Cardiology,13,Fri,43.3
6,5,11.9,6.3,0,ENT,4,Sun,27.5
6,1,6.7,9.7,1,Pediatrics,23,Wed,64.7
5,4,11.1,6.8,1,Pediatrics,1,Sun,24.0
11,6,13.7,8.5,0,General Medicine,16,Sat,30.1
1,4,22.4,3.9,0,Cardiology,15,Sat,4.8
3,7,14.6,3.5,0,General Medicine,14,Sat,16.2
8,3,12.2,7.6,1,ENT,1,Tue,38.2
11,2,18.5,10.3,4,Cardiology,11,Thu,131.6
9,3,16.6,7.5,1,Cardiology,21,Thu,65.3
10,3,12.8,4.2,1,ENT,5,Fri,53.8
9,5,14.2,4.4,1,Cardiology,16,Sat,30.2
11,2,12.6,5.1,1,Dermatology,20,Mon,66.7
8,3,10.4,7.5,0,Dermatology,22,Fri,31.7
5,6,19.0,6.4,3,Emergency,12,Sat,24.2
8,2,4.0,9.2,2,Dermatology,7,Mon,27.8
12,4,17.8,7.1,0,Cardiology,16,Wed,65.7
9,1,16.1,4.4,0,Cardiology,11,Sun,149.2
9,3,5.3,5.6,1,Pediatrics,15,Mon,30.1
16,7,7.3,8.0,1,ENT,17,Tue,23.9
8,7,14.7,4.7,0,General Medicine,17,Sat,21.1
7,1,20.0,6.2,3,Emergency,5,Tue,154.5
9,5,7.3,9.3,2,Dermatology,18,Fri,23.7
5,1,7.3,1.7,2,General Medicine,13,Sun,48.7
12,3,7.5,4.8,2,Dermatology,22,Thu,38.5
7,7,16.7,7.5,0,General Medicine,15,Thu,22.6
11,3,8.1,5.5,1,Dermatology,21,Thu,40.3
4,2,10.9,4.4,0,General Medicine,23,Wed,23.0
8,1,20.2,5.3,1,Cardiology,23,Wed,178.8
14,6,12.8,6.6,3,ENT,17,Thu,54.0
6,7,12.1,7.8,1,Dermatology,14,Sun,10.5
3,1,16.0,6.0,1,Orthopedics,2,Sun,64.1
7,5,15.1,11.2,4,Emergency,9,Sun,36.2
11,4,11.0,9.2,0,Dermatology,11,Mon,29.8
8,2,8.8,8.3,0,Pediatrics,18,Wed,42.0
6,5,7.4,2.5,1,ENT,14,Sat,11.0
11,5,5.1,9.9,1,Dermatology,10,Thu,24.2
5,2,16.6,5.1,1,Orthopedics,3,Wed,63.3
14,6,10.9,7.1,1,Dermatology,17,Wed,32.7
12,7,18.0,11.6,4,Emergency,10,Mon,42.6
7,1,9.9,6.1,0,Dermatology,0,Wed,71.7
6,3,11.3,6.5,1,Dermatology,6,Wed,28.7
8,2,10.1,6.4,0,ENT,21,Wed,51.4
4,2,10.0,6.8,1,Pediatrics,2,Thu,29.6
9,3,7.5,5.5,1,Dermatology,9,Tue,10.8
11,6,13.0,6.7,0,Orthopedics,12,Tue,32.5
0,1,20.3,7.9,1,Cardiology,2,Sun,11.6
11,2,18.4,5.9,1,Orthopedics,3,Wed,105.8
5,2,15.4,6.8,2,Orthopedics,22,Tue,53.1
16,3,8.7,7.6,0,Pediatrics,14,Fri,62.7
8,1,21.5,5.3,0,Emergency,5,Thu,157.9
5,1,7.3,3.9,1,Pediatrics,4,Fri,44.3
12,2,15.8,6.3,1,General Medicine,10,Tue,103.5
8,3,23.4,4.3,5,Emergency,17,Sat,64.3
9,1,19.5,7.6,0,Cardiology,17,Tue,186.1
3,3,16.7,2.7,1,Cardiology,4,Sat,23.5
12,4,7.4,6.4,0,Dermatology,17,Wed,38.6
6,5,9.8,7.8,1,Orthopedics,21,Wed,29.4
6,5,9.7,8.9,1,General Medicine,5,Wed,31.3
6,4,10.2,4.1,3,Dermatology,0,Wed,22.2
9,2,7.7,2.6,1,Pediatrics,23,Fri,46.1
19,5,25.2,9.1,0,Cardiology,12,Thu,109.9
15,1,18.5,12.0,8,Emergency,18,Mon,294.6
8,1,17.2,3.3,6,Emergency,7,Thu,157.5
12,4,16.0,3.4,1,Orthopedics,7,Tue,55.4
5,3,9.1,1.3,0,Dermatology,5,Mon,6.4
7,1,13.1,4.7,2,ENT,5,Sat,104.7
12,4,17.2,7.0,2,Cardiology,11,Wed,64.4
8,1,9.3,7.8,0,General Medicine,2,Fri,86.0
8,6,13.3,7.4,2,Orthopedics,20,Tue,32.2
13,5,12.6,12.0,0,ENT,12,Wed,57.5
5,1,24.9,8.2,5,Emergency,21,Wed,149.8
13,7,10.2,5.8,2,General Medicine,12,Mon,35.5
9,2,7.6,3.6,0,Dermatology,7,Sun,36.8
8,3,12.1,11.3,0,Dermatology,12,Wed,51.1
9,2,22.2,3.3,3,Emergency,3,Fri,98.9
6,7,13.2,5.2,1,Orthopedics,19,Thu,20.6
11,3,8.4,9.1,2,General Medicine,17,Thu,53.5
3,1,8.0,5.9,0,Pediatrics,3,Fri,30.7
9,5,10.5,6.6,0,Dermatology,13,Thu,23.4
14,2,15.4,7.6,2,Emergency,12,Mon,108.3
6,1,9.5,4.1,1,ENT,4,Fri,60.2
9,3,10.8,6.9,1,General Medicine,2,Mon,38.7
13,1,9.7,8.6,3,General Medicine,18,Thu,155.9
7,5,16.5,10.2,2,Cardiology,6,Wed,45.7
8,2,11.5,6.8,1,ENT,12,Thu,63.8
4,3,13.5,5.9,0,General Medicine,5,Mon,19.7
6,4,12.0,3.4,0,ENT,15,Fri,24.9
8,1,15.5,6.7,4,Cardiology,1,Wed,151.6
15,1,6.9,5.6,0,General Medicine,8,Mon,106.1
10,2,12.5,7.0,1,General Medicine,13,Mon,71.9
11,3,17.9,7.6,0,Cardiology,10,Thu,83.4
6,1,6.4,2.3,1,Dermatology,14,Fri,39.3
5,3,4.0,8.6,1,Dermatology,4,Thu,20.2
9,5,20.5,8.1,0,Cardiology,10,Sat,41.7
13,4,6.1,8.2,1,Orthopedics,18,Sat,42.2
3,2,22.1,6.0,3,Emergency,8,Sun,35.0
5,2,19.9,4.4,2,Cardiology,3,Sun,62.2
6,6,16.7,5.4,1,Orthopedics,20,Sun,30.1
14,6,17.7,4.5,1,Cardiology,18,Sat,67.6
10,3,5.1,8.2,1,General Medicine,16,Thu,27.9
6,1,10.1,8.3,0,Orthopedics,19,Thu,70.9
11,4,15.4,13.1,0,Cardiology,18,Fri,65.7
15,2,25.5,9.7,2,Emergency,17,Tue,196.4
7,6,10.8,2.4,0,Dermatology,12,Fri,11.1
11,1,7.4,6.7,1,Dermatology,0,Fri,101.1
9,5,16.1,8.8,0,Cardiology,14,Thu,47.6
6,1,12.3,3.6,1,General Medicine,6,Sat,95.7
13,2,17.5,7.0,1,Orthopedics,18,Fri,122.6
9,4,20.8,8.2,3,Emergency,11,Sun,59.4
6,4,7.7,3.5,0,General Medicine,21,Sun,16.6
5,7,24.2,3.5,1,Emergency,14,Sat,10.3
6,7,10.4,2.7,1,ENT,13,Wed,16.5
13,1,8.4,2.7,0,Pediatrics,22,Tue,117.1
11,5,9.0,10.7,2,Dermatology,11,Wed,36.3
13,3,11.6,6.5,0,Dermatology,9,Fri,48.3
5,2,13.1,7.7,2,General Medicine,8,Sun,45.5
8,5,13.2,8.2,1,General Medicine,21,Sun,28.5
12,1,13.5,6.9,2,ENT,18,Fri,178.9
6,2,18.0,4.6,3,Emergency,3,Fri,60.9
8,6,9.0,7.7,2,General Medicine,11,Sun,36.4
8,7,7.6,9.1,0,ENT,8,Fri,22.9
8,4,14.5,6.3,3,General Medicine,15,Mon,50.5
8,1,11.9,4.7,0,ENT,1,Thu,108.0
18,4,9.5,8.2,0,ENT,17,Wed,44.6
12,6,9.5,9.2,1,General Medicine,17,Fri,37.6
3,2,14.3,4.9,0,ENT,5,Fri,30.5
9,4,16.5,8.4,4,Emergency,3,Wed,41.7
10,5,18.6,4.6,6,Emergency,15,Wed,41.0
13,5,9.9,6.9,0,General Medicine,6,Mon,34.0
12,3,13.2,7.5,0,Pediatrics,22,Wed,66.2
8,2,9.5,6.3,4,Pediatrics,18,Sat,53.7
5,1,22.9,5.5,1,Cardiology,22,Fri,121.8
12,4,12.4,6.3,0,Pediatrics,12,Sun,44.7
8,5,5.2,2.5,0,Dermatology,22,Sun,12.8
11,1,7.0,5.7,2,Dermatology,0,Sat,90.3
8,1,6.4,5.7,2,Dermatology,6,Tue,63.8
5,3,14.2,5.5,0,Pediatrics,0,Wed,28.8
13,5,14.5,6.8,1,General Medicine,16,Mon,59.2
10,1,15.2,12.9,1,Emergency,12,Mon,159.5
11,3,16.6,7.7,0,Orthopedics,6,Tue,66.9
6,2,8.8,3.1,1,ENT,7,Tue,31.7
12,2,16.2,7.1,1,Emergency,15,Mon,93.9
2,1,9.5,3.0,0,General Medicine,4,Sat,21.1
12,5,11.4,7.2,2,General Medicine,12,Thu,33.8
8,3,5.4,4.5,1,General Medicine,14,Fri,20.6
7,1,10.7,7.0,0,Pediatrics,5,Fri,86.0
5,4,12.3,3.9,1,General Medicine,5,Sun,19.4
5,2,7.2,5.9,1,Dermatology,8,Tue,25.0
11,4,9.1,6.6,0,ENT,14,Wed,26.4
13,3,19.3,7.9,3,Emergency,6,Wed,77.5
11,6,4.6,13.6,3,Dermatology,9,Thu,30.1
7,7,18.1,5.5,4,Emergency,13,Thu,26.9
4,1,7.7,3.4,1,Pediatrics,4,Sat,35.6
8,3,16.9,6.2,0,Orthopedics,13,Thu,46.6
8,3,4.8,7.4,2,Dermatology,3,Tue,28.6
5,3,8.3,8.2,2,Pediatrics,3,Thu,31.6
4,1,12.1,2.2,0,General Medicine,5,Sun,54.9
13,1,4.4,10.8,0,ENT,6,Fri,82.0
5,1,6.6,3.6,1,Dermatology,0,Fri,39.3
11,1,20.1,7.8,3,Emergency,23,Tue,230.0
7,4,20.5,7.5,3,Emergency,7,Mon,37.5
10,7,13.0,3.2,1,General Medicine,19,Tue,26.3
8,1,5.7,6.5,2,Dermatology,21,Mon,48.9
6,7,4.7,2.5,0,Dermatology,19,Thu,1.0
3,3,7.6,2.5,0,ENT,19,Sun,12.4
2,4,8.5,5.9,4,Dermatology,2,Thu,20.5
8,7,7.1,6.3,1,Dermatology,8,Fri,11.1
8,4,14.6,8.8,2,Cardiology,17,Sat,48.5
7,2,18.6,2.8,1,General Medicine,13,Sat,69.2
4,1,15.6,6.7,1,Cardiology,0,Fri,72.9
7,7,6.0,6.1,0,Pediatrics,13,Sat,15.0
8,6,9.9,5.9,2,General Medicine,19,Tue,25.4
11,2,14.6,6.0,1,General Medicine,19,Wed,85.8
11,6,10.7,6.1,3,ENT,9,Wed,46.4
4,1,23.4,1.0,1,Cardiology,5,Sat,110.2
8,1,15.0,4.3,1,Cardiology,7,Wed,128.9
9,3,7.1,7.0,1,Dermatology,7,Sun,27.7
8,4,21.0,8.8,2,Cardiology,8,Tue,60.8
6,1,5.9,8.5,0,ENT,7,Tue,41.1
4,4,15.5,7.0,2,General Medicine,10,Sat,38.9
8,3,8.1,5.2,1,Dermatology,0,Sat,32.6
7,1,15.6,5.2,2,Cardiology,6,Fri,120.6
11,5,4.9,5.3,0,Pediatrics,7,Wed,15.0
6,1,9.6,1.9,2,Dermatology,3,Mon,65.0
3,1,12.4,6.4,1,Dermatology,21,Wed,51.1
13,5,13.0,9.9,1,General Medicine,16,Thu,52.4
6,3,11.2,4.8,1,Pediatrics,21,Wed,35.5
5,7,12.8,6.0,0,General Medicine,13,Sun,18.9
6,1,12.8,6.7,1,Pediatrics,2,Sun,89.8
8,1,15.7,2.0,0,General Medicine,21,Sat,130.1
9,5,4.0,13.6,2,ENT,10,Mon,36.3
18,7,17.0,10.1,4,Cardiology,16,Mon,73.9
16,4,18.1,12.1,1,Emergency,9,Thu,74.9
11,5,8.6,7.6,1,Dermatology,11,Fri,41.2
11,4,7.8,11.9,3,ENT,11,Fri,38.3
5,1,19.3,7.3,1,Cardiology,6,Wed,114.8
6,1,13.0,5.4,1,General Medicine,13,Mon,85.7
9,7,6.3,6.8,1,General Medicine,17,Wed,10.4
3,3,4.0,4.2,2,ENT,0,Sat,4.9
8,4,14.3,5.8,2,General Medicine,3,Sun,42.4
8,4,9.5,4.4,1,General Medicine,20,Sun,40.6
6,3,15.2,6.2,1,Pediatrics,13,Fri,52.8
10,1,22.6,5.0,1,Emergency,23,Mon,217.3
7,2,12.6,1.6,1,Cardiology,14,Sun,46.6
9,4,6.6,6.4,1,ENT,15,Tue,24.2
11,1,15.7,4.1,2,Orthopedics,21,Tue,187.2
4,3,8.7,6.1,0,Pediatrics,15,Sun,30.5
10,5,14.5,7.7,1,Orthopedics,7,Thu,48.0
14,2,8.7,12.3,0,General Medicine,12,Tue,79.5
13,1,9.0,5.2,2,Dermatology,5,Thu,128.4
6,1,10.1,5.9,0,Pediatrics,8,Mon,56.1
10,7,17.3,6.1,1,Orthopedics,16,Wed,24.4
3,1,19.9,3.1,1,Emergency,3,Sun,47.7
17,6,7.1,9.0,1,ENT,16,Wed,27.7
4,1,18.4,4.4,2,Cardiology,14,Sun,77.0
12,1,19.1,5.2,1,Cardiology,7,Thu,245.2
10,1,8.0,4.7,0,Dermatology,1,Fri,79.4
13,5,13.7,9.5,0,Pediatrics,16,Fri,41.9
11,6,5.7,5.4,0,ENT,19,Thu,9.3
18,7,22.7,11.6,3,Emergency,17,Mon,73.8
7,1,5.3,6.8,3,ENT,10,Sun,57.2
2,6,20.0,4.9,1,Cardiology,15,Thu,7.7
10,3,4.0,11.2,1,Pediatrics,9,Fri,28.0
3,1,9.1,4.0,5,Pediatrics,8,Thu,63.4
7,3,22.9,5.2,3,Emergency,7,Fri,62.8
11,1,16.8,3.9,2,Cardiology,5,Wed,197.4
5,3,14.7,3.7,0,Orthopedics,23,Sat,31.2
7,3,15.8,8.7,1,Orthopedics,15,Tue,48.7
10,1,4.0,6.4,3,ENT,4,Fri,58.0
8,6,18.8,2.5,2,Cardiology,20,Fri,29.4
10,5,6.1,5.2,1,ENT,3,Thu,18.4
13,5,12.8,6.5,0,Pediatrics,14,Mon,44.0
7,1,8.6,6.6,2,ENT,3,Wed,84.9
5,4,18.7,5.7,1,Cardiology,8,Mon,36.3
9,4,16.3,7.5,1,Emergency,15,Thu,40.7
10,4,12.3,7.2,3,Pediatrics,23,Fri,39.0
7,4,9.8,5.7,2,Pediatrics,23,Thu,34.9
8,5,13.3,4.7,0,Cardiology,21,Sat,29.0
7,2,16.3,5.7,2,Cardiology,5,Wed,67.4
5,4,10.9,6.1,1,ENT,2,Wed,24.5
8,5,15.2,6.4,2,Orthopedics,21,Thu,48.1
6,1,22.0,8.0,4,Emergency,22,Tue,145.0
3,3,16.8,5.1,1,Cardiology,6,Sat,25.0
8,5,15.5,4.2,1,General Medicine,0,Sat,44.8
7,3,16.1,5.2,1,General Medicine,15,Wed,47.9
4,1,14.6,5.5,5,Emergency,1,Sat,79.0
3,1,13.6,6.6,1,General Medicine,0,Mon,50.5
12,1,24.4,5.8,2,Emergency,22,Tue,292.7
5,6,11.3,8.4,1,Pediatrics,11,Tue,32.4
7,2,11.7,6.1,1,General Medicine,2,Wed,46.5
9,7,10.9,4.7,0,Orthopedics,15,Tue,33.8
13,5,7.9,3.1,1,ENT,8,Thu,23.8
6,5,13.3,9.4,2,Orthopedics,12,Sat,39.3
8,1,10.5,9.2,1,Dermatology,21,Thu,97.1
14,1,11.8,6.3,1,ENT,5,Thu,170.4
5,4,14.3,7.1,3,Orthopedics,15,Mon,29.2
5,4,6.0,5.6,2,ENT,19,Tue,14.5
10,6,13.5,7.3,5,Emergency,10,Sat,35.0
4,1,16.6,4.4,2,Orthopedics,23,Sat,83.9
17,5,11.3,9.4,3,Pediatrics,10,Mon,60.2
14,3,8.6,7.1,2,Orthopedics,11,Mon,53.2
5,5,9.4,7.8,0,Dermatology,21,Sat,9.9
7,7,12.5,3.8,0,Pediatrics,15,Tue,15.8
5,1,11.6,7.7,3,Emergency,20,Fri,62.1
12,2,5.8,4.7,2,ENT,18,Sat,45.8
8,6,16.3,2.4,3,ENT,17,Sat,30.5
9,3,15.1,7.9,0,Orthopedics,5,Thu,49.8
14,1,26.7,9.4,3,Emergency,9,Wed,387.6
2,1,12.6,1.5,2,General Medicine,20,Sat,30.9
8,2,18.2,7.4,2,Orthopedics,14,Fri,94.6
4,4,14.0,3.5,1,Orthopedics,6,Sat,22.9
5,1,15.9,9.7,0,Cardiology,7,Thu,102.8
4,4,13.1,3.5,0,Cardiology,18,Sun,18.3
5,4,11.6,3.0,2,Pediatrics,4,Sat,29.5
10,1,7.4,7.7,0,Pediatrics,2,Mon,76.9
10,4,9.1,8.2,0,General Medicine,18,Wed,24.3
5,2,4.3,2.6,0,ENT,6,Sat,25.3
14,4,15.1,9.5,0,Orthopedics,18,Mon,69.6
13,6,20.2,11.3,1,Cardiology,12,Fri,53.7
10,5,8.3,6.0,0,ENT,23,Wed,27.6
6,6,8.0,8.6,0,ENT,12,Tue,22.8
9,4,22.6,4.6,1,Cardiology,20,Thu,69.9
8,3,4.1,3.4,0,ENT,20,Sun,9.9
4,5,14.4,2.0,1,ENT,5,Sun,17.0
2,3,4.9,8.5,2,ENT,23,Wed,18.5
12,5,8.6,10.5,0,ENT,17,Mon,34.6
7,1,16.1,1.7,0,Orthopedics,2,Sun,112.3
10,5,12.9,3.1,1,Pediatrics,0,Sun,37.9
7,2,4.0,7.6,2,Dermatology,6,Fri,17.7
8,1,15.5,7.4,0,Orthopedics,0,Fri,133.8
6,5,16.1,5.9,0,Cardiology,8,Thu,18.0
5,1,13.0,5.6,0,Pediatrics,23,Mon,78.6
14,2,16.1,9.1,1,Cardiology,11,Tue,126.1
6,1,12.2,5.2,1,Cardiology,0,Tue,82.3
6,3,10.1,8.5,1,ENT,11,Sun,39.4
4,1,17.9,7.5,1,Cardiology,5,Mon,85.8
11,2,20.3,6.6,3,Orthopedics,20,Thu,131.8
13,4,22.9,3.9,4,Emergency,2,Wed,76.4
17,5,15.4,7.8,1,Cardiology,18,Mon,64.4
8,2,10.9,5.1,1,Dermatology,10,Sun,43.0
11,4,8.3,5.3,2,Dermatology,0,Mon,26.2
14,1,20.1,6.7,0,Cardiology,16,Sat,292.0
12,7,17.7,9.5,3,Emergency,10,Sat,30.8
5,6,10.9,6.7,0,General Medicine,18,Sat,15.8
9,7,21.9,3.3,5,Emergency,14,Tue,38.6
7,4,10.2,7.7,0,Dermatology,18,Sun,24.2
14,6,11.7,6.4,0,Cardiology,11,Fri,21.1
10,1,9.7,7.0,0,Dermatology,0,Wed,96.7
6,2,15.5,5.2,1,Cardiology,3,Fri,61.5
11,7,10.7,10.2,0,Pediatrics,11,Wed,32.5
13,6,4.0,10.1,1,Dermatology,9,Tue,20.1
2,4,12.6,6.4,0,Pediatrics,19,Wed,10.8
9,2,17.0,7.0,1,Orthopedics,9,Thu,87.8
8,4,15.5,4.8,1,Cardiology,20,Fri,43.1
4,2,9.2,7.1,1,Dermatology,4,Tue,23.7
11,5,14.9,9.4,0,Orthopedics,9,Tue,47.1
10,7,19.8,10.0,1,Cardiology,18,Sun,50.0
4,1,7.8,6.3,1,General Medicine,2,Thu,40.9
10,3,8.4,5.8,3,General Medicine,7,Sun,50.2
9,3,9.8,8.2,0,General Medicine,18,Wed,36.2
9,5,11.8,4.3,1,General Medicine,14,Wed,28.4
13,2,24.9,11.3,2,Emergency,18,Tue,172.0
9,5,8.5,7.6,1,Dermatology,12,Thu,35.1
3,1,10.8,1.4,2,Dermatology,20,Sat,35.9
2,4,9.4,3.3,0,General Medicine,21,Thu,23.0
16,1,10.3,6.7,0,General Medicine,23,Wed,169.4
5,1,8.0,2.9,0,Pediatrics,2,Sun,49.6
4,5,17.4,3.0,2,Cardiology,14,Fri,31.7
7,1,17.0,9.8,0,Orthopedics,2,Wed,138.3
15,5,17.0,1.6,0,Cardiology,5,Mon,50.7
8,5,9.1,5.2,0,Pediatrics,7,Thu,23.9
7,5,9.7,9.2,0,Dermatology,15,Fri,20.8
14,7,13.5,6.4,1,Orthopedics,10,Sun,37.8
12,1,9.7,10.9,0,General Medicine,20,Tue,128.8
11,2,7.0,7.6,0,Dermatology,7,Tue,34.3
2,6,25.5,1.8,0,Emergency,14,Sun,1.0
8,3,14.6,10.5,2,General Medicine,18,Thu,57.2
8,2,23.7,4.9,0,Cardiology,23,Mon,99.3
10,4,4.1,5.5,0,Dermatology,5,Mon,4.5
6,7,10.2,7.0,2,ENT,17,Thu,23.3
9,5,6.9,4.7,3,Dermatology,2,Fri,26.7
12,6,14.1,7.4,2,Orthopedics,13,Tue,39.7
11,3,10.4,7.2,2,Orthopedics,9,Wed,56.6
4,1,12.9,1.0,2,ENT,23,Sat,61.5
12,6,5.1,7.1,0,Pediatrics,18,Sun,16.8
6,1,12.7,5.5,3,Pediatrics,22,Thu,98.1
6,7,7.8,7.8,1,ENT,20,Wed,25.9
15,2,6.3,7.5,0,ENT,9,Wed,53.3
8,4,9.1,11.0,1,General Medicine,17,Mon,31.3
11,5,18.2,7.4,2,Cardiology,0,Mon,60.6
4,1,13.9,5.2,1,Orthopedics,13,Sat,62.3
7,3,18.0,3.3,0,Cardiology,1,Mon,38.8
3,6,14.0,6.2,4,Emergency,17,Sat,19.7
5,1,5.8,7.8,2,General Medicine,23,Tue,43.2
12,5,14.5,7.9,3,Emergency,16,Fri,44.4
10,6,20.4,1.0,1,Cardiology,20,Sun,31.3
4,4,12.3,2.8,1,Dermatology,5,Sat,16.2
5,1,14.2,2.3,0,Orthopedics,23,Sat,73.9
6,5,17.2,4.8,1,Orthopedics,13,Tue,35.3
13,4,9.0,6.1,4,Dermatology,16,Fri,37.3
11,3,12.5,10.5,0,ENT,18,Fri,50.7
11,4,13.6,7.2,0,Pediatrics,15,Wed,53.4
8,5,5.3,4.2,1,ENT,7,Mon,16.9
5,1,8.6,3.3,0,Dermatology,14,Sun,35.0
10,5,17.6,4.3,5,Orthopedics,15,Tue,62.7
7,4,22.6,5.2,6,Emergency,20,Sun,51.7
5,4,11.3,4.3,0,ENT,11,Sun,15.0
11,7,14.9,7.3,0,Orthopedics,12,Mon,42.1
10,4,14.0,6.5,0,General Medicine,12,Sat,40.1
6,4,4.7,4.3,1,ENT,2,Fri,4.3
8,4,5.9,9.4,0,Pediatrics,2,Tue,20.9
5,4,12.5,2.8,0,Dermatology,0,Sat,9.1
7,5,21.3,7.5,2,Cardiology,15,Mon,32.5
12,1,22.7,10.8,0,Cardiology,10,Tue,289.8
2,1,9.5,1.4,1,Pediatrics,20,Sun,32.2
6,4,6.1,5.8,0,ENT,16,Sat,18.1
6,1,9.4,4.3,1,Pediatrics,3,Mon,64.6
10,1,20.8,7.8,0,Orthopedics,2,Tue,214.7
5,4,5.5,5.8,1,Dermatology,8,Tue,11.6
11,2,19.5,7.8,3,Emergency,22,Mon,118.5
7,1,23.7,9.3,3,Emergency,1,Tue,161.0
7,2,20.2,9.5,2,Emergency,4,Fri,74.9
12,4,16.8,3.9,0,Cardiology,0,Mon,61.3
8,2,12.3,6.6,1,Pediatrics,9,Wed,52.9
4,4,6.6,3.6,0,Dermatology,23,Wed,11.3
7,6,9.4,8.6,0,Dermatology,16,Sun,25.8
10,6,12.8,7.8,4,Emergency,11,Sun,28.0
6,1,4.0,5.6,1,ENT,3,Sat,26.4
6,4,11.3,7.1,1,General Medicine,8,Wed,25.6
13,7,22.0,8.2,2,Cardiology,12,Thu,60.7
8,1,17.5,6.2,0,Cardiology,6,Thu,162.3
15,4,7.8,7.0,2,Dermatology,16,Sun,36.0
11,4,15.7,4.4,2,Orthopedics,23,Sat,52.2
8,3,13.8,2.9,0,Orthopedics,4,Sun,39.4
11,1,7.2,9.2,0,General Medicine,6,Thu,90.7
6,1,10.1,1.8,0,Dermatology,3,Sun,57.4
5,4,8.8,5.5,0,Dermatology,17,Sat,2.5
8,4,13.0,9.2,1,General Medicine,11,Sat,33.7
9,1,14.7,7.9,1,Cardiology,6,Fri,150.2
8,1,22.6,3.5,0,Cardiology,5,Wed,192.5
5,5,16.7,1.6,0,Cardiology,1,Fri,10.6
19,5,24.3,6.9,4,Emergency,11,Wed,108.9
13,5,4.0,9.2,1,Pediatrics,16,Fri,11.5
11,1,13.7,6.1,0,Orthopedics,5,Tue,159.8
5,5,14.6,4.1,1,Pediatrics,0,Sat,21.5
10,3,9.6,10.2,0,Pediatrics,11,Thu,46.2
14,7,12.6,9.1,2,Emergency,16,Fri,20.9
9,7,17.1,7.9,1,Emergency,8,Tue,25.3
4,1,12.8,5.7,2,General Medicine,6,Sat,64.3
5,1,13.3,1.0,1,ENT,3,Sat,67.0
14,6,9.1,9.2,0,Pediatrics,17,Tue,29.5
10,4,13.3,5.6,0,Pediatrics,20,Wed,44.2
12,4,16.2,9.5,0,Orthopedics,18,Fri,59.5
10,3,8.8,5.8,1,Pediatrics,12,Sun,42.1
9,5,20.4,3.1,1,Cardiology,17,Sat,48.4
13,5,22.9,9.9,4,Emergency,9,Thu,68.0
8,2,8.1,7.4,0,ENT,0,Wed,37.5
7,5,5.8,1.0,2,Dermatology,8,Sun,27.8
5,1,13.1,9.8,1,Cardiology,16,Sun,73.3
5,3,13.3,6.1,1,General Medicine,15,Sun,20.5
6,3,10.3,4.2,1,General Medicine,23,Wed,24.8
7,4,11.6,3.8,0,Pediatrics,23,Thu,22.8
7,2,10.9,6.4,0,Pediatrics,5,Tue,50.1
4,3,9.1,4.5,1,Dermatology,0,Sun,12.3
3,1,7.5,5.4,0,Dermatology,6,Sun,28.6
6,3,4.2,7.0,2,Dermatology,21,Tue,16.7
5,5,10.4,7.2,1,ENT,19,Tue,26.0
12,2,20.5,3.8,0,Cardiology,2,Thu,134.1
2,1,16.0,5.7,0,ENT,3,Wed,34.9
6,7,13.2,6.7,2,Orthopedics,13,Thu,32.3
8,7,5.9,5.5,1,ENT,15,Wed,10.3
7,5,4.5,7.3,1,Dermatology,23,Fri,14.3
9,1,7.8,8.5,0,Dermatology,18,Sun,76.8
6,1,11.4,2.5,0,ENT,5,Sun,72.2
4,1,14.7,5.9,2,General Medicine,0,Thu,75.1
6,7,12.7,3.1,1,Dermatology,15,Sat,14.7
12,3,16.2,5.2,1,Orthopedics,13,Fri,56.6
7,1,4.4,2.7,1,Dermatology,22,Tue,34.0
10,7,18.7,5.0,5,Cardiology,13,Sat,42.7
17,1,13.7,14.7,1,Emergency,12,Wed,235.9
11,4,14.0,6.8,2,Orthopedics,7,Fri,59.3
4,2,18.7,8.8,7,Emergency,2,Sat,63.9
10,1,9.4,6.8,0,Dermatology,21,Sun,105.6
9,5,16.3,2.7,2,Orthopedics,19,Sun,42.8
9,1,15.8,5.0,0,Cardiology,3,Sat,143.2
13,6,15.9,10.6,1,Cardiology,16,Thu,43.0
10,5,8.2,7.5,3,Dermatology,8,Wed,39.3
8,1,10.4,7.6,1,ENT,10,Thu,89.8
5,7,10.2,4.6,1,Dermatology,20,Sun,4.6
3,6,13.5,9.3,0,Orthopedics,20,Tue,18.1
8,1,17.9,2.9,0,Cardiology,4,Thu,153.2
5,3,14.9,8.1,1,Cardiology,7,Fri,38.6
5,6,16.9,8.4,3,Emergency,19,Mon,19.0
6,2,9.2,2.6,0,Orthopedics,22,Fri,25.9
8,4,7.1,4.7,0,ENT,1,Tue,21.9
11,6,15.8,5.4,0,General Medicine,20,Tue,24.6
9,5,12.3,10.8,1,Dermatology,11,Fri,25.2
9,4,16.7,6.0,0,Orthopedics,14,Mon,39.7
10,1,18.0,4.9,0,Orthopedics,1,Tue,181.2
11,2,11.4,9.2,2,ENT,16,Thu,78.1
7,1,18.5,9.9,0,Cardiology,16,Fri,147.0
7,4,4.0,5.7,2,Dermatology,15,Mon,24.4
9,4,24.8,12.3,0,Cardiology,18,Wed,64.7
5,1,17.4,6.1,1,Cardiology,22,Wed,96.3
5,5,11.4,7.5,1,General Medicine,20,Thu,19.5
17,3,16.4,6.9,1,General Medicine,17,Wed,101.3
7,2,15.5,6.7,0,Orthopedics,23,Mon,65.2
9,6,27.6,8.0,5,Emergency,16,Thu,62.4
13,3,17.5,5.3,1,Emergency,16,Sat,78.4
8,1,12.1,9.1,1,ENT,13,Fri,111.8
23,3,8.3,7.7,2,ENT,18,Wed,69.4
5,1,15.3,5.0,1,Orthopedics,1,Thu,78.1
18,7,7.4,5.5,0,Pediatrics,12,Mon,15.0
14,1,10.1,7.2,2,General Medicine,10,Tue,164.1
3,1,18.9,2.6,0,Orthopedics,21,Thu,55.7
16,1,16.6,8.4,1,Orthopedics,1,Fri,279.4
9,1,11.3,6.7,2,Pediatrics,15,Thu,126.4
6,5,5.1,5.8,2,Pediatrics,4,Sun,14.4
7,1,7.2,6.9,1,General Medicine,21,Fri,60.6
13,5,6.2,4.1,1,ENT,20,Mon,25.3
12,2,18.8,7.6,2,Emergency,5,Thu,106.1
8,6,8.7,5.6,2,ENT,20,Fri,31.0
13,4,18.9,10.2,2,Cardiology,11,Mon,88.8
9,5,18.1,1.0,0,Orthopedics,23,Wed,37.6
8,5,19.4,3.9,1,Orthopedics,17,Sun,43.7
10,4,12.6,4.6,0,General Medicine,0,Wed,37.3
4,2,6.5,6.6,2,ENT,4,Thu,30.8
13,1,20.2,5.8,1,Cardiology,9,Tue,280.5
7,3,12.6,10.5,1,General Medicine,5,Mon,52.3
7,1,16.4,8.5,0,Orthopedics,3,Wed,127.3
6,1,13.6,6.8,2,Pediatrics,23,Sat,92.6
7,4,8.8,7.1,1,Pediatrics,20,Sun,12.2
7,4,13.4,10.1,1,ENT,10,Fri,47.4
7,5,13.7,1.9,1,Cardiology,5,Sat,35.5
4,3,11.2,6.9,0,ENT,4,Fri,19.5
5,4,7.0,5.0,0,ENT,21,Fri,21.6
3,1,20.7,5.5,4,Emergency,7,Wed,56.6
12,2,9.0,7.7,2,Dermatology,0,Mon,70.4
17,2,7.9,7.9,1,ENT,9,Wed,83.3
8,4,18.1,5.1,0,Emergency,10,Sun,23.3
11,2,15.5,7.9,2,Cardiology,14,Thu,114.2
6,3,20.9,2.6,6,Emergency,8,Sat,52.2
6,1,9.9,5.4,1,Dermatology,22,Mon,70.4
9,7,14.5,5.8,0,ENT,15,Tue,36.8
8,1,19.2,7.2,1,Emergency,23,Wed,150.7
12,7,13.4,7.5,1,Cardiology,8,Wed,41.2
4,7,9.4,2.9,1,Dermatology,15,Sun,7.5
10,2,4.8,2.7,0,Pediatrics,8,Thu,29.0
13,2,24.8,11.6,5,Emergency,16,Fri,174.3
19,2,11.3,4.5,1,ENT,17,Fri,117.3
15,4,5.0,6.8,1,Dermatology,7,Wed,26.8
8,1,13.2,4.1,0,Cardiology,22,Sun,111.6
5,1,17.4,6.5,3,Emergency,20,Tue,98.8
8,1,13.6,6.6,1,General Medicine,21,Mon,122.3
10,1,9.7,3.7,1,General Medicine,5,Sat,99.2
8,5,20.2,8.8,1,Cardiology,17,Fri,50.2
7,2,10.8,6.7,2,Dermatology,2,Tue,45.3
6,2,6.3,4.7,0,Dermatology,2,Sun,20.6
7,1,20.7,1.0,2,Cardiology,23,Tue,154.5
9,4,12.6,5.9,2,ENT,3,Tue,47.7
13,7,19.7,7.6,1,Cardiology,20,Tue,50.9
6,3,21.6,7.6,5,Emergency,10,Tue,60.9
4,2,7.3,5.1,1,ENT,7,Sat,25.6
11,1,21.1,8.0,0,Orthopedics,1,Fri,255.5
10,6,17.1,9.2,2,Emergency,16,Fri,30.4
15,5,10.7,6.5,1,General Medicine,17,Sun,40.7
7,2,22.8,6.3,6,Emergency,11,Mon,100.1
9,3,8.9,5.8,4,Pediatrics,19,Fri,47.0
11,1,14.1,7.0,1,Orthopedics,7,Mon,172.3
3,7,4.0,3.3,1,Dermatology,13,Sun,1.0
4,4,6.6,5.2,1,Dermatology,6,Fri,12.9
3,4,27.2,5.2,2,Emergency,13,Sat,22.6
10,1,6.9,6.7,2,Dermatology,3,Thu,73.7
9,2,12.8,9.9,1,ENT,11,Wed,76.1
6,3,13.5,2.9,0,Orthopedics,13,Fri,18.8
4,1,8.8,5.0,2,General Medicine,13,Sat,49.6
16,6,9.7,5.8,0,General Medicine,10,Tue,39.9
4,1,17.2,3.7,0,Orthopedics,15,Sun,68.0
6,2,5.5,10.2,0,General Medicine,12,Sat,28.2
5,1,23.1,7.1,1,Cardiology,6,Mon,123.2
4,3,9.4,4.9,0,Dermatology,5,Sun,17.6
3,3,18.9,4.3,4,Emergency,15,Tue,30.0
13,5,15.6,9.1,0,Cardiology,22,Fri,54.8
13,3,18.4,9.6,6,Emergency,18,Mon,105.0
11,4,23.5,1.4,1,Emergency,15,Tue,51.2
6,2,15.3,4.6,5,Emergency,22,Fri,55.8
9,1,17.8,6.5,0,Cardiology,21,Fri,161.5
11,5,18.4,8.5,0,Orthopedics,12,Fri,45.3
14,5,13.9,8.2,2,Emergency,2,Wed,40.7
4,2,8.1,1.9,0,Pediatrics,15,Sat,25.8
13,7,10.5,6.3,0,Orthopedics,14,Mon,21.9
11,4,8.1,2.9,2,General Medicine,6,Sat,35.9
13,5,8.6,6.3,2,Dermatology,20,Wed,27.9
10,6,10.9,4.9,2,ENT,20,Fri,25.0
6,4,10.8,4.3,0,General Medicine,7,Sun,29.7
9,3,5.5,12.0,2,Pediatrics,11,Tue,45.8
6,4,15.4,2.8,2,Cardiology,4,Wed,29.9
6,2,19.2,8.3,0,Cardiology,4,Sat,65.6
4,2,7.9,11.2,1,Dermatology,6,Sun,29.3
5,7,6.5,5.0,0,Pediatrics,8,Tue,4.6
14,1,18.5,8.8,3,Emergency,6,Thu,270.2
9,1,20.3,7.8,1,Cardiology,3,Wed,186.9
8,1,8.6,10.5,0,Dermatology,10,Thu,73.3
5,3,6.9,4.5,0,Pediatrics,14,Wed,14.7
9,1,12.8,4.1,2,General Medicine,7,Mon,130.6
10,7,10.3,5.3,1,General Medicine,12,Sun,32.7
11,1,13.1,5.1,1,Orthopedics,6,Fri,147.5
15,6,20.4,6.5,5,Emergency,16,Thu,62.9
3,2,8.7,4.4,1,General Medicine,15,Mon,25.7
10,4,13.7,8.0,0,Orthopedics,23,Mon,43.2
5,1,15.1,9.1,0,General Medicine,1,Thu,85.3
9,7,27.4,4.2,1,Emergency,20,Fri,34.0
4,1,4.0,10.9,3,ENT,8,Tue,29.7
7,1,5.4,1.3,0,Dermatology,1,Sat,32.7
18,5,12.4,6.6,0,ENT,16,Wed,52.8
8,3,5.2,2.2,5,ENT,4,Mon,36.3
4,1,7.6,2.4,2,Dermatology,4,Thu,31.5
6,1,17.4,8.3,0,General Medicine,23,Tue,119.5
7,5,17.8,5.0,2,Emergency,5,Mon,25.6
7,7,7.2,5.9,0,Dermatology,13,Mon,1.0
6,3,4.1,5.3,3,Dermatology,4,Tue,25.1
7,1,17.1,3.3,0,Orthopedics,2,Thu,122.3
9,5,4.0,1.0,0,Dermatology,0,Sun,8.6
5,1,12.9,1.4,1,Orthopedics,0,Tue,78.2
12,1,8.1,8.3,1,General Medicine,11,Mon,111.6
7,6,19.0,9.6,6,Emergency,10,Tue,38.1
12,1,15.6,3.9,2,Pediatrics,0,Wed,204.8
9,6,13.2,1.2,3,General Medicine,8,Tue,42.0
5,4,9.7,7.6,3,ENT,6,Wed,35.2
4,1,10.9,6.0,4,Pediatrics,13,Sun,66.5
9,3,19.9,2.9,3,Emergency,23,Wed,65.9
20,4,21.9,6.3,1,Cardiology,16,Fri,115.7
13,1,14.3,7.2,1,General Medicine,22,Fri,199.5
14,2,16.1,1.8,2,Emergency,4,Mon,105.2
11,4,20.9,2.9,1,Cardiology,5,Tue,68.5
13,1,10.7,11.6,0,Pediatrics,18,Wed,151.9
5,2,10.4,4.6,1,ENT,7,Thu,34.4
8,6,12.0,5.8,3,Cardiology,20,Mon,38.3
13,7,12.0,6.3,1,General Medicine,11,Fri,42.2
10,2,7.6,8.0,1,Dermatology,4,Wed,50.3
9,4,12.9,5.5,3,Orthopedics,20,Wed,52.6
4,2,12.2,7.7,1,ENT,13,Fri,44.0
6,5,15.1,2.8,3,Emergency,19,Sun,16.7
13,7,18.1,3.7,0,ENT,10,Sun,39.2
7,1,5.6,3.6,1,ENT,3,Sun,47.2
16,4,11.4,7.0,1,Pediatrics,16,Wed,58.1
7,1,10.6,4.6,0,Pediatrics,2,Mon,77.9
8,2,18.5,3.9,2,Orthopedics,15,Tue,85.8
7,1,13.0,6.1,2,Dermatology,10,Wed,99.8
13,7,16.7,10.2,1,Cardiology,18,Wed,42.9
10,3,15.5,6.6,1,Orthopedics,20,Tue,48.9
7,7,6.7,6.6,0,Dermatology,9,Tue,9.9
8,4,5.1,9.2,0,Dermatology,21,Tue,25.6
10,1,20.1,4.2,4,Emergency,2,Fri,210.2
10,1,14.9,7.3,2,Orthopedics,2,Thu,165.1
12,2,9.0,1.0,0,ENT,23,Mon,47.4
18,6,7.9,5.1,6,ENT,13,Thu,48.4
5,7,19.0,2.2,1,Cardiology,10,Sat,9.3
4,5,17.3,3.9,3,Orthopedics,3,Wed,33.0
8,2,8.4,6.5,0,General Medicine,6,Wed,36.5
8,4,11.9,9.2,0,Pediatrics,16,Tue,41.5
6,1,22.7,4.1,0,Cardiology,19,Wed,127.1
13,2,16.2,5.7,4,Emergency,21,Tue,109.7
8,2,20.5,6.6,2,Emergency,9,Sun,88.7
6,6,11.4,4.7,1,Pediatrics,10,Sun,13.1
11,1,11.4,7.0,2,ENT,3,Wed,133.3
6,2,14.7,4.1,1,General Medicine,1,Sun,49.4
5,2,12.6,4.9,0,ENT,10,Sat,30.4
8,6,15.4,9.3,1,Orthopedics,13,Mon,33.0
7,4,15.0,4.9,0,Cardiology,2,Thu,18.3
8,5,6.9,6.5,2,Dermatology,9,Fri,28.7
10,6,19.3,7.6,0,Orthopedics,15,Wed,45.9
8,3,5.4,6.9,2,Dermatology,19,Thu,22.0
11,5,19.6,1.6,1,Cardiology,22,Thu,37.5
8,5,22.5,1.7,3,Emergency,8,Fri,29.4
6,1,10.8,9.6,1,ENT,9,Wed,84.6
11,1,17.8,4.2,0,Orthopedics,20,Fri,205.1
12,6,7.9,9.3,2,Dermatology,16,Tue,25.8
4,2,14.7,3.1,0,Orthopedics,6,Sun,35.4
15,7,23.4,9.7,0,Cardiology,16,Mon,52.3
10,1,17.9,7.2,3,General Medicine,3,Mon,198.9
15,5,16.3,4.9,2,General Medicine,10,Mon,54.8
9,2,10.6,3.6,0,ENT,7,Wed,54.1
10,1,8.3,8.8,1,Pediatrics,23,Fri,94.3
3,4,20.4,4.7,3,Emergency,0,Sun,16.0
5,1,7.6,7.0,3,Dermatology,20,Thu,53.0
13,1,12.3,10.3,1,ENT,6,Tue,165.2
10,5,9.2,8.0,1,Dermatology,0,Wed,26.7
4,3,10.8,5.9,2,ENT,15,Mon,35.9
11,6,11.9,6.4,3,General Medicine,16,Thu,41.8
8,2,7.5,6.6,3,Orthopedics,3,Sat,56.1
11,2,21.9,8.5,0,Cardiology,0,Mon,128.2
6,1,19.8,4.5,6,Emergency,2,Sat,134.5
12,1,12.9,12.7,1,Pediatrics,9,Tue,176.1
9,1,17.0,6.6,1,Cardiology,3,Fri,168.4
5,1,19.9,6.4,0,Orthopedics,16,Sat,112.6
2,1,10.4,6.6,2,General Medicine,1,Sat,28.3
14,7,11.8,10.0,2,General Medicine,18,Fri,38.9
10,2,15.0,7.5,0,Orthopedics,20,Fri,87.2
14,7,7.5,4.7,0,General Medicine,17,Tue,22.8
4,1,13.2,6.7,1,General Medicine,22,Mon,64.8
10,2,17.5,5.0,0,Orthopedics,22,Wed,109.1
11,2,11.3,4.9,1,Pediatrics,1,Fri,72.3
12,6,25.0,5.5,0,Cardiology,8,Fri,58.3
10,6,9.3,4.9,2,General Medicine,18,Sat,21.3
9,1,9.8,7.4,0,Orthopedics,8,Wed,103.0
7,3,14.4,3.9,2,Cardiology,17,Sun,46.9
12,7,20.3,5.4,3,Emergency,18,Thu,38.5
7,1,12.6,5.7,0,ENT,23,Tue,106.4
6,4,20.5,6.9,3,Emergency,7,Sat,35.0
4,3,13.5,4.9,0,Orthopedics,8,Mon,30.6
11,3,22.5,5.5,2,Cardiology,0,Wed,103.6
4,1,14.7,3.6,1,Orthopedics,6,Sat,65.8
6,2,15.9,9.2,2,Emergency,6,Sat,43.1
9,4,23.0,10.9,0,Emergency,10,Tue,46.0
9,2,21.9,7.8,3,Emergency,10,Tue,111.7
7,5,8.7,5.6,3,Dermatology,20,Mon,23.5
6,1,22.9,7.4,1,Cardiology,18,Mon,142.6
7,1,17.7,10.0,0,Cardiology,17,Sat,136.7
3,3,20.8,1.1,5,Emergency,0,Sat,20.7
7,4,7.1,7.0,0,Pediatrics,11,Thu,15.2
11,5,12.9,10.8,2,Orthopedics,17,Thu,43.2
6,1,18.6,9.4,2,Emergency,5,Wed,121.6
14,1,17.1,9.0,0,Orthopedics,10,Tue,257.4
12,6,8.0,8.4,3,Pediatrics,17,Mon,29.9
6,3,17.7,6.1,1,Cardiology,19,Fri,47.9
4,3,14.3,6.1,1,Orthopedics,20,Mon,33.5
13,7,19.8,13.2,5,Emergency,10,Mon,53.5
14,7,17.7,7.2,6,Emergency,9,Sat,48.2
10,3,14.4,8.3,0,Orthopedics,9,Fri,67.7
6,3,14.5,9.8,1,Cardiology,16,Thu,37.2
9,7,19.9,10.9,2,Emergency,10,Tue,35.2
18,3,7.9,7.1,2,Dermatology,9,Tue,61.7
10,2,10.2,6.5,1,Pediatrics,4,Thu,77.2
11,1,10.7,9.0,1,ENT,11,Wed,139.1
8,5,14.4,3.7,0,ENT,5,Thu,18.1
12,2,4.0,8.2,2,ENT,12,Tue,34.5
10,1,10.9,5.0,4,General Medicine,21,Tue,126.7
16,5,12.3,8.0,3,Orthopedics,18,Mon,61.3
15,7,8.9,12.7,0,Dermatology,11,Wed,18.9
8,3,12.1,6.0,1,Pediatrics,23,Tue,45.7
7,4,11.4,6.7,1,Orthopedics,23,Tue,33.4
10,4,16.0,10.3,0,Orthopedics,10,Thu,49.6
9,4,12.6,8.9,0,Pediatrics,18,Thu,45.9
9,1,11.3,5.1,1,Pediatrics,8,Tue,115.1
8,1,14.0,9.0,1,Orthopedics,21,Fri,133.8
11,1,22.0,9.0,1,Emergency,8,Wed,257.8
8,1,11.2,7.8,0,General Medicine,6,Wed,93.8
5,2,12.7,5.8,0,Pediatrics,3,Thu,41.8
10,7,13.1,6.7,2,General Medicine,20,Mon,31.2
3,5,17.4,4.4,0,Cardiology,7,Wed,20.0
8,5,6.2,6.2,4,Pediatrics,19,Fri,31.0
5,1,8.1,3.6,3,Dermatology,2,Mon,49.4
6,3,5.8,10.6,1,ENT,12,Thu,22.0
17,7,4.7,12.3,0,Dermatology,10,Mon,24.4
7,3,8.0,6.7,1,ENT,10,Fri,40.9
9,5,17.8,9.5,1,Cardiology,4,Mon,41.2
9,2,16.4,7.3,3,Emergency,1,Tue,67.4
4,1,17.5,4.4,2,Cardiology,8,Wed,87.5
10,3,19.3,9.5,2,Emergency,11,Fri,76.5
2,7,18.2,7.3,3,Emergency,19,Sat,26.4
18,3,8.2,11.5,0,ENT,11,Thu,62.4
8,4,10.9,8.4,0,ENT,5,Mon,31.2
6,5,8.8,5.3,0,Pediatrics,6,Wed,20.6
11,1,9.7,2.3,2,Dermatology,14,Sat,107.8
7,7,8.8,9.0,2,ENT,10,Mon,23.3
9,4,23.1,4.4,2,Emergency,21,Sat,55.7
9,5,12.4,8.6,2,Pediatrics,10,Wed,32.5
9,4,7.4,4.8,2,Dermatology,13,Mon,19.3
5,3,16.0,4.0,2,Cardiology,1,Fri,30.5
9,1,11.5,7.4,0,Pediatrics,4,Mon,107.6
7,7,8.4,4.6,2,Pediatrics,20,Wed,19.8
16,2,13.3,7.6,1,Cardiology,8,Tue,117.9
14,2,17.2,8.4,1,Orthopedics,10,Fri,133.2
9,5,10.2,5.8,1,General Medicine,14,Mon,33.8
10,1,8.8,3.6,0,Orthopedics,1,Mon,91.2
12,3,8.8,9.8,2,ENT,12,Thu,50.0
9,2,17.8,3.6,0,Orthopedics,8,Sun,77.4
7,5,18.2,3.8,0,Emergency,3,Mon,12.9
7,2,7.0,8.5,2,Dermatology,10,Thu,49.1
9,6,19.5,4.6,1,Cardiology,10,Sat,40.3
7,3,18.6,2.8,3,Emergency,4,Wed,54.1
10,4,17.7,7.5,1,Cardiology,13,Thu,44.8
15,5,14.7,4.0,0,General Medicine,17,Sat,43.2
2,3,14.0,5.1,0,General Medicine,6,Sat,4.5
14,1,20.7,10.6,2,Emergency,23,Wed,294.4
2,7,15.0,2.3,4,Emergency,14,Sat,10.8
11,1,9.8,9.9,2,Dermatology,18,Fri,127.8
9,1,10.8,5.2,1,General Medicine,1,Thu,112.0
10,3,16.5,9.5,1,Orthopedics,18,Thu,76.0
4,6,7.4,1.0,2,General Medicine,8,Sun,12.8
9,4,14.8,7.1,2,General Medicine,17,Sun,46.5
3,4,7.5,4.4,0,Pediatrics,19,Sun,5.3
10,1,10.3,10.8,1,ENT,6,Fri,129.3
8,5,14.8,1.9,1,General Medicine,6,Wed,34.7
10,1,21.2,5.0,7,Emergency,1,Mon,228.4
14,1,19.2,6.9,0,Cardiology,14,Mon,276.8
10,2,10.3,8.1,1,Pediatrics,18,Sun,71.1
9,6,14.3,8.8,3,Cardiology,9,Wed,39.8
9,1,12.0,8.5,2,Dermatology,3,Mon,122.6
7,4,18.3,6.1,2,Orthopedics,7,Tue,46.2
13,4,10.9,9.3,0,General Medicine,9,Mon,54.0
10,3,4.0,2.5,2,General Medicine,21,Thu,22.5
5,4,11.0,7.2,2,Dermatology,2,Fri,29.5
10,3,6.5,9.0,0,General Medicine,8,Wed,26.7
5,4,10.6,2.2,2,ENT,15,Sat,17.3
7,1,12.8,5.1,1,Orthopedics,5,Thu,92.5
3,2,9.4,1.4,0,Dermatology,21,Sun,16.7
9,4,9.0,5.1,2,General Medicine,21,Sat,38.2
18,2,20.0,8.7,2,Emergency,9,Mon,191.6
9,1,4.0,10.6,2,ENT,17,Tue,60.5
7,1,18.0,6.1,1,Cardiology,18,Sat,138.5
13,6,10.0,8.8,0,Pediatrics,16,Thu,30.6
1,5,22.2,4.1,2,Emergency,4,Sat,8.5
2,2,13.6,6.3,2,Orthopedics,1,Wed,32.9
9,4,18.8,6.0,2,Cardiology,8,Mon,52.9
8,1,13.8,5.1,1,Orthopedics,3,Sat,117.2
6,2,11.4,7.1,1,Pediatrics,7,Sat,47.5
11,2,16.2,7.9,1,Orthopedics,15,Fri,102.6
8,4,12.6,9.5,3,Pediatrics,14,Wed,53.5
10,1,8.5,3.7,1,General Medicine,5,Mon,97.3
9,2,14.7,2.7,1,Orthopedics,0,Sat,68.9
7,5,12.9,8.2,0,General Medicine,5,Fri,21.4
8,5,20.5,7.0,1,Orthopedics,10,Fri,35.2
13,5,25.9,12.2,5,Emergency,18,Tue,87.1
4,2,5.9,3.2,1,Pediatrics,8,Sat,30.5
7,3,10.2,3.9,0,General Medicine,6,Sat,27.1
7,7,4.5,3.5,0,General Medicine,13,Sun,8.5
8,5,24.6,6.0,0,Cardiology,1,Thu,48.1
1,5,11.0,7.5,2,Pediatrics,5,Sat,19.3
12,1,19.7,8.6,2,Cardiology,0,Wed,248.0
11,2,11.1,12.9,0,General Medicine,12,Fri,72.1
13,1,15.0,13.6,2,Orthopedics,10,Fri,217.6
12,7,18.4,3.3,1,Orthopedics,13,Sat,48.9
3,4,14.9,2.2,1,Cardiology,14,Sat,25.0
12,5,14.6,9.3,1,Cardiology,9,Mon,43.4
5,3,7.3,4.9,0,Dermatology,20,Sat,21.0
4,3,18.0,1.3,1,Cardiology,22,Sat,40.0
8,1,9.7,7.6,0,Dermatology,2,Thu,84.1
9,1,18.1,3.9,1,Cardiology,22,Thu,167.6
10,2,7.5,3.4,0,Pediatrics,4,Sat,41.8
10,1,8.9,7.5,1,Pediatrics,5,Thu,111.0
12,4,15.5,9.9,0,Orthopedics,12,Wed,51.8
6,3,11.0,4.4,1,ENT,0,Sat,28.7
1,1,13.0,4.7,0,Pediatrics,8,Sat,21.0
14,4,19.2,7.3,4,Emergency,4,Tue,74.8
9,5,15.9,5.1,2,Cardiology,11,Sat,32.6
13,1,17.3,6.7,4,Emergency,19,Wed,227.0
8,1,12.5,6.0,0,ENT,22,Mon,99.0
4,4,13.7,4.5,1,Orthopedics,5,Sun,20.4
6,4,7.7,8.3,1,Pediatrics,13,Tue,36.4
12,1,8.5,9.6,0,Dermatology,11,Tue,116.8
9,5,19.8,11.8,1,Orthopedics,9,Tue,54.2
9,3,7.2,5.0,0,Pediatrics,15,Thu,31.6
6,1,21.8,5.8,2,Emergency,23,Tue,131.7
18,1,16.6,6.0,4,Cardiology,9,Tue,321.4
8,4,12.3,4.1,1,General Medicine,1,Wed,33.8
8,1,20.4,5.3,3,Cardiology,21,Tue,179.8
1,3,21.6,6.9,4,Cardiology,22,Tue,23.9
8,2,18.4,3.2,1,Emergency,7,Sun,66.7
17,1,11.3,6.8,0,ENT,12,Fri,194.7
7,1,10.7,6.7,2,Pediatrics,20,Mon,87.9
8,1,11.2,5.7,4,Pediatrics,12,Mon,115.2
5,1,12.7,3.0,0,ENT,11,Sat,57.6
7,1,9.9,4.4,1,General Medicine,22,Tue,71.6
7,1,17.3,6.8,1,Orthopedics,19,Tue,133.4
8,7,12.5,7.3,0,General Medicine,12,Fri,15.8
4,5,15.6,4.4,4,General Medicine,3,Sat,29.8
15,3,21.2,10.5,4,Emergency,10,Wed,124.9
5,1,11.5,7.2,1,General Medicine,16,Sat,68.7
8,2,14.6,9.5,2,General Medicine,6,Wed,73.3
14,5,18.3,9.3,4,Emergency,12,Mon,68.1
6,4,8.8,7.0,0,Pediatrics,15,Sat,11.2
7,1,5.7,5.4,2,Dermatology,2,Sun,41.0
5,4,10.1,3.4,1,General Medicine,13,Sun,12.5
21,1,4.0,7.1,0,Pediatrics,17,Mon,88.4
8,1,10.5,6.3,0,General Medicine,5,Thu,81.9
11,1,8.8,3.4,3,ENT,13,Fri,123.7
16,3,11.3,8.6,2,ENT,17,Mon,62.8
7,1,15.2,3.9,0,Cardiology,1,Sun,113.8
12,2,8.5,8.4,0,Pediatrics,15,Mon,58.6
7,1,11.5,4.6,0,General Medicine,6,Tue,86.1
7,2,20.3,7.2,0,Cardiology,9,Sun,76.2
8,2,10.5,4.1,1,Pediatrics,15,Thu,49.6
3,3,10.1,7.7,1,ENT,0,Fri,17.4
8,1,11.6,9.0,1,ENT,0,Thu,115.1
8,5,9.5,4.6,3,Dermatology,10,Sat,19.9
9,2,16.2,6.3,1,Cardiology,22,Mon,83.4
9,1,17.1,11.2,4,General Medicine,0,Fri,197.9
11,2,4.3,7.5,2,Pediatrics,18,Mon,45.3
8,1,10.7,3.1,0,Dermatology,1,Tue,76.8
9,7,19.3,9.5,0,Cardiology,11,Thu,43.8
11,6,12.7,6.9,1,ENT,10,Thu,37.5
10,5,17.3,9.7,3,Cardiology,11,Tue,55.6
2,1,8.5,5.9,1,Pediatrics,1,Sat,32.9
15,4,16.7,7.0,3,Emergency,18,Wed,75.9
6,2,4.8,1.3,1,Dermatology,6,Sun,10.5
18,7,19.5,11.1,4,Emergency,18,Mon,61.6
10,4,5.5,9.5,3,Dermatology,15,Tue,29.0
6,1,12.9,5.4,1,Orthopedics,13,Wed,91.0
12,3,6.8,8.8,1,Pediatrics,7,Fri,47.1
11,4,13.1,9.5,1,Pediatrics,15,Wed,55.3
6,4,17.8,7.4,2,Emergency,23,Tue,22.8
11,5,19.2,6.3,0,Cardiology,22,Thu,61.1
10,5,17.6,5.6,1,Cardiology,21,Sun,40.9
11,3,21.0,7.7,2,Emergency,5,Mon,81.0
5,2,8.2,1.5,1,ENT,14,Tue,25.3
15,4,22.3,8.8,4,Emergency,9,Thu,88.9
7,1,21.8,1.6,0,Emergency,23,Sat,141.2
4,3,15.6,4.2,1,General Medicine,22,Mon,30.3
6,4,13.0,6.6,0,Orthopedics,20,Tue,31.7
8,4,5.5,5.8,1,Dermatology,3,Tue,16.7
8,1,6.8,6.1,1,Dermatology,7,Fri,62.3
13,6,10.3,8.7,3,Pediatrics,17,Mon,55.7
12,4,16.6,8.6,0,Orthopedics,17,Fri,59.0
5,4,16.1,6.0,1,Cardiology,8,Wed,21.5
7,4,8.6,9.1,0,Dermatology,3,Wed,26.6
6,1,11.5,5.5,2,General Medicine,3,Sun,88.5
6,3,8.2,4.4,1,ENT,16,Sat,17.3
6,4,15.0,5.4,0,Orthopedics,10,Sat,21.6
3,4,14.5,7.7,2,Pediatrics,11,Sun,25.1
13,1,20.4,5.5,0,Cardiology,19,Tue,265.8
5,1,18.1,5.2,1,Orthopedics,0,Sat,98.9
17,4,10.1,9.0,1,ENT,18,Tue,55.8
5,4,20.3,6.4,3,Orthopedics,6,Wed,44.5
7,1,10.7,8.6,0,Dermatology,22,Thu,87.6
3,2,7.7,5.0,1,General Medicine,22,Sat,34.2
11,6,22.2,12.9,4,Emergency,12,Fri,49.6
6,1,13.0,4.7,0,General Medicine,7,Thu,84.4
11,5,9.9,4.2,2,Dermatology,5,Wed,36.3
4,2,10.5,6.8,1,Orthopedics,4,Fri,40.6
5,3,10.6,5.6,1,Orthopedics,23,Thu,19.7
7,1,11.7,6.3,1,General Medicine,4,Thu,93.5
6,7,4.0,9.7,2,ENT,10,Fri,28.6
12,4,12.1,6.4,2,Pediatrics,11,Fri,47.0
10,4,9.4,4.6,2,ENT,16,Wed,33.5
9,2,13.8,7.4,0,Dermatology,20,Mon,71.8
6,6,9.1,3.1,0,Dermatology,13,Wed,5.1
17,3,11.1,8.0,3,ENT,18,Wed,88.0
13,7,16.7,5.7,0,Orthopedics,13,Tue,48.1
9,1,8.2,8.8,1,Dermatology,10,Tue,85.1
6,5,8.4,5.8,1,Dermatology,3,Sun,13.9
8,1,14.8,7.3,1,Orthopedics,5,Tue,135.4
5,1,4.8,6.8,0,General Medicine,10,Sat,34.9
4,1,23.4,7.1,5,Emergency,1,Mon,104.1
9,1,13.4,2.1,0,Pediatrics,7,Sun,123.7
7,6,11.6,7.5,1,ENT,11,Tue,31.3
10,7,10.3,16.2,1,Pediatrics,11,Wed,39.7
9,5,11.6,4.5,0,General Medicine,19,Sat,21.0
9,3,4.6,7.8,2,Dermatology,23,Tue,31.0
20,1,6.2,6.7,0,Pediatrics,17,Thu,131.7
8,1,7.2,5.7,2,ENT,1,Sat,70.7
17,5,9.6,8.5,1,ENT,9,Mon,37.1
11,5,13.1,7.9,0,General Medicine,17,Mon,46.5
5,4,8.5,7.7,1,Pediatrics,14,Sat,27.1
16,6,4.1,12.1,0,Dermatology,10,Tue,18.1
3,3,16.0,6.2,1,Cardiology,10,Sun,31.3
7,7,11.6,6.8,1,General Medicine,9,Sun,30.5
5,1,15.3,3.4,6,Emergency,13,Sun,95.0
3,5,10.5,1.9,0,Pediatrics,4,Sun,6.6
7,5,16.8,6.5,2,General Medicine,12,Sat,33.7
12,5,17.6,6.5,5,Emergency,4,Wed,51.7
14,2,18.4,8.4,0,General Medicine,16,Sun,140.7
5,1,15.9,7.2,1,Cardiology,20,Wed,84.3
6,2,19.3,7.0,5,Emergency,12,Fri,82.3
8,5,10.4,4.9,3,ENT,9,Mon,36.6
7,4,8.9,3.6,0,ENT,22,Sun,26.3
5,6,9.9,3.4,0,Orthopedics,15,Fri,7.1
5,1,12.8,6.1,1,General Medicine,10,Sun,76.0
12,2,9.2,6.9,0,ENT,0,Wed,60.2
7,4,19.2,6.7,7,Emergency,0,Wed,43.8
9,4,12.2,5.1,2,General Medicine,5,Thu,45.3
8,1,21.3,5.0,3,Emergency,5,Sun,181.3
15,3,12.3,11.8,0,Orthopedics,17,Thu,90.2
10,2,19.6,7.1,2,Cardiology,12,Sat,116.4
8,1,8.2,6.8,1,Pediatrics,23,Tue,75.0
7,4,13.6,5.3,2,ENT,12,Sat,43.6
6,2,13.1,4.6,2,Pediatrics,21,Sat,48.6
3,2,7.0,7.3,3,Pediatrics,13,Sun,27.8
7,1,11.7,5.9,0,Dermatology,8,Mon,83.5
12,6,13.2,8.4,0,General Medicine,17,Wed,31.0
12,6,19.6,11.5,0,Cardiology,10,Mon,47.7
8,1,8.5,5.7,1,ENT,6,Wed,87.7
8,5,11.0,7.6,1,General Medicine,11,Sat,25.4
7,5,14.2,6.5,1,Orthopedics,15,Fri,35.1
3,4,12.1,7.4,2,Orthopedics,9,Sat,21.0
5,6,4.0,8.1,2,ENT,16,Sat,20.1
7,3,18.1,6.8,0,Emergency,23,Sun,37.6
3,2,6.1,8.5,1,Dermatology,9,Sun,19.0
7,1,6.7,9.0,4,Pediatrics,7,Fri,68.9
8,6,13.7,5.9,0,General Medicine,9,Sun,30.8
4,7,12.7,3.7,1,General Medicine,20,Mon,16.4
7,2,7.2,4.0,2,ENT,4,Sat,27.8
7,1,9.1,11.9,3,Pediatrics,23,Thu,95.2
7,7,10.7,6.2,1,Pediatrics,9,Sun,22.6
7,2,5.8,2.4,0,Dermatology,20,Thu,17.3
11,3,12.3,14.4,3,Emergency,18,Tue,61.1
3,6,11.6,6.8,2,Dermatology,18,Sat,6.9
2,1,9.7,2.6,0,Pediatrics,21,Sun,17.6
10,3,9.8,3.8,0,ENT,4,Mon,38.3
13,7,9.5,6.4,2,ENT,14,Mon,27.4
8,5,5.7,7.6,0,Pediatrics,2,Fri,22.4
9,3,15.9,7.5,0,Cardiology,7,Thu,49.1
13,1,18.0,7.9,1,Cardiology,0,Thu,246.0
11,6,14.4,6.2,3,Orthopedics,16,Mon,54.0
12,7,4.6,3.8,2,Dermatology,14,Fri,10.2
13,3,10.0,9.1,2,ENT,17,Thu,62.5
8,4,19.7,6.6,0,Cardiology,4,Sat,41.8
5,2,6.9,5.3,0,Dermatology,7,Wed,9.2
13,7,11.0,4.6,2,Dermatology,16,Wed,32.6
8,7,19.6,7.8,0,Cardiology,19,Mon,31.5
11,3,11.2,1.0,0,Pediatrics,21,Thu,42.5
8,2,6.5,5.1,0,Dermatology,1,Fri,28.9
13,6,7.5,10.7,0,Dermatology,9,Tue,19.1
12,4,22.5,5.8,7,Emergency,0,Sat,80.3
6,2,5.7,1.0,0,Pediatrics,19,Sun,19.3
8,5,10.8,7.9,0,Orthopedics,2,Tue,35.8
10,5,18.8,8.9,3,Emergency,19,Fri,47.1
9,4,17.9,7.4,1,Cardiology,3,Fri,44.8
6,1,19.7,5.6,3,Emergency,0,Mon,139.7
7,4,13.6,7.1,0,General Medicine,21,Tue,24.8
10,2,12.7,7.7,0,General Medicine,10,Wed,61.8
11,1,8.1,11.3,0,Dermatology,10,Mon,107.8
4,6,14.1,9.2,1,Orthopedics,15,Wed,19.5
7,1,20.5,5.3,0,Cardiology,6,Tue,146.5
5,3,18.6,8.0,2,Orthopedics,16,Sun,55.6
15,6,14.1,11.2,0,Orthopedics,10,Fri,58.7
9,1,21.2,5.7,2,Emergency,6,Wed,189.2
9,7,11.2,1.9,0,General Medicine,9,Sat,21.1
12,2,4.4,6.4,0,Dermatology,0,Mon,39.8
3,2,15.0,1.0,2,Emergency,7,Fri,9.6
6,5,12.5,9.4,0,ENT,14,Fri,28.0
3,4,17.4,5.5,1,Orthopedics,3,Sat,21.4
6,3,11.2,5.6,0,Pediatrics,2,Tue,21.9
5,1,12.0,8.0,0,ENT,15,Fri,75.2
10,2,15.6,4.1,1,Cardiology,10,Sat,94.0
4,1,12.7,6.6,1,Pediatrics,3,Sat,66.5
10,4,16.0,9.6,1,Orthopedics,17,Tue,59.1
7,1,18.7,6.9,1,Emergency,18,Sun,126.6
9,5,4.0,5.3,0,Pediatrics,0,Tue,15.4
9,1,5.7,5.5,0,Pediatrics,4,Wed,61.3
7,5,14.2,7.2,1,ENT,8,Tue,46.5
10,1,15.1,7.2,0,Pediatrics,17,Tue,149.6
5,5,15.7,3.5,2,Emergency,1,Tue,9.3
6,1,14.0,8.2,2,Emergency,19,Mon,85.7
6,3,23.9,5.3,2,Emergency,7,Sat,50.0
4,3,19.8,4.1,2,Emergency,3,Fri,33.2
9,4,7.8,6.2,3,Pediatrics,20,Wed,43.2
7,2,6.3,6.1,0,Pediatrics,2,Thu,27.6
6,5,11.3,4.6,1,Orthopedics,3,Fri,26.9
12,2,21.9,6.4,0,Cardiology,22,Tue,138.5
16,2,20.7,8.9,2,Emergency,12,Wed,171.3
10,3,4.0,8.1,2,Dermatology,11,Sun,32.3
22,5,6.9,9.8,2,ENT,16,Mon,34.2
7,3,24.7,3.1,8,Emergency,15,Sun,76.9
4,3,9.9,3.1,0,ENT,14,Sun,11.0
7,1,10.8,6.9,0,Orthopedics,0,Tue,78.6
9,2,13.1,2.4,1,Orthopedics,13,Wed,61.9
3,3,17.7,3.7,1,Cardiology,6,Tue,14.9
13,6,14.8,5.6,0,General Medicine,19,Thu,46.6
12,1,7.7,8.7,2,Dermatology,12,Tue,121.3
5,1,13.1,6.2,1,ENT,2,Sat,78.2
8,5,8.8,3.2,0,Dermatology,21,Wed,22.6
6,1,11.1,3.3,0,Cardiology,6,Sun,66.8
7,1,9.6,4.2,0,Dermatology,6,Sat,75.3
10,2,19.5,5.4,3,Emergency,22,Wed,97.9
11,2,16.5,7.5,0,Cardiology,18,Fri,96.2
7,7,19.2,4.7,0,Cardiology,20,Mon,25.8
7,2,11.3,6.5,1,General Medicine,15,Mon,62.1
6,3,8.6,5.5,1,Dermatology,21,Thu,29.7
3,1,18.4,5.2,6,Emergency,2,Thu,79.4
6,7,7.3,3.6,1,ENT,14,Wed,6.1
5,1,23.3,10.6,5,Emergency,7,Mon,127.7
12,6,20.3,6.6,3,Emergency,9,Sat,42.7
12,5,9.2,9.2,0,Dermatology,5,Wed,37.0
5,2,16.3,5.4,0,Cardiology,4,Thu,51.4
14,1,15.2,9.2,1,General Medicine,10,Wed,217.1
13,1,12.6,7.0,3,General Medicine,22,Thu,182.8
9,4,9.0,5.8,1,Pediatrics,15,Fri,27.1
2,1,21.8,4.4,1,Cardiology,8,Sat,52.1
18,3,7.0,9.5,0,Dermatology,10,Thu,61.9
14,4,18.5,8.6,3,Cardiology,12,Tue,86.0
10,4,8.4,4.0,0,General Medicine,5,Sun,23.4
9,2,8.1,11.1,0,Pediatrics,12,Tue,42.8
10,5,22.3,7.1,4,Emergency,16,Mon,59.2
8,3,19.8,9.5,4,Emergency,5,Mon,64.6
4,1,15.3,5.4,3,Orthopedics,14,Sat,74.4
14,4,7.7,8.4,1,Dermatology,17,Wed,40.1
11,1,7.9,10.8,0,Dermatology,12,Mon,92.2
11,4,18.4,5.9,1,Emergency,7,Sat,45.4
12,5,18.6,6.7,2,Emergency,13,Wed,39.5
7,4,8.1,4.0,0,ENT,19,Sun,7.4
7,3,14.1,1.0,2,Orthopedics,5,Sun,47.0
6,7,10.4,4.6,2,ENT,13,Mon,24.9
7,5,16.3,9.2,1,Orthopedics,16,Fri,39.6
8,1,19.0,7.0,0,Orthopedics,7,Fri,159.2
14,5,11.1,9.2,1,ENT,9,Tue,42.6
6,4,15.3,6.9,0,Cardiology,21,Wed,31.8
10,6,7.0,5.5,1,ENT,8,Thu,26.4
3,4,17.8,7.3,3,Orthopedics,14,Tue,36.4
8,1,17.0,8.6,0,Orthopedics,3,Sat,141.9
5,2,15.1,6.4,1,General Medicine,22,Tue,55.2
4,3,9.0,4.0,1,ENT,14,Sun,21.1
8,2,8.2,6.3,0,ENT,18,Sat,40.7
5,6,21.0,7.7,2,Emergency,14,Fri,16.4
9,7,13.9,6.0,0,Cardiology,8,Mon,22.2
10,3,17.4,7.6,2,Cardiology,8,Mon,76.4
14,5,17.9,10.9,1,General Medicine,16,Tue,59.1
11,7,9.0,9.6,1,Pediatrics,20,Thu,27.2
4,1,15.0,5.2,1,Orthopedics,3,Sat,66.8
9,6,14.4,6.3,1,Orthopedics,20,Tue,31.9
9,6,19.5,6.8,2,Orthopedics,19,Fri,47.0
7,3,11.4,6.1,2,Orthopedics,2,Mon,33.6
7,2,10.0,6.4,0,Dermatology,2,Tue,47.9
9,7,10.8,11.8,0,General Medicine,16,Fri,27.9
4,3,13.1,3.3,0,Orthopedics,20,Sat,24.8
12,6,5.0,3.7,1,Pediatrics,9,Sat,24.1
9,2,20.1,6.3,2,Orthopedics,15,Thu,117.2
5,1,11.2,6.4,0,ENT,23,Mon,64.6
8,4,8.0,8.0,0,General Medicine,7,Wed,20.3
3,2,11.2,4.0,0,Orthopedics,5,Sat,14.0
6,3,10.1,5.2,1,General Medicine,23,Mon,33.0
4,1,21.5,4.8,2,Emergency,6,Fri,82.7
16,4,7.6,7.8,2,Dermatology,11,Fri,52.6
7,3,7.3,4.7,0,Pediatrics,10,Sat,18.3
8,5,9.8,6.6,0,Pediatrics,12,Tue,17.6
10,1,15.8,1.7,1,General Medicine,6,Tue,157.7
10,2,19.8,10.7,1,Cardiology,16,Tue,129.8
9,2,4.0,9.4,0,Dermatology,16,Wed,34.0
6,3,5.8,10.2,0,ENT,4,Thu,17.9
18,4,19.6,6.1,3,Emergency,11,Mon,90.5
7,5,15.4,9.9,0,Orthopedics,1,Thu,31.2
6,4,13.9,5.7,0,Pediatrics,5,Tue,17.2
6,1,18.0,2.8,1,Cardiology,23,Thu,114.5
18,2,11.6,5.0,0,Pediatrics,12,Wed,114.6
3,2,13.4,3.1,4,Emergency,14,Sun,25.4
5,1,8.8,7.8,1,Pediatrics,21,Wed,55.9
9,6,20.1,6.8,2,Cardiology,17,Sun,44.0
10,5,23.7,5.3,1,Cardiology,19,Tue,55.2
11,2,8.0,11.3,1,General Medicine,17,Mon,62.6
10,5,17.5,9.2,0,Cardiology,11,Tue,54.7
8,2,12.7,2.8,0,Cardiology,15,Wed,52.1
8,1,9.4,6.8,1,Pediatrics,6,Sun,82.7
8,1,15.1,3.9,2,General Medicine,21,Tue,128.3
5,1,14.8,2.1,1,General Medicine,4,Sat,91.6
5,4,11.9,5.6,1,General Medicine,21,Fri,36.6
7,2,17.2,6.7,1,Cardiology,21,Wed,72.1
5,3,19.8,4.7,0,General Medicine,3,Wed,39.4
5,6,19.3,2.8,4,Emergency,17,Sun,19.0
2,4,8.3,3.0,0,Pediatrics,23,Sat,1.1
12,2,7.3,8.0,2,ENT,13,Tue,61.3
1,3,4.6,4.2,2,ENT,8,Sun,5.8
4,5,19.3,8.2,0,Cardiology,21,Wed,20.5
11,4,21.9,10.0,5,Emergency,12,Mon,74.4
5,5,13.8,3.1,2,General Medicine,2,Sat,32.0
6,2,12.3,2.8,1,Pediatrics,5,Sun,44.7
17,5,8.2,9.4,2,Pediatrics,16,Thu,41.3
9,5,11.5,9.4,1,General Medicine,10,Fri,42.5
10,5,18.5,6.2,1,Orthopedics,5,Tue,47.6
7,5,13.6,4.6,0,Orthopedics,19,Sat,18.6
5,1,6.3,5.7,2,Dermatology,2,Wed,45.2
11,2,18.0,5.8,0,Orthopedics,5,Tue,106.8
14,4,17.6,7.4,6,Emergency,11,Thu,66.1
5,1,4.6,3.9,2,Dermatology,0,Tue,31.4
14,5,16.8,10.5,4,Emergency,9,Fri,56.6
10,1,20.1,2.2,1,General Medicine,21,Sat,202.7
5,1,23.0,2.2,4,Emergency,22,Wed,116.9
4,3,10.9,3.5,0,ENT,20,Sat,7.7
6,4,17.2,6.6,1,Emergency,7,Thu,21.2
6,4,16.5,3.9,0,Orthopedics,1,Sun,31.0
4,7,25.1,3.6,2,Emergency,19,Tue,6.7
7,7,10.1,8.2,1,ENT,8,Fri,22.2
8,4,8.7,9.5,1,General Medicine,17,Thu,33.0
5,2,16.6,6.5,0,Orthopedics,2,Sun,52.1
12,2,11.5,8.9,1,General Medicine,16,Tue,87.5
7,7,20.4,7.0,4,Emergency,14,Tue,26.1
2,1,12.1,1.9,1,Orthopedics,22,Sun,28.9
7,5,7.7,1.0,0,Pediatrics,2,Sun,2.8
10,2,16.6,6.4,2,Cardiology,9,Sat,94.6
8,5,12.7,3.3,2,Orthopedics,23,Thu,40.1
8,2,11.8,10.7,0,General Medicine,9,Wed,54.3
10,6,5.9,7.9,2,Dermatology,15,Fri,29.4
12,5,12.9,4.8,1,Dermatology,3,Sat,29.0
8,6,9.5,7.3,2,Dermatology,17,Tue,28.6
7,1,11.3,6.0,1,ENT,6,Mon,91.5
6,7,14.6,7.1,1,Orthopedics,13,Mon,35.0
7,5,12.0,6.8,0,Cardiology,21,Wed,10.3
6,5,20.5,4.2,0,Cardiology,15,Fri,24.8
10,6,9.7,5.2,1,Pediatrics,11,Thu,36.4
6,2,13.2,6.8,1,General Medicine,4,Fri,52.4
4,6,9.8,6.0,1,Pediatrics,8,Thu,20.9
8,7,11.3,7.1,4,Cardiology,20,Tue,32.4
9,3,8.7,4.2,1,Pediatrics,5,Sat,28.7
4,2,9.5,3.9,1,General Medicine,15,Sat,34.9
7,1,8.6,5.9,0,Dermatology,11,Sun,62.1
7,3,16.4,3.6,1,Orthopedics,7,Sat,66.0
13,6,15.5,13.8,2,ENT,17,Wed,59.0
9,6,19.4,5.5,2,Cardiology,8,Fri,48.4
11,1,6.3,5.3,2,Dermatology,6,Wed,85.3
4,6,6.7,7.7,2,Dermatology,12,Sun,19.7
7,1,16.5,9.9,0,Orthopedics,18,Fri,132.6
11,6,10.5,4.4,1,Dermatology,20,Sat,31.5
13,6,11.3,4.3,1,Orthopedics,15,Tue,33.3
8,2,7.3,3.4,1,Dermatology,15,Mon,28.7
7,3,14.5,8.9,3,Orthopedics,18,Mon,62.5
11,4,7.2,5.6,0,General Medicine,6,Thu,36.2
2,3,10.2,3.2,3,Dermatology,6,Sun,13.3
11,4,12.7,10.6,1,General Medicine,11,Fri,61.7
6,2,7.4,6.0,0,Dermatology,15,Sat,17.6
12,6,12.7,8.3,2,General Medicine,15,Thu,43.8
5,1,12.0,2.1,0,Pediatrics,3,Sun,53.2
7,4,14.8,8.4,0,ENT,18,Sun,24.8
8,4,22.0,2.2,5,Emergency,8,Tue,50.2
8,4,11.6,4.1,3,Orthopedics,21,Sun,43.0
9,1,20.5,10.7,0,General Medicine,17,Mon,196.4
8,1,6.6,3.9,2,Pediatrics,23,Fri,77.0
12,5,21.2,3.3,6,Emergency,15,Thu,56.5
13,3,7.4,8.9,2,Dermatology,12,Wed,45.6
11,1,11.6,7.5,2,General Medicine,4,Sun,140.7
14,6,16.1,12.4,1,Orthopedics,9,Fri,54.0
8,4,11.4,8.3,2,Pediatrics,20,Mon,36.9
13,5,14.1,7.0,2,Pediatrics,9,Mon,50.7
4,1,6.0,6.0,1,Dermatology,1,Mon,29.4
7,1,10.2,10.5,1,ENT,5,Wed,80.3
9,3,11.8,7.8,1,Pediatrics,14,Mon,55.0
3,7,16.1,2.9,2,ENT,15,Tue,25.7
7,4,16.5,5.8,2,Orthopedics,23,Sat,44.6
1,5,8.5,2.7,0,General Medicine,22,Sun,3.8
10,4,22.1,5.7,0,Cardiology,12,Sat,60.5
5,7,8.7,7.5,0,Pediatrics,13,Thu,20.9
2,2,7.4,5.3,1,Pediatrics,19,Fri,11.7
2,3,24.0,3.2,4,Emergency,1,Sun,24.1
6,3,9.4,8.2,1,ENT,14,Mon,30.3
9,2,11.4,7.8,0,General Medicine,11,Sun,58.0
10,3,13.1,7.0,2,Dermatology,18,Sat,54.1
8,5,7.5,10.2,0,ENT,19,Wed,25.1
6,4,18.4,6.4,3,Emergency,15,Thu,23.7
6,7,9.5,6.7,0,Dermatology,15,Thu,5.4
16,5,8.2,8.4,0,Orthopedics,16,Tue,32.6
7,4,18.5,4.1,0,Cardiology,13,Tue,38.8
4,1,18.2,3.2,0,Cardiology,5,Wed,65.7
7,4,5.4,7.7,0,Dermatology,6,Mon,19.3
10,3,9.9,8.1,2,Pediatrics,17,Thu,60.1
4,2,15.8,11.2,2,Orthopedics,14,Thu,48.1
7,4,9.9,4.2,0,Pediatrics,5,Wed,22.4
9,4,17.4,4.5,2,Orthopedics,21,Tue,58.6
7,1,10.8,4.9,0,Pediatrics,23,Sun,81.0
9,7,11.5,4.0,0,General Medicine,15,Fri,17.7
15,3,22.1,3.0,9,Emergency,5,Thu,140.5
4,2,12.8,5.6,1,General Medicine,22,Sat,43.7
6,5,29.0,1.6,6,Emergency,5,Wed,42.4
17,6,15.1,9.4,0,General Medicine,10,Tue,50.3
6,6,6.4,6.4,1,Dermatology,20,Fri,15.9
12,4,9.8,8.2,0,Orthopedics,12,Sat,35.5
13,1,16.0,7.0,2,Cardiology,5,Fri,217.8
9,1,4.0,11.6,2,Pediatrics,1,Thu,54.3
7,1,20.0,5.3,0,Cardiology,8,Mon,140.2
10,2,17.1,6.4,1,Cardiology,16,Fri,89.5
17,3,15.7,14.5,1,Cardiology,17,Fri,120.0
9,1,16.8,6.2,0,Orthopedics,5,Wed,150.7
3,1,16.9,4.3,1,Cardiology,3,Tue,60.1
9,3,9.2,3.1,1,Dermatology,16,Sun,19.1
11,3,17.2,5.4,1,Cardiology,3,Wed,83.0
8,2,15.2,4.4,0,Orthopedics,1,Tue,66.6
7,4,15.9,7.5,0,General Medicine,11,Fri,45.8
8,7,17.7,1.9,1,Orthopedics,13,Thu,21.7
7,3,16.3,5.3,0,General Medicine,5,Thu,58.7
8,3,11.0,6.9,1,Pediatrics,5,Fri,34.6
9,4,14.6,4.0,6,Emergency,5,Wed,49.9
6,7,9.9,5.1,1,General Medicine,8,Tue,3.9
8,1,13.2,5.0,1,Cardiology,0,Tue,112.5
11,5,10.8,4.4,0,Dermatology,0,Sun,23.5
5,3,20.0,9.3,3,Emergency,8,Thu,41.6
9,5,13.8,6.4,0,Pediatrics,0,Wed,29.6
9,2,13.1,3.7,1,Pediatrics,7,Wed,69.9
7,5,14.6,4.0,1,Orthopedics,13,Sat,26.1
10,4,23.2,4.9,2,Cardiology,0,Sun,80.7
4,3,22.9,1.8,5,Emergency,14,Sat,40.5
5,4,10.2,4.2,0,Pediatrics,14,Thu,9.8
11,3,11.3,4.1,1,Pediatrics,13,Thu,52.8
7,2,14.2,3.8,1,Pediatrics,15,Sun,58.1
4,7,21.3,3.4,5,Emergency,19,Sat,7.4
11,5,10.0,2.6,2,General Medicine,1,Wed,42.3
6,1,11.5,3.0,2,Orthopedics,4,Sun,74.4
4,1,11.2,4.1,1,General Medicine,7,Sat,54.4
8,6,8.0,8.4,0,Pediatrics,16,Sat,23.0
7,5,20.6,3.3,7,Emergency,20,Mon,46.0
5,4,10.5,4.2,0,General Medicine,22,Mon,22.8
9,3,13.8,3.7,0,Orthopedics,13,Wed,51.2
9,5,23.6,3.0,2,Emergency,9,Sat,40.3
14,4,14.0,3.7,0,ENT,9,Mon,47.6
5,1,9.7,6.9,1,General Medicine,1,Mon,61.2
17,7,16.9,9.2,1,Cardiology,11,Mon,63.2
9,7,19.3,9.8,3,Emergency,12,Tue,32.8
5,3,15.9,4.7,1,Orthopedics,4,Sun,27.4
17,1,19.0,5.4,5,Cardiology,18,Sat,356.9
4,5,16.5,2.9,2,Cardiology,19,Sat,21.9
10,1,10.5,8.1,1,ENT,7,Wed,124.3
10,3,8.6,7.3,1,Pediatrics,21,Fri,38.1
4,1,6.9,3.9,2,Dermatology,2,Sat,38.3
6,4,17.3,4.0,2,Emergency,21,Thu,22.1
5,4,15.1,6.5,1,General Medicine,18,Sat,26.9
9,2,10.7,6.4,1,Dermatology,5,Thu,57.9
6,7,9.0,4.7,2,Dermatology,15,Wed,11.7
8,1,10.0,6.5,3,Dermatology,7,Fri,84.2
5,7,18.3,5.4,6,Orthopedics,19,Sun,47.8
6,5,20.3,5.1,2,Cardiology,3,Sat,34.9
7,5,10.2,7.9,1,Dermatology,5,Thu,24.4
9,2,8.7,7.7,1,Pediatrics,7,Fri,53.9
2,1,4.0,6.3,0,Dermatology,4,Sun,14.6
6,5,17.6,3.1,6,Emergency,7,Sat,39.3
9,5,15.6,7.6,0,ENT,14,Thu,40.0
10,6,14.3,7.0,1,Orthopedics,15,Tue,39.9
7,2,22.8,5.8,2,Cardiology,13,Sun,100.3
4,4,13.6,4.4,0,General Medicine,4,Sun,15.7
4,1,19.9,7.0,3,Emergency,4,Mon,81.3
8,3,12.3,4.0,0,Orthopedics,22,Mon,41.1
6,3,9.9,6.9,0,General Medicine,6,Mon,17.9
17,5,7.6,8.4,0,Dermatology,2,Wed,23.4
8,7,8.6,12.3,1,ENT,10,Tue,18.6
4,4,10.6,4.0,1,ENT,0,Sun,26.0
7,5,10.0,7.8,0,General Medicine,8,Sun,29.8
9,4,6.1,5.7,1,Dermatology,20,Tue,24.4
7,3,11.6,5.6,1,ENT,6,Sat,38.1
13,2,13.7,9.1,0,Dermatology,16,Mon,92.3
9,6,8.3,8.8,1,Dermatology,11,Sat,20.6
5,3,11.3,6.4,1,Pediatrics,8,Wed,32.9
11,6,9.6,4.8,1,Pediatrics,15,Mon,31.5
6,2,19.8,8.1,5,Emergency,14,Wed,67.4
4,1,17.4,3.2,1,Cardiology,7,Sat,81.6
4,1,17.0,4.8,1,Cardiology,5,Sun,84.1
11,2,16.7,2.6,1,Orthopedics,22,Mon,103.7
8,1,10.9,5.9,0,ENT,4,Sat,84.9
7,2,7.3,2.2,2,Dermatology,23,Wed,35.6
11,1,10.3,8.0,2,General Medicine,11,Thu,130.2
7,4,16.6,3.3,1,Cardiology,23,Mon,46.3
2,3,22.0,2.0,3,Emergency,8,Sun,13.2
7,6,7.6,4.1,0,Pediatrics,13,Sat,20.4
2,6,6.9,4.7,0,Pediatrics,14,Fri,16.7
5,7,20.8,5.7,3,Emergency,8,Sat,23.6
5,1,11.8,3.7,0,General Medicine,5,Sun,60.2
6,4,14.6,9.3,3,Orthopedics,12,Tue,48.0
18,5,20.5,4.4,1,Cardiology,15,Tue,78.2
3,1,7.8,7.5,0,Dermatology,6,Mon,24.2
10,7,10.0,9.4,2,General Medicine,18,Thu,40.6
11,7,18.5,7.1,0,Cardiology,15,Thu,37.8
4,2,8.0,7.5,1,Pediatrics,3,Mon,28.3
5,5,10.7,7.7,1,Dermatology,22,Fri,28.8
19,1,9.1,6.8,1,ENT,1,Mon,192.9
13,7,14.9,4.5,0,Cardiology,15,Sat,26.7
10,5,15.5,11.2,1,Orthopedics,10,Fri,49.0
7,1,7.6,4.5,0,Pediatrics,15,Sat,56.4
12,5,23.1,8.2,0,Emergency,18,Mon,48.8
12,6,8.7,8.1,3,ENT,16,Sun,45.5
6,3,16.9,8.1,1,Orthopedics,15,Thu,51.6
8,5,13.1,4.1,1,Orthopedics,20,Sun,20.5
9,3,7.4,10.2,0,Dermatology,16,Fri,36.3
11,7,9.2,6.9,0,Dermatology,19,Fri,15.1
14,7,17.5,9.2,1,Cardiology,9,Mon,52.7
13,2,12.3,3.1,0,Orthopedics,4,Fri,87.9
4,2,11.2,3.8,1,ENT,5,Thu,35.4
3,1,9.8,3.5,0,ENT,14,Sat,30.3
15,7,5.8,9.1,2,ENT,12,Fri,33.9
11,3,10.9,3.6,1,General Medicine,1,Mon,53.6
6,2,15.5,1.0,0,Cardiology,4,Sun,47.1
8,1,7.5,5.8,0,ENT,23,Mon,64.6
14,2,18.6,9.0,2,Emergency,17,Wed,128.3
15,2,17.3,10.7,1,Cardiology,18,Tue,157.4
3,4,10.7,8.1,1,Orthopedics,4,Sun,14.6
11,1,16.8,3.3,2,Cardiology,1,Tue,190.7
7,5,12.9,4.9,0,Pediatrics,6,Sat,25.3
10,7,17.2,10.8,0,General Medicine,20,Tue,31.5
9,1,5.6,6.4,1,ENT,12,Fri,72.7
8,6,23.2,7.0,0,Emergency,18,Mon,17.2
10,2,14.7,10.9,1,Dermatology,11,Wed,86.8
16,4,8.4,9.4,2,ENT,11,Fri,58.5
7,4,13.5,6.6,1,General Medicine,14,Fri,28.4
6,1,23.0,5.4,2,Emergency,23,Sun,133.0
11,7,16.7,7.8,1,Cardiology,10,Sat,40.3
6,2,17.9,6.8,1,Orthopedics,14,Thu,61.9
8,5,19.4,7.1,1,Emergency,22,Wed,31.1
8,7,10.9,3.6,1,Dermatology,8,Tue,14.5
6,5,12.6,6.2,0,Dermatology,20,Sun,18.1
14,6,13.8,12.1,3,Pediatrics,12,Fri,62.8
6,4,19.1,6.4,3,Emergency,21,Sun,28.1
15,5,19.8,10.0,1,Cardiology,11,Thu,75.4
12,2,16.6,9.8,1,Cardiology,15,Thu,113.9
4,1,4.6,4.6,1,Dermatology,7,Sat,17.4
8,4,8.3,6.2,1,ENT,15,Sat,33.0
8,2,12.5,9.4,2,Pediatrics,7,Tue,59.2
11,6,14.2,5.3,0,Orthopedics,14,Thu,24.2
12,7,19.4,11.6,0,Orthopedics,18,Tue,51.3
11,2,20.2,4.0,4,Emergency,10,Sat,108.7
15,6,4.8,7.3,1,Dermatology,10,Mon,30.0
4,1,14.2,2.2,3,Orthopedics,7,Sat,62.6
8,7,6.1,2.0,1,Dermatology,17,Sun,17.5
12,5,12.0,4.6,2,Dermatology,14,Mon,42.6
12,7,16.5,9.2,1,Orthopedics,12,Fri,33.7
0,5,14.8,5.4,0,Orthopedics,0,Mon,6.7
6,1,22.2,3.4,5,Emergency,2,Wed,134.0
9,5,15.7,1.1,2,Cardiology,0,Wed,32.6
12,7,6.6,4.5,1,Pediatrics,20,Thu,17.9
4,3,4.2,2.5,1,Dermatology,20,Sun,1.0
8,2,4.0,9.8,1,ENT,1,Thu,27.4
9,2,14.8,6.0,4,Cardiology,1,Wed,88.4
4,4,9.7,12.5,1,Dermatology,18,Mon,22.3
6,5,22.2,4.9,1,Emergency,12,Sun,12.9
6,1,12.4,8.1,0,Orthopedics,7,Wed,81.1
4,1,9.0,6.5,0,Orthopedics,14,Thu,44.7
10,1,8.8,4.4,1,Pediatrics,5,Mon,101.4
4,2,10.5,6.5,3,ENT,4,Wed,55.8
6,4,17.5,5.6,1,Orthopedics,8,Thu,43.6
7,3,15.7,3.6,5,Orthopedics,21,Sun,55.4
10,2,6.0,5.7,1,ENT,18,Wed,37.5
5,1,17.2,9.9,1,Orthopedics,4,Thu,104.1
11,2,19.2,5.3,2,Cardiology,13,Sun,127.5
10,4,20.2,3.8,0,Cardiology,21,Wed,65.5
10,2,7.3,6.8,2,Pediatrics,22,Wed,42.4
6,4,13.5,8.3,1,General Medicine,18,Mon,40.2
5,1,10.6,7.0,2,Dermatology,3,Sun,56.7
5,5,7.9,5.4,2,General Medicine,5,Mon,20.7
12,1,13.2,5.9,1,Orthopedics,5,Tue,174.8
9,2,4.4,4.7,1,ENT,3,Mon,24.7
11,5,9.6,7.0,0,General Medicine,4,Fri,26.5
8,1,8.7,6.0,1,ENT,7,Wed,92.2
10,4,4.0,8.5,2,Dermatology,13,Fri,32.9
13,3,12.3,9.6,0,ENT,9,Fri,67.8
10,3,18.4,13.9,2,Orthopedics,10,Mon,74.8
4,5,11.6,5.7,0,General Medicine,5,Wed,6.3
11,4,18.0,4.4,3,Emergency,3,Mon,52.6
5,2,14.9,4.6,0,Orthopedics,23,Mon,45.4
11,5,12.4,4.6,1,Dermatology,14,Thu,33.3
6,2,11.9,4.4,0,Pediatrics,5,Tue,34.7
9,7,4.6,9.0,1,Pediatrics,19,Mon,20.4
19,6,4.0,5.5,1,Dermatology,19,Wed,24.4
10,1,17.3,6.6,6,Emergency,23,Thu,188.8
8,4,19.9,1.7,4,Emergency,3,Sun,37.2
5,3,4.0,6.0,0,Dermatology,15,Fri,9.4
13,5,9.4,1.3,1,Pediatrics,23,Wed,32.8
7,1,15.0,6.7,3,Emergency,19,Thu,107.7
4,3,9.0,5.0,0,ENT,5,Mon,19.8
12,3,10.7,9.2,0,Pediatrics,21,Wed,52.6
9,3,17.1,10.7,0,General Medicine,10,Fri,55.5
13,5,19.6,10.6,3,Emergency,11,Mon,58.7
8,2,8.9,2.5,1,Pediatrics,13,Sun,48.7
15,2,12.0,9.7,1,Dermatology,18,Thu,98.3
6,2,14.0,8.1,1,General Medicine,2,Sat,67.8
17,6,10.1,7.5,0,Pediatrics,12,Tue,26.5
6,1,9.1,2.5,3,Pediatrics,19,Sat,72.1
4,2,15.1,6.1,1,Pediatrics,13,Wed,45.1
11,5,6.8,4.7,2,ENT,6,Sun,22.0
7,2,15.6,7.4,1,Emergency,1,Thu,52.0
6,7,19.4,7.1,4,Emergency,13,Fri,12.9
12,2,7.1,9.5,2,Dermatology,16,Tue,57.0
3,4,13.6,2.8,2,Pediatrics,13,Sun,18.9
5,1,20.5,10.0,1,Emergency,23,Tue,105.5
11,1,20.7,9.1,0,Cardiology,14,Mon,242.5
8,7,10.3,10.0,2,Cardiology,12,Thu,30.5
8,1,8.0,6.8,1,ENT,1,Sat,69.1
5,1,12.4,4.2,2,Dermatology,13,Sun,62.0
9,1,16.8,1.8,2,Emergency,4,Sat,139.3
13,4,8.2,10.9,0,ENT,17,Thu,41.4
3,1,11.5,1.7,1,ENT,3,Sun,42.3
6,1,6.5,10.2,3,Dermatology,21,Thu,44.7
6,3,12.3,3.8,0,Pediatrics,7,Thu,40.2
12,5,13.2,11.9,2,Orthopedics,10,Tue,55.7
4,5,8.9,8.0,2,ENT,3,Sat,21.8
14,1,14.0,3.4,0,General Medicine,5,Wed,195.7
5,1,11.7,3.2,1,Orthopedics,22,Tue,63.8
6,5,5.6,7.1,0,Dermatology,6,Wed,17.4
9,7,22.7,12.2,2,Emergency,12,Fri,41.7
8,3,15.6,7.5,1,Cardiology,23,Tue,54.1
7,7,15.4,4.5,1,Orthopedics,14,Wed,30.8
8,3,20.9,9.2,3,Cardiology,0,Wed,83.5
4,6,9.3,10.6,2,ENT,8,Fri,25.7
13,4,18.8,7.2,0,Cardiology,9,Fri,76.4
15,2,16.6,6.9,0,General Medicine,6,Fri,140.8
11,2,24.9,7.4,0,Cardiology,5,Mon,152.9
14,3,15.4,8.6,1,Orthopedics,12,Wed,89.5
12,3,7.7,7.4,2,ENT,9,Fri,50.9
14,2,22.5,4.0,1,Emergency,7,Tue,146.1
17,5,17.7,5.6,1,Emergency,9,Mon,44.1
10,5,12.9,7.9,1,ENT,8,Wed,40.9
13,1,13.4,5.1,2,Orthopedics,5,Fri,186.4
15,2,16.7,12.5,0,Cardiology,10,Fri,138.1
6,1,6.9,7.2,0,Pediatrics,22,Mon,41.9
14,3,17.5,9.0,1,Emergency,12,Fri,85.7
6,5,11.5,9.0,0,Dermatology,14,Tue,18.6
7,5,9.0,4.2,2,Dermatology,23,Sat,14.5
7,6,14.8,5.0,1,Orthopedics,14,Thu,23.2
11,1,21.2,7.6,1,Orthopedics,5,Mon,239.3
13,5,8.4,8.0,0,Dermatology,9,Wed,24.4
6,2,17.9,6.8,1,Cardiology,11,Sat,65.9
14,5,5.7,9.8,0,ENT,11,Thu,30.5
10,1,15.6,6.2,2,Cardiology,3,Fri,160.2
4,1,15.2,5.1,0,Cardiology,2,Sat,67.6
4,5,6.9,6.9,1,ENT,8,Mon,8.5
5,1,6.6,4.6,3,Dermatology,21,Sun,43.0
7,4,14.1,8.0,1,Orthopedics,17,Wed,40.9
3,4,10.1,2.2,1,Dermatology,20,Sat,7.8
11,1,9.9,4.6,0,Pediatrics,4,Thu,102.3
9,3,20.4,7.7,0,Orthopedics,9,Fri,67.5
11,4,21.9,7.4,1,Emergency,13,Wed,67.4
12,4,17.9,9.8,3,Emergency,10,Sat,68.6
15,2,21.4,9.0,2,Emergency,10,Mon,178.7
4,6,15.5,6.7,2,Orthopedics,8,Sun,26.8
7,3,12.2,4.7,2,Dermatology,1,Tue,32.7
6,6,22.5,4.0,2,Emergency,20,Sun,17.8
3,4,20.2,5.7,4,Emergency,22,Mon,24.0
8,4,17.2,7.2,1,General Medicine,1,Mon,45.4
10,1,9.7,7.8,0,Dermatology,9,Mon,105.3
13,3,21.8,10.5,5,Emergency,12,Thu,115.4
11,6,12.5,9.8,1,Dermatology,18,Tue,25.0
5,1,12.6,6.4,1,Pediatrics,23,Fri,79.7
11,4,8.6,5.2,2,Dermatology,9,Sat,34.0
8,3,11.8,5.7,1,General Medicine,17,Mon,51.7
12,2,11.9,5.1,0,Cardiology,22,Thu,83.9
4,1,4.0,5.7,1,ENT,19,Sat,33.6
3,2,17.6,2.5,0,Cardiology,6,Wed,29.0
3,5,7.3,1.1,2,ENT,19,Sun,5.8
16,6,10.1,8.5,2,Pediatrics,9,Fri,52.9
4,3,12.1,4.3,1,ENT,0,Mon,29.8
12,5,6.7,15.5,1,ENT,18,Thu,48.8
8,1,4.3,6.5,0,ENT,20,Wed,39.1
11,5,11.1,5.2,1,Orthopedics,8,Mon,36.8
13,5,12.0,8.6,1,Orthopedics,10,Sun,46.0
14,2,6.6,5.9,1,Pediatrics,8,Tue,53.3
7,1,18.1,5.8,2,Cardiology,2,Mon,132.1
10,1,13.6,9.7,4,ENT,23,Tue,161.8
9,1,16.8,1.0,2,Orthopedics,0,Sat,156.1
12,6,17.1,4.1,1,Orthopedics,13,Fri,50.6
7,3,15.7,5.3,1,Orthopedics,0,Sat,49.1
11,3,6.3,7.1,1,Pediatrics,16,Thu,32.7
11,5,15.7,4.1,0,ENT,21,Mon,46.7
7,7,7.0,7.7,2,Dermatology,15,Wed,24.7
7,1,17.3,4.7,1,Orthopedics,14,Tue,131.9
11,3,13.3,6.8,3,Emergency,19,Thu,53.9
2,5,17.7,5.5,1,Cardiology,23,Tue,12.1
5,4,9.5,4.9,2,Pediatrics,20,Sun,27.2
7,1,14.2,5.8,0,Orthopedics,5,Wed,105.6
8,5,7.8,7.7,2,General Medicine,13,Wed,37.0
7,6,12.6,6.1,0,General Medicine,19,Sun,24.9
11,1,18.7,4.6,1,Orthopedics,7,Thu,213.1
5,2,24.3,5.8,1,Cardiology,16,Tue,79.7
8,2,12.9,5.7,3,Dermatology,0,Thu,62.4
9,1,15.8,4.8,1,General Medicine,21,Tue,149.6
10,2,13.1,2.8,0,Dermatology,14,Sat,64.8
16,1,15.5,5.5,1,Pediatrics,17,Fri,262.3
6,2,9.2,3.4,0,General Medicine,19,Sat,34.5
3,3,9.8,4.3,3,ENT,5,Sun,38.1
8,4,4.2,5.1,1,Dermatology,10,Sat,17.3
11,5,10.6,5.9,2,ENT,20,Wed,27.9
6,1,11.3,7.3,1,General Medicine,3,Tue,81.9
9,6,11.5,8.8,1,General Medicine,19,Thu,32.7
9,3,14.2,9.1,3,Orthopedics,6,Thu,60.4
9,1,10.5,4.7,0,Cardiology,13,Wed,99.4
7,5,14.3,4.8,4,Emergency,12,Sat,19.2
7,5,17.6,3.5,2,Orthopedics,16,Sun,38.8
6,6,8.0,7.6,2,Pediatrics,20,Wed,24.7
6,5,23.1,6.4,3,Emergency,8,Fri,26.7
6,1,9.5,7.0,1,Pediatrics,4,Sun,66.9
9,6,7.2,9.4,1,General Medicine,10,Mon,33.5
6,3,10.8,4.9,1,Orthopedics,14,Wed,32.3
5,2,13.0,6.2,0,Orthopedics,18,Sat,38.3
19,7,6.2,8.6,0,ENT,18,Thu,23.1
10,5,19.7,2.8,1,Emergency,8,Sat,35.6
11,5,20.8,6.2,1,Emergency,22,Thu,47.2
12,1,16.0,4.3,1,Orthopedics,1,Mon,205.9
8,5,20.7,8.8,2,Emergency,2,Thu,40.7
5,5,11.7,2.6,2,ENT,0,Wed,29.2
6,3,15.0,6.6,2,General Medicine,22,Sat,44.1
8,1,17.2,5.0,5,Emergency,4,Tue,144.5
9,4,6.4,1.0,1,General Medicine,14,Tue,21.9
4,5,7.0,2.4,2,ENT,19,Mon,17.3
9,4,8.3,8.9,0,Dermatology,18,Thu,22.9
4,1,8.4,3.4,2,Pediatrics,22,Sun,46.2
12,4,11.9,6.8,0,Pediatrics,1,Fri,56.0
11,6,14.0,5.4,0,Cardiology,9,Sat,34.5
10,1,24.7,7.5,5,Emergency,12,Sat,266.0
18,5,12.4,9.0,2,Pediatrics,16,Fri,54.8
6,2,7.8,7.3,1,ENT,14,Fri,43.6
5,7,15.7,7.7,3,Cardiology,13,Tue,33.0
2,1,11.5,5.2,0,General Medicine,7,Sun,30.4
7,3,12.4,3.6,3,ENT,2,Sat,44.1
11,5,6.8,9.1,0,Dermatology,10,Sun,13.9
4,4,7.3,4.1,0,ENT,6,Sun,2.9
5,2,10.0,4.5,0,Pediatrics,13,Wed,25.7
8,6,6.2,5.1,0,Pediatrics,19,Tue,35.7
4,1,18.2,5.0,1,Orthopedics,13,Sun,92.1
7,1,19.9,8.0,0,Cardiology,13,Thu,149.6
4,1,20.7,5.5,2,Cardiology,1,Sun,100.0
6,1,14.2,7.3,1,Pediatrics,15,Fri,106.9
11,7,15.6,8.3,2,Cardiology,10,Tue,43.9
10,1,15.0,8.2,0,Orthopedics,2,Wed,148.9
7,3,8.7,6.0,1,ENT,5,Fri,39.3
11,4,12.8,7.9,2,Dermatology,18,Wed,48.0
8,1,7.8,2.2,3,ENT,22,Tue,78.1
17,2,6.6,10.2,1,General Medicine,12,Tue,72.5
9,1,18.6,4.8,3,Emergency,23,Fri,169.1
12,2,14.7,3.8,4,General Medicine,4,Mon,113.4
8,3,21.6,3.4,2,Emergency,7,Mon,55.7
8,3,11.7,7.8,2,General Medicine,22,Mon,50.0
5,3,16.9,4.5,0,Cardiology,4,Sat,28.5
5,3,13.0,7.0,0,General Medicine,15,Mon,44.2
11,1,13.7,5.6,0,General Medicine,5,Wed,165.3
7,4,9.7,6.1,0,ENT,7,Mon,30.4
12,3,7.0,8.9,0,Dermatology,11,Fri,43.2
8,5,11.9,3.7,2,General Medicine,8,Mon,32.5
6,6,18.4,7.6,2,Emergency,20,Mon,26.8
8,5,18.1,4.3,2,Orthopedics,23,Wed,47.3
14,7,14.6,7.9,1,Orthopedics,12,Fri,43.7
13,7,12.2,9.7,1,Orthopedics,12,Mon,38.0
12,1,24.8,8.1,0,Cardiology,1,Thu,307.1
6,3,7.8,3.0,2,Pediatrics,5,Sat,28.5
8,2,12.3,7.5,1,Orthopedics,0,Fri,54.6
1,4,6.4,4.9,3,Pediatrics,20,Sat,23.4
6,4,9.9,5.6,1,General Medicine,5,Wed,32.8
10,7,17.2,4.0,0,Orthopedics,8,Sun,26.2
10,5,4.3,5.8,1,ENT,20,Tue,16.6
7,1,8.5,9.5,0,Dermatology,17,Fri,61.8
11,3,13.3,8.3,0,Orthopedics,14,Thu,56.6
12,1,12.6,6.6,1,Orthopedics,0,Mon,156.0
4,7,4.0,3.7,0,Dermatology,13,Sun,1.0
8,7,8.9,5.1,2,ENT,13,Fri,30.5
10,2,4.0,6.3,0,Dermatology,7,Tue,16.2
14,2,19.2,8.1,1,Emergency,17,Mon,131.7
6,3,9.0,2.4,3,Dermatology,22,Fri,32.5
5,5,13.2,8.3,6,Emergency,6,Thu,34.6
7,2,17.1,5.7,0,Orthopedics,7,Mon,70.3
6,1,9.1,3.8,2,Orthopedics,7,Sun,70.3
5,1,20.4,6.9,0,Orthopedics,20,Sat,111.8
9,3,9.4,5.0,1,Pediatrics,1,Thu,31.5
8,2,5.4,6.9,0,Dermatology,21,Tue,25.5
10,3,8.6,9.0,0,Dermatology,18,Tue,30.8
15,2,5.3,9.7,0,Dermatology,11,Thu,51.5
7,6,4.0,4.8,0,Pediatrics,14,Mon,6.6
9,1,21.4,7.8,0,Cardiology,21,Wed,208.3
10,6,9.0,12.6,0,Pediatrics,18,Tue,30.7
6,1,20.2,4.1,1,Emergency,6,Mon,118.4
10,5,9.5,7.5,0,Pediatrics,1,Mon,32.0
10,7,7.5,6.2,1,Pediatrics,15,Wed,30.6
11,1,14.6,6.7,0,Cardiology,3,Wed,174.8
7,4,22.2,6.9,2,Emergency,2,Wed,38.2
11,3,21.5,3.5,5,Emergency,23,Fri,92.7
15,1,11.9,7.4,1,General Medicine,11,Thu,194.0
12,3,18.1,5.5,2,Orthopedics,15,Tue,92.8
4,3,9.8,6.6,2,Pediatrics,5,Sun,30.2
6,1,18.4,3.6,0,Orthopedics,2,Sat,124.0
8,3,22.4,6.9,0,Cardiology,1,Thu,69.9
6,3,13.2,6.1,1,Pediatrics,8,Mon,29.1
6,2,13.2,4.3,3,General Medicine,0,Sun,58.1
7,2,15.0,6.6,2,Cardiology,10,Sat,64.0
10,1,13.3,4.4,2,General Medicine,7,Thu,144.8
15,7,8.6,8.7,1,Pediatrics,12,Tue,32.9
7,7,14.2,5.2,0,General Medicine,14,Mon,24.0
10,4,16.8,5.9,0,General Medicine,7,Wed,47.5
6,4,17.7,7.6,4,Cardiology,10,Tue,61.4
6,5,4.6,9.6,2,Dermatology,1,Tue,21.2
7,4,10.1,2.6,0,Dermatology,7,Wed,15.0
8,2,12.0,2.7,3,General Medicine,23,Mon,69.7
8,4,16.6,6.9,0,General Medicine,23,Wed,43.8
9,7,15.2,7.9,0,Orthopedics,11,Sun,21.1
5,5,8.8,7.4,0,ENT,22,Sun,11.7
11,7,8.3,8.5,0,Dermatology,12,Mon,29.2
6,1,8.9,6.0,1,Dermatology,3,Fri,60.4
3,7,9.1,5.2,2,Orthopedics,20,Sun,18.4
19,3,7.6,11.8,2,Pediatrics,9,Fri,78.3
9,5,15.3,3.4,1,General Medicine,14,Wed,36.2
8,4,8.0,6.4,0,Pediatrics,15,Thu,22.2
10,1,11.9,7.3,2,General Medicine,7,Tue,136.5
11,5,19.3,8.3,3,Emergency,17,Wed,48.0
7,5,7.9,7.2,0,Pediatrics,12,Sun,19.8
11,7,7.5,4.8,0,Dermatology,8,Fri,13.8
4,5,14.9,8.4,1,Cardiology,7,Thu,29.2
15,4,13.6,5.5,0,Cardiology,17,Mon,56.6
3,1,18.6,3.7,0,Cardiology,5,Sun,60.6
15,4,12.8,7.1,1,Dermatology,2,Tue,56.5
4,5,14.2,3.6,1,General Medicine,21,Sat,34.6
8,2,14.3,7.7,1,General Medicine,7,Wed,73.7
7,3,18.2,6.1,0,Orthopedics,15,Tue,34.7
23,3,15.6,9.6,2,Orthopedics,17,Tue,138.8
10,3,18.1,7.1,0,Cardiology,20,Wed,61.6
7,2,5.4,5.9,0,Dermatology,15,Fri,19.4
16,3,11.4,5.7,0,ENT,16,Wed,66.1
6,3,10.8,9.5,1,Pediatrics,20,Mon,27.9
9,1,12.9,8.7,0,Orthopedics,22,Tue,138.1
6,3,7.1,7.4,0,Dermatology,1,Tue,19.2
10,3,6.6,8.3,2,Pediatrics,17,Wed,46.4
8,1,19.6,5.1,1,Cardiology,4,Sun,162.9
1,3,22.6,1.0,1,Cardiology,21,Sun,12.8
2,1,4.6,1.1,4,Dermatology,1,Sun,26.1
3,1,11.1,10.8,0,Dermatology,5,Mon,34.3
6,3,21.6,3.5,2,Cardiology,4,Thu,71.3
5,5,11.5,5.4,2,Orthopedics,14,Mon,33.5
10,1,8.8,6.3,1,Orthopedics,0,Thu,101.0
4,4,15.2,6.7,1,Orthopedics,0,Fri,23.9
8,4,9.5,6.3,1,Pediatrics,12,Sat,32.0
4,1,8.3,5.3,1,ENT,23,Wed,30.9
11,4,13.4,8.8,1,Pediatrics,12,Mon,53.8
17,7,7.9,11.3,1,ENT,10,Thu,45.9
10,1,15.3,7.3,1,Dermatology,15,Wed,151.9
9,4,15.4,7.4,5,Emergency,13,Fri,45.2
12,1,9.4,5.1,3,General Medicine,9,Mon,125.8
10,2,5.4,7.1,0,Dermatology,14,Fri,37.4
13,3,11.4,6.3,0,General Medicine,0,Wed,60.4
7,3,19.3,2.9,1,Orthopedics,5,Sat,49.1
12,4,6.6,10.0,1,Pediatrics,16,Sun,36.0
12,5,7.3,3.1,0,Pediatrics,8,Tue,22.3
4,4,8.1,4.1,2,Pediatrics,1,Sat,14.2
5,2,11.7,8.4,2,General Medicine,2,Mon,41.1
3,5,8.5,4.5,1,Dermatology,20,Sun,6.7
10,5,10.8,2.1,0,General Medicine,7,Thu,19.0
5,2,11.1,7.1,1,Orthopedics,0,Sat,39.7
9,1,8.7,2.9,1,ENT,17,Sat,81.2
8,4,24.3,6.6,3,Emergency,12,Fri,54.6
8,5,10.7,10.9,2,Dermatology,10,Wed,33.0
8,1,10.6,2.3,1,General Medicine,21,Sat,95.7
2,1,20.2,5.5,5,Emergency,7,Thu,53.8
8,1,10.5,4.1,0,ENT,13,Fri,77.5
17,7,12.7,9.1,1,Pediatrics,17,Fri,43.1
11,1,22.6,8.4,1,Cardiology,14,Thu,265.8
11,5,20.8,2.8,1,Emergency,4,Mon,45.7
11,5,11.5,9.5,2,Orthopedics,16,Wed,51.8
6,6,5.4,2.9,1,Pediatrics,17,Sun,20.7
9,3,21.8,10.2,2,Emergency,2,Thu,71.5
9,1,15.7,4.2,2,Emergency,3,Fri,145.8
12,1,22.4,10.1,3,Emergency,16,Tue,289.9
4,1,18.2,6.6,8,Emergency,2,Fri,102.9
4,2,16.4,6.3,2,Emergency,21,Thu,35.3
10,5,19.5,5.1,0,Cardiology,2,Tue,48.7
10,5,6.9,3.3,2,Pediatrics,23,Tue,14.5
14,2,10.4,11.9,0,ENT,16,Wed,84.7
11,2,10.5,7.1,0,Pediatrics,10,Thu,51.0
7,5,12.3,5.8,1,Cardiology,6,Tue,27.8
11,6,13.2,5.3,1,ENT,8,Tue,29.6
8,3,23.9,11.0,4,Emergency,17,Tue,68.3
16,4,17.9,13.5,0,Orthopedics,18,Wed,90.5
3,1,12.9,2.8,0,Pediatrics,5,Sat,38.0
6,6,5.8,6.3,0,Dermatology,13,Thu,7.4
9,4,15.5,8.2,1,General Medicine,23,Thu,51.1
12,1,20.3,8.7,2,Cardiology,6,Tue,252.8
18,1,4.0,8.7,0,Dermatology,16,Thu,81.8
5,5,15.1,4.0,3,Cardiology,4,Sun,32.2
8,4,12.7,6.8,0,Orthopedics,20,Sat,36.7
5,1,12.4,2.3,1,Dermatology,4,Thu,59.3
5,1,12.1,7.8,2,Orthopedics,7,Wed,84.4
13,5,7.2,7.4,0,ENT,11,Wed,27.9
3,7,14.1,6.3,2,Cardiology,8,Mon,22.7
5,3,10.6,6.1,1,General Medicine,4,Mon,26.6
8,7,21.1,3.0,1,Cardiology,15,Sat,23.0
7,3,7.7,4.8,0,General Medicine,0,Sat,24.3
7,3,21.4,3.5,1,Emergency,23,Sun,46.8
8,2,6.4,8.0,3,ENT,1,Fri,46.1
3,6,20.7,2.7,0,Orthopedics,8,Sun,7.9
13,3,18.3,3.9,0,Cardiology,22,Wed,81.7
7,3,8.7,6.2,1,ENT,3,Tue,35.2
11,3,8.3,5.9,1,Pediatrics,1,Tue,46.3
11,7,15.6,12.0,2,Orthopedics,17,Tue,52.7
12,4,10.6,4.1,1,Orthopedics,1,Sat,46.7
9,1,10.3,6.0,0,Pediatrics,21,Mon,93.5
11,6,6.2,3.9,2,Dermatology,10,Sun,21.7
6,7,10.1,4.6,1,General Medicine,20,Sat,19.4
11,3,14.2,3.7,0,Dermatology,5,Wed,49.4
11,2,19.2,5.6,0,Orthopedics,3,Fri,101.7
9,5,22.4,4.2,5,Cardiology,23,Mon,62.9
12,3,12.6,10.0,0,Pediatrics,18,Thu,72.8
10,5,16.2,5.8,2,Orthopedics,21,Mon,49.4
9,2,12.4,8.3,2,Dermatology,7,Mon,67.6
18,1,11.0,7.0,0,Pediatrics,9,Mon,200.9
5,1,13.9,4.3,0,General Medicine,13,Sat,78.3
8,7,22.2,6.5,0,Cardiology,10,Sat,43.0
5,1,12.4,3.9,0,Pediatrics,5,Sun,70.5
7,6,16.3,8.5,1,Orthopedics,9,Sun,26.0
9,5,20.4,4.0,0,Cardiology,14,Sun,35.8
5,3,18.3,2.1,0,Cardiology,0,Sun,26.2
7,4,10.5,6.8,0,ENT,8,Mon,39.2
9,3,10.8,7.8,1,ENT,7,Sat,47.3
6,4,4.3,2.8,0,Dermatology,1,Sat,9.2
12,1,9.8,5.8,0,General Medicine,2,Tue,126.7
8,5,17.2,9.4,0,Orthopedics,11,Mon,41.4
6,2,12.4,6.1,0,General Medicine,2,Sun,40.0
9,5,11.9,5.7,0,General Medicine,8,Sun,22.3
11,3,10.9,6.2,0,Pediatrics,13,Wed,40.4
4,2,4.0,5.1,0,ENT,20,Mon,14.1
8,5,19.5,5.0,1,Emergency,2,Wed,23.3
9,7,7.5,9.9,0,Dermatology,10,Mon,13.5
4,3,9.5,4.6,1,ENT,2,Fri,22.8
15,5,10.6,6.2,2,Dermatology,10,Wed,32.3
12,2,8.9,8.5,1,Pediatrics,11,Mon,60.3
6,6,12.0,3.1,0,Dermatology,19,Sun,17.5
11,6,17.1,5.5,5,Emergency,10,Sat,51.1
11,1,14.1,5.3,0,General Medicine,22,Sun,170.5
6,3,16.4,4.4,1,Cardiology,3,Sun,40.4
14,1,11.5,5.5,2,Dermatology,1,Mon,170.2
3,3,18.7,1.8,0,Cardiology,0,Sat,27.5
4,6,4.4,3.4,0,Dermatology,8,Sat,1.0
1,1,20.3,1.0,4,Emergency,4,Sat,21.2
5,5,19.2,4.4,1,Cardiology,2,Tue,31.1
15,3,12.7,4.4,3,General Medicine,5,Wed,79.0
6,5,16.0,4.2,0,Orthopedics,23,Sun,30.8
8,6,9.3,6.1,0,Pediatrics,19,Mon,20.4
5,3,16.3,5.5,2,Cardiology,0,Fri,34.5
9,1,4.1,1.9,1,ENT,21,Sat,40.5
8,5,19.7,1.0,1,Cardiology,4,Sat,31.4
26,4,11.5,11.7,0,Pediatrics,9,Fri,95.2
4,1,20.7,2.5,5,Orthopedics,7,Sat,110.8
6,2,8.9,5.7,2,ENT,9,Sun,46.0
6,4,12.8,5.3,1,General Medicine,18,Sat,34.1
14,4,10.5,10.7,0,Pediatrics,17,Mon,54.9
9,1,22.6,6.6,3,Emergency,14,Tue,222.2
12,5,10.5,4.6,3,General Medicine,15,Wed,41.1
10,1,15.5,10.0,0,Orthopedics,17,Wed,166.7
11,4,10.1,3.3,0,Pediatrics,4,Wed,31.8
16,4,14.2,8.8,1,General Medicine,9,Tue,73.2
7,2,21.7,1.0,0,Orthopedics,2,Fri,79.0
16,3,19.0,9.6,0,Cardiology,16,Mon,122.2
9,7,5.7,5.5,1,Pediatrics,10,Sat,27.1
8,6,8.5,5.5,2,General Medicine,15,Fri,27.5
4,7,15.2,6.6,0,General Medicine,13,Sun,22.0
8,4,4.0,4.5,2,ENT,6,Mon,12.5
12,4,20.9,4.6,6,Emergency,3,Wed,81.0
4,4,7.8,1.2,2,Pediatrics,23,Sun,28.8
5,2,23.1,6.1,1,Orthopedics,7,Thu,50.5
15,1,11.4,5.9,2,Orthopedics,2,Thu,190.6
4,1,13.0,7.5,0,Orthopedics,7,Mon,67.0
4,1,12.3,4.1,3,Pediatrics,21,Sat,65.8
7,3,11.3,6.7,1,General Medicine,6,Tue,43.1
7,1,15.8,5.2,0,Cardiology,23,Sun,115.1
13,5,12.1,9.7,1,Orthopedics,11,Wed,58.1
8,5,13.0,5.7,0,Orthopedics,20,Tue,34.1
6,4,7.3,7.1,1,Pediatrics,15,Fri,26.0
3,1,20.0,7.3,3,Emergency,1,Thu,58.0
17,7,14.8,11.0,0,ENT,12,Thu,45.3
6,4,21.2,10.9,0,Orthopedics,10,Sun,31.9
7,1,16.1,4.0,2,Pediatrics,4,Wed,125.9
5,3,7.6,7.0,0,Dermatology,13,Wed,18.4
3,4,22.1,6.0,2,Emergency,2,Fri,15.5
10,3,12.4,9.4,4,General Medicine,16,Tue,67.1
6,7,17.5,5.7,2,Emergency,19,Sat,12.8
11,1,4.0,6.4,0,ENT,2,Tue,46.9
7,5,6.7,6.9,0,General Medicine,11,Tue,16.3
10,4,8.5,5.0,1,Dermatology,15,Mon,28.0
6,5,7.9,7.1,1,General Medicine,1,Wed,12.2
14,2,9.6,7.4,2,General Medicine,9,Fri,93.7
8,1,13.1,3.8,2,General Medicine,6,Fri,115.4
6,1,11.0,3.6,1,Cardiology,0,Sun,70.6
4,3,13.4,1.3,1,ENT,19,Sat,29.0
16,2,15.2,7.5,0,Orthopedics,10,Wed,137.4
13,2,10.9,10.2,1,General Medicine,18,Sat,97.9
3,5,8.1,4.9,1,Pediatrics,14,Tue,23.3
2,1,9.4,6.8,1,Dermatology,21,Tue,18.3
6,1,17.1,4.3,5,Emergency,23,Wed,115.6
6,2,12.0,7.3,2,Dermatology,14,Thu,53.6
6,1,14.6,5.5,0,General Medicine,8,Tue,99.5
12,2,5.8,7.9,0,Dermatology,10,Sun,30.8
9,7,8.4,5.4,1,ENT,19,Tue,17.0
8,1,21.6,8.1,0,Cardiology,10,Wed,179.0
18,7,11.2,8.7,0,Pediatrics,12,Fri,44.3
10,4,19.3,6.0,2,Emergency,4,Thu,45.9
14,1,15.8,6.5,1,Cardiology,23,Wed,236.3
2,3,11.7,2.8,0,General Medicine,15,Sun,10.4
7,1,8.8,4.2,1,Pediatrics,7,Thu,75.5
4,5,15.9,3.2,1,Orthopedics,14,Mon,22.5
10,1,11.1,5.1,1,General Medicine,9,Sat,123.4
7,3,12.1,2.6,1,Orthopedics,3,Fri,24.7
12,4,21.3,3.4,1,Cardiology,20,Tue,67.3
7,3,21.6,3.7,3,Emergency,21,Sat,56.7
9,7,9.0,7.2,0,General Medicine,20,Wed,19.0
11,7,7.2,5.3,1,ENT,8,Tue,15.9
10,1,22.1,10.0,1,Emergency,6,Tue,214.1
4,4,5.5,4.8,2,Dermatology,1,Sat,4.2
12,4,19.5,9.4,2,Emergency,17,Tue,65.9
6,3,9.1,3.7,0,Pediatrics,7,Thu,35.2
8,1,5.8,5.4,2,Dermatology,21,Sat,46.2
6,1,16.8,5.4,3,Emergency,20,Sat,107.2
10,1,14.8,4.1,0,Orthopedics,3,Thu,151.9
2,1,15.2,4.3,4,Cardiology,22,Sun,51.1
4,1,16.2,9.1,1,Cardiology,3,Wed,81.5
9,6,20.5,6.8,2,Cardiology,11,Sun,38.3
13,3,12.8,10.7,2,Orthopedics,11,Tue,77.4
5,5,21.4,5.3,3,Emergency,22,Mon,35.7
4,6,22.9,1.0,4,Emergency,15,Sat,19.6
7,3,14.7,5.2,1,Orthopedics,21,Sat,45.6
2,3,9.5,3.9,2,Dermatology,14,Sun,15.3
5,7,12.4,4.7,2,Orthopedics,19,Sun,21.9
16,5,10.2,6.1,0,Dermatology,20,Mon,40.3
8,7,10.9,4.4,2,ENT,20,Fri,33.4
9,2,22.4,9.1,3,Cardiology,9,Fri,122.4
9,7,15.5,7.7,2,General Medicine,9,Fri,29.0
12,1,9.8,3.9,1,ENT,23,Mon,132.6
10,6,23.3,10.6,0,Orthopedics,18,Mon,51.2
12,5,12.7,4.3,1,Pediatrics,22,Fri,38.6
5,7,13.8,3.9,1,Pediatrics,13,Sat,24.7
4,1,18.6,4.2,5,Emergency,22,Tue,83.8
15,5,10.9,11.9,1,General Medicine,17,Mon,58.1
14,6,8.2,10.0,0,Dermatology,17,Wed,34.3
6,2,17.0,4.0,3,Emergency,4,Wed,60.0
4,4,12.1,4.2,1,General Medicine,13,Sun,24.3
6,1,8.9,6.3,0,ENT,17,Sun,61.5
6,1,12.3,9.2,3,ENT,18,Thu,94.8
8,5,18.5,3.0,0,Orthopedics,22,Sun,27.5
12,1,9.4,4.7,1,ENT,7,Tue,130.2
6,1,13.9,7.2,0,Orthopedics,7,Sun,92.7
7,4,23.4,4.2,3,Cardiology,23,Thu,55.2
9,1,13.4,3.9,0,Cardiology,23,Thu,129.6
7,5,4.0,2.3,0,Dermatology,4,Mon,12.6
9,5,10.4,8.5,3,ENT,9,Tue,42.4
12,2,14.8,3.4,0,Orthopedics,22,Tue,99.4
9,1,19.1,10.4,5,Emergency,4,Thu,196.4
9,1,4.0,6.3,0,Dermatology,18,Tue,39.6
12,2,17.4,4.5,5,Emergency,2,Mon,113.3
14,4,12.4,10.3,0,Dermatology,4,Fri,57.0
10,7,18.9,8.5,1,Orthopedics,18,Sun,43.3
9,2,10.4,2.3,0,Dermatology,14,Mon,46.4
8,5,12.6,6.0,0,Orthopedics,13,Thu,27.2
8,1,9.0,4.7,0,Pediatrics,20,Sun,79.5
10,1,16.8,4.0,2,Cardiology,7,Wed,178.3
12,2,18.0,10.2,2,Emergency,12,Tue,110.6
7,1,16.4,3.1,4,Cardiology,14,Mon,147.8
10,3,14.7,2.9,1,Orthopedics,17,Sun,56.3
7,3,13.6,7.9,0,Cardiology,7,Wed,45.9
5,2,18.5,7.1,1,Orthopedics,15,Mon,57.3
11,1,8.6,10.0,1,ENT,10,Sun,118.9
4,3,13.5,4.0,2,Orthopedics,13,Sat,33.2
6,1,13.3,9.1,2,Cardiology,20,Fri,97.9
13,5,17.3,7.9,1,Orthopedics,9,Mon,47.6
10,3,11.9,11.3,0,Orthopedics,16,Mon,49.8
8,4,21.4,9.7,3,Emergency,22,Tue,56.6
13,1,12.4,7.2,1,Orthopedics,18,Tue,160.4
6,1,12.3,2.4,1,General Medicine,23,Thu,75.9
10,6,11.2,6.4,0,Orthopedics,14,Wed,7.3
4,1,17.5,4.6,3,Cardiology,6,Sat,74.1
8,1,11.8,5.7,0,General Medicine,23,Mon,102.7
7,1,15.5,6.1,1,Orthopedics,15,Sat,112.2
2,2,12.7,1.9,3,Pediatrics,5,Sun,28.9
9,3,19.5,5.7,2,Cardiology,7,Mon,80.2
6,4,12.7,4.4,0,Dermatology,6,Fri,17.7
9,2,15.7,9.2,2,Emergency,20,Thu,74.7
6,1,21.3,7.5,0,Orthopedics,2,Mon,132.9
10,1,22.8,7.6,3,Emergency,17,Wed,236.0
3,3,8.7,4.3,0,Pediatrics,13,Sat,13.9
7,5,11.0,3.8,0,Dermatology,1,Sun,7.5
3,2,23.3,3.3,0,Cardiology,14,Wed,36.2
10,4,11.3,12.2,0,Dermatology,18,Mon,46.0
17,7,5.0,8.1,1,Dermatology,17,Tue,29.0
7,7,18.1,12.5,0,Cardiology,12,Sat,33.9
7,2,12.3,6.1,2,Pediatrics,8,Thu,41.8
7,1,17.9,8.5,2,Cardiology,3,Thu,148.9
8,3,9.3,6.0,3,Dermatology,0,Mon,31.2
9,7,21.5,4.8,3,Emergency,8,Sat,27.1
20,5,17.0,5.2,0,Emergency,15,Thu,59.7
6,4,13.8,2.4,0,Pediatrics,0,Thu,32.7
9,2,9.3,7.5,0,ENT,23,Sat,49.3
5,1,11.9,4.8,1,General Medicine,14,Thu,72.9
8,4,6.3,7.1,2,ENT,7,Sun,18.9
7,1,19.3,10.2,1,Emergency,23,Thu,137.6
8,1,14.8,4.7,2,General Medicine,4,Wed,138.2
8,2,9.7,2.5,0,ENT,22,Sun,39.5
9,1,22.1,4.8,4,Emergency,6,Fri,205.0
4,5,7.9,2.5,1,Dermatology,9,Sat,17.1
17,5,15.3,9.7,1,Orthopedics,10,Tue,65.4
5,2,7.1,8.6,3,General Medicine,23,Fri,42.7
7,1,21.2,4.1,2,Emergency,6,Thu,141.4
11,2,19.4,6.9,7,Emergency,23,Mon,127.7
12,7,10.0,5.5,0,ENT,8,Tue,17.4
4,1,13.5,3.8,0,Emergency,6,Sun,34.4
10,4,19.6,6.0,0,General Medicine,15,Thu,53.3
10,4,9.2,7.0,0,ENT,16,Sat,38.5
8,2,13.4,4.7,1,General Medicine,8,Tue,64.8
5,2,21.2,6.0,3,Emergency,3,Tue,61.7
9,2,8.1,5.1,0,ENT,9,Sun,35.6
9,6,21.3,9.3,2,Emergency,12,Wed,48.7
4,3,21.6,2.4,0,Cardiology,0,Sun,37.4
14,2,12.5,6.0,0,General Medicine,1,Sat,89.1
3,5,14.6,5.3,5,General Medicine,22,Wed,32.3
7,1,17.3,1.7,3,Orthopedics,0,Sun,126.0
11,3,10.1,5.9,2,Dermatology,9,Sat,37.3
8,2,15.6,8.8,1,Pediatrics,18,Mon,79.2
3,1,9.1,5.0,2,Dermatology,7,Mon,22.7
8,6,9.8,5.8,2,Pediatrics,11,Mon,28.7
6,3,17.9,3.9,1,Cardiology,2,Sat,40.1
9,5,11.2,6.3,2,Pediatrics,19,Tue,39.0
8,4,13.9,6.8,0,Cardiology,15,Tue,36.8
10,5,22.2,8.0,1,Cardiology,20,Thu,49.5
12,6,11.3,7.0,4,General Medicine,20,Mon,45.4
10,1,17.7,6.7,0,Cardiology,8,Wed,186.0
7,2,4.1,7.1,0,Dermatology,0,Fri,18.3
4,6,20.3,3.1,3,Emergency,8,Sun,13.6
5,1,10.9,7.9,1,Orthopedics,3,Thu,75.5
7,4,15.0,6.1,3,Emergency,12,Sat,37.1
5,2,17.8,5.6,3,Emergency,3,Thu,41.5
5,4,19.3,3.5,1,Emergency,22,Thu,8.8
5,6,12.4,6.9,0,Orthopedics,14,Thu,10.8
2,4,8.9,4.9,2,Dermatology,6,Sun,12.0
7,1,21.7,7.5,1,Cardiology,22,Mon,165.9
9,7,12.7,6.2,0,General Medicine,18,Thu,34.5
17,4,4.0,10.4,2,Pediatrics,10,Mon,32.1
2,4,8.9,3.8,2,ENT,3,Sun,17.0
13,2,11.7,4.2,0,Pediatrics,8,Fri,79.9
13,2,16.9,5.1,0,Cardiology,14,Mon,118.6
15,1,8.9,7.4,0,Dermatology,18,Fri,137.6
2,1,10.8,6.7,0,Pediatrics,6,Thu,24.4
7,2,14.7,8.1,1,Cardiology,17,Mon,66.0
13,5,13.6,4.0,0,Pediatrics,6,Sun,50.5
4,4,17.1,5.1,0,Cardiology,5,Wed,22.8
17,7,9.0,8.7,1,Pediatrics,10,Mon,46.3
9,5,21.4,3.7,1,Emergency,3,Fri,31.2
10,4,7.2,5.0,1,General Medicine,9,Wed,35.0
10,6,23.8,11.3,3,Emergency,8,Fri,46.7
10,1,5.1,6.1,1,Dermatology,6,Tue,59.7
12,4,13.4,12.2,2,Dermatology,18,Sat,64.7
13,4,11.4,5.8,2,Dermatology,7,Wed,52.0
14,5,7.0,8.9,3,Pediatrics,16,Wed,52.9
5,7,21.0,5.7,4,Emergency,17,Sat,39.7
10,1,6.1,7.1,1,ENT,15,Thu,64.9
9,2,16.7,6.2,2,Emergency,6,Mon,68.7
14,1,12.5,3.3,1,Emergency,19,Fri,159.4
7,1,10.9,3.9,0,ENT,5,Fri,92.5
11,1,13.6,3.6,0,Orthopedics,6,Wed,150.5
4,6,14.4,6.2,1,General Medicine,20,Tue,18.9
8,5,12.7,6.3,1,General Medicine,8,Mon,35.0
10,4,11.3,6.5,2,Orthopedics,16,Sat,43.9
12,1,10.5,4.5,0,Dermatology,1,Mon,128.9
7,6,19.6,3.6,1,Cardiology,14,Fri,27.5
5,2,16.6,6.5,1,Cardiology,20,Sat,61.8
13,3,12.9,9.4,1,Pediatrics,17,Wed,64.7
3,4,17.2,7.1,1,Cardiology,13,Tue,24.8
9,3,6.6,6.1,5,ENT,20,Sat,48.8
10,5,19.4,1.9,7,Emergency,7,Fri,58.1
10,3,6.9,9.1,0,Dermatology,9,Mon,31.2
7,2,4.5,8.2,1,ENT,1,Fri,27.9
8,5,12.1,6.5,1,Emergency,16,Mon,11.9
14,4,19.9,6.7,0,Orthopedics,17,Wed,88.3
13,2,23.4,6.7,1,Emergency,18,Wed,141.2
10,3,19.4,3.2,1,Orthopedics,17,Sat,77.6
8,5,14.7,5.3,0,General Medicine,3,Sun,22.5
8,1,13.8,6.3,3,Orthopedics,15,Fri,132.4
16,6,11.5,3.8,0,General Medicine,18,Sat,40.8
12,1,10.2,2.3,1,General Medicine,4,Mon,120.5
13,5,21.6,7.2,5,Emergency,11,Mon,73.9
6,1,9.4,6.3,0,Dermatology,21,Sat,55.2
11,2,9.0,6.6,0,Pediatrics,9,Wed,43.3
12,4,9.3,5.4,0,Dermatology,18,Thu,34.2
13,4,15.5,8.6,0,General Medicine,12,Fri,54.2
7,7,10.0,3.4,1,Pediatrics,15,Wed,14.0
7,2,5.5,9.2,2,ENT,15,Fri,29.4
3,3,16.4,4.3,1,Orthopedics,15,Sat,21.2
11,6,4.3,8.0,3,Dermatology,18,Tue,33.0
11,1,17.6,5.1,4,Emergency,21,Fri,211.0
9,1,12.8,4.6,1,General Medicine,7,Tue,119.9
6,1,13.9,4.8,1,General Medicine,22,Wed,91.7
2,4,20.3,8.8,5,Emergency,15,Sat,27.3
4,2,15.0,5.9,1,Cardiology,14,Sun,34.6
8,1,26.4,5.3,1,Cardiology,7,Mon,225.0
16,4,16.4,9.2,2,Cardiology,10,Fri,93.3
6,1,19.4,4.3,0,Cardiology,15,Thu,113.9
6,6,7.2,7.8,1,ENT,8,Fri,28.7
5,1,6.2,1.0,2,ENT,6,Sat,32.8
4,6,10.2,4.6,1,Pediatrics,19,Mon,14.4
9,4,7.7,3.9,0,ENT,9,Sat,36.8
8,1,9.3,7.5,0,ENT,15,Tue,94.4
8,5,10.0,5.6,1,General Medicine,0,Tue,18.6
6,4,15.4,2.1,0,Orthopedics,1,Thu,30.6
3,1,5.7,5.4,1,Dermatology,20,Mon,14.7
5,1,12.2,5.6,0,ENT,3,Fri,70.9
9,5,12.9,8.5,3,General Medicine,19,Thu,43.0
7,1,11.6,6.1,1,General Medicine,21,Thu,96.4
14,2,9.0,8.5,0,ENT,11,Mon,74.8
7,5,16.9,3.9,1,Cardiology,21,Sat,33.7
8,6,20.4,4.0,3,Emergency,10,Mon,27.7
5,5,22.5,3.9,1,Cardiology,22,Tue,44.6
6,5,18.3,1.6,2,Emergency,5,Wed,13.9
8,3,10.5,12.6,0,Pediatrics,10,Fri,39.0
13,6,15.7,7.6,1,Cardiology,9,Wed,56.5
8,5,4.6,7.1,4,General Medicine,18,Sat,25.6
1,3,10.8,1.7,1,ENT,1,Sun,15.7
3,5,13.2,2.9,0,Pediatrics,19,Sat,9.6
4,1,19.3,4.9,0,Cardiology,0,Mon,77.9
9,5,22.0,4.8,1,Orthopedics,7,Sat,56.2
9,2,8.9,5.2,4,Pediatrics,14,Tue,64.2
8,1,9.3,2.4,1,General Medicine,3,Sun,81.8
4,7,21.6,1.7,0,Cardiology,11,Sun,15.5
14,1,23.7,10.0,3,Emergency,23,Mon,345.4
6,1,13.3,4.5,0,Pediatrics,19,Mon,76.4
6,3,11.8,4.7,0,Orthopedics,0,Fri,35.7
9,3,7.9,4.3,1,Pediatrics,14,Tue,22.6
6,1,4.0,6.5,0,Dermatology,14,Sun,20.2
7,1,20.9,4.2,1,Orthopedics,1,Thu,159.9
8,6,17.2,4.5,2,Emergency,15,Fri,27.6
7,2,6.4,6.2,1,Pediatrics,12,Sun,30.6
14,2,11.7,10.9,1,General Medicine,16,Tue,104.0
9,3,9.4,5.5,0,ENT,7,Thu,32.6
3,4,11.0,3.8,2,ENT,6,Sun,10.9
19,4,19.6,8.3,3,Emergency,17,Mon,96.2
12,2,18.0,7.6,4,Emergency,17,Tue,109.5
7,1,18.8,9.2,3,Emergency,3,Tue,139.7
3,4,7.2,3.9,5,ENT,5,Wed,31.7
15,4,19.2,6.3,0,Orthopedics,14,Mon,82.0
5,1,18.0,4.4,2,Cardiology,19,Tue,95.1
8,5,13.9,4.9,0,General Medicine,4,Sat,30.7
4,1,17.4,5.4,2,Cardiology,5,Thu,87.3
12,5,9.5,6.0,1,Orthopedics,19,Wed,42.1
13,1,16.9,8.7,1,General Medicine,16,Wed,231.1
6,1,11.7,1.5,0,Pediatrics,21,Sun,65.8
14,5,19.2,8.4,1,Cardiology,18,Thu,62.9
9,1,8.6,1.9,1,Orthopedics,22,Thu,85.1
7,1,19.6,4.1,0,Emergency,4,Sun,126.8
5,3,22.6,4.5,2,Cardiology,6,Mon,50.0
12,1,23.9,5.0,7,Emergency,5,Thu,302.2
7,1,8.3,3.7,0,ENT,1,Sat,66.5
12,7,15.7,8.8,1,General Medicine,18,Thu,44.6
3,3,14.7,1.0,1,Pediatrics,15,Sun,18.2
6,1,8.5,2.9,3,ENT,2,Sun,80.7
10,4,22.0,6.0,1,Cardiology,4,Wed,58.1
6,1,18.8,6.8,1,Orthopedics,4,Sat,121.9
9,4,20.5,13.7,0,Cardiology,9,Tue,56.5
15,5,22.8,12.5,2,Emergency,10,Tue,71.8
9,1,12.4,2.2,3,Orthopedics,6,Sun,124.6
6,1,14.4,6.6,0,General Medicine,22,Mon,95.9
11,5,14.6,7.8,2,Orthopedics,5,Wed,49.6
5,6,17.3,6.9,5,Emergency,13,Fri,44.5
9,3,12.6,8.5,0,Dermatology,10,Wed,33.1
7,4,7.6,6.5,1,Dermatology,9,Sat,18.0
10,3,20.7,6.4,1,Emergency,19,Tue,69.5
8,5,12.4,4.4,1,General Medicine,23,Thu,12.3
9,4,5.3,6.2,1,Pediatrics,0,Mon,27.7
9,2,11.1,6.2,0,General Medicine,11,Tue,65.8
7,1,14.3,10.4,1,General Medicine,2,Tue,114.7
7,4,8.0,5.3,0,Dermatology,10,Sat,11.2
15,6,18.9,6.8,3,Emergency,14,Tue,49.5
8,6,11.0,9.2,0,Pediatrics,9,Fri,27.7
7,1,11.2,6.0,2,Dermatology,7,Wed,89.6
8,3,13.1,7.0,2,Cardiology,7,Thu,54.9
7,2,11.7,6.2,1,General Medicine,7,Sun,47.3
5,1,20.1,4.2,3,Emergency,7,Sun,107.8
10,4,25.3,7.4,4,Emergency,8,Mon,72.4
7,1,21.6,7.1,0,Cardiology,16,Sat,175.1
7,1,4.9,1.4,0,ENT,2,Sun,29.7
8,2,19.0,5.9,1,Orthopedics,0,Fri,95.6
12,2,7.5,8.4,1,Dermatology,12,Tue,50.1
17,4,13.2,10.1,0,Cardiology,16,Fri,60.5
5,5,16.0,7.2,5,Emergency,6,Fri,29.5
10,1,16.1,6.1,1,General Medicine,4,Fri,165.2
8,6,11.4,6.6,0,Pediatrics,14,Thu,25.2
8,6,17.1,9.2,3,Emergency,9,Thu,36.7
8,1,19.7,7.7,1,Orthopedics,17,Fri,168.4
6,1,17.1,8.4,1,Orthopedics,3,Thu,111.8
3,1,7.2,5.3,0,Dermatology,2,Sat,28.9
6,7,10.9,9.7,3,Pediatrics,13,Fri,26.8
13,5,15.4,8.5,1,Cardiology,9,Wed,44.9
13,5,21.0,7.8,2,Orthopedics,17,Fri,77.2
10,1,6.4,2.0,0,Pediatrics,12,Sat,67.9
3,5,16.1,10.5,2,Emergency,8,Thu,15.0
13,2,10.6,5.2,0,Pediatrics,3,Sat,69.4
6,3,20.6,7.5,2,General Medicine,3,Mon,62.3
9,4,4.8,12.4,3,ENT,18,Wed,42.1
5,1,22.4,6.3,3,Emergency,5,Fri,105.0
6,5,12.2,4.8,1,General Medicine,12,Sun,41.9
9,3,10.2,7.8,1,ENT,19,Fri,35.6
6,1,21.4,5.5,2,Cardiology,21,Fri,139.2
5,5,5.9,2.3,1,Dermatology,6,Wed,4.9
9,1,11.2,9.0,0,General Medicine,2,Fri,99.8
7,7,17.9,6.8,2,Emergency,18,Wed,13.2
19,4,13.2,7.5,2,ENT,16,Mon,76.0
11,1,11.8,7.5,1,Dermatology,7,Tue,135.7
10,6,11.6,1.9,1,Orthopedics,14,Fri,20.9
3,5,21.1,4.4,2,Emergency,4,Sun,17.8
10,7,12.1,9.5,1,ENT,16,Thu,34.6
3,3,7.2,8.4,1,General Medicine,17,Sun,26.9
3,5,24.2,5.4,2,Emergency,7,Sat,11.9
12,5,7.8,10.4,0,Dermatology,11,Thu,30.3
5,3,13.6,6.0,0,Orthopedics,8,Sat,31.1
9,5,22.2,8.9,0,Cardiology,0,Wed,55.2
11,2,18.4,5.0,0,Orthopedics,3,Thu,100.9
11,1,13.9,2.2,1,Cardiology,23,Sat,166.5
6,6,22.2,7.1,0,Emergency,10,Fri,16.8
8,1,22.0,7.2,0,Emergency,3,Thu,170.2
7,1,4.0,5.4,3,Pediatrics,1,Thu,54.8
2,4,21.7,3.0,1,Emergency,8,Sun,1.7
4,3,16.8,8.1,1,Cardiology,23,Mon,33.9
13,5,12.4,10.1,1,ENT,9,Mon,56.3
12,4,5.4,9.1,1,Dermatology,23,Thu,23.9
6,4,18.4,9.5,1,Cardiology,11,Mon,41.7
16,4,16.4,10.1,2,Cardiology,18,Wed,76.6
9,5,16.1,8.2,1,Cardiology,18,Thu,37.2
5,2,13.4,1.7,5,Emergency,0,Wed,46.7
9,5,18.2,4.9,0,Orthopedics,0,Tue,40.1
15,1,13.5,4.5,0,Pediatrics,22,Tue,201.1
14,1,15.2,3.3,0,Orthopedics,22,Fri,213.4
2,3,11.1,4.5,1,Pediatrics,3,Sun,11.2
3,7,12.8,6.0,0,Orthopedics,15,Sat,14.9
9,1,15.2,5.1,2,General Medicine,22,Thu,153.9
10,1,12.7,6.8,1,General Medicine,22,Mon,135.9
7,1,8.2,4.8,1,Dermatology,7,Tue,55.8
5,7,16.4,5.7,0,General Medicine,19,Thu,8.5
9,2,14.1,4.8,1,Cardiology,15,Tue,81.8
7,4,4.0,6.6,0,Dermatology,22,Fri,8.2
3,1,9.3,7.2,0,Dermatology,3,Wed,34.9
3,6,17.4,7.6,1,Cardiology,14,Sat,15.5
12,1,6.6,4.9,3,Pediatrics,0,Tue,94.8
8,7,20.5,5.6,4,Emergency,8,Thu,24.2
6,2,9.1,6.4,0,Dermatology,0,Sat,33.8
11,1,11.6,8.3,3,ENT,10,Tue,154.6
10,7,8.7,5.2,0,General Medicine,19,Sat,23.5
8,5,10.8,5.0,2,General Medicine,15,Fri,26.4
7,1,15.9,6.8,1,Orthopedics,7,Fri,124.0
11,3,13.3,10.2,2,Pediatrics,10,Thu,61.8
4,7,22.7,6.8,3,Emergency,8,Sun,18.9
9,3,8.5,4.8,0,Pediatrics,17,Sat,35.9
6,5,11.6,7.0,2,Pediatrics,6,Tue,27.9
6,2,18.4,5.7,4,Emergency,2,Thu,62.2
7,1,6.8,3.0,0,Dermatology,12,Sun,40.2
12,5,9.1,4.8,4,Pediatrics,19,Tue,38.4
13,1,13.1,7.5,0,Orthopedics,11,Thu,174.0
4,3,20.2,5.1,1,Cardiology,4,Sat,32.7
12,1,11.8,4.2,3,ENT,1,Tue,164.4
9,3,18.8,6.2,1,Emergency,22,Thu,48.5
12,2,20.5,9.0,3,Emergency,18,Thu,130.8
11,1,18.8,7.3,4,Emergency,3,Tue,221.9
12,1,9.2,5.0,0,General Medicine,1,Tue,118.1
8,1,6.7,3.0,2,Pediatrics,3,Thu,80.9
11,5,23.2,10.9,2,Cardiology,9,Tue,76.2
9,7,9.8,3.1,1,General Medicine,19,Sun,18.3
9,3,16.9,8.2,2,Orthopedics,3,Thu,60.0
6,5,11.2,6.0,0,Pediatrics,19,Fri,27.7
11,4,16.4,6.1,3,Emergency,0,Wed,46.8
11,4,13.3,10.2,2,General Medicine,17,Wed,52.0
5,1,10.9,7.3,0,Pediatrics,6,Thu,57.6
10,1,9.9,5.8,0,Pediatrics,23,Fri,99.5
11,7,8.7,8.1,0,Pediatrics,11,Wed,22.0
12,4,18.0,5.9,1,Cardiology,6,Tue,61.9
6,5,16.4,2.4,0,Orthopedics,5,Tue,23.7
9,2,17.4,8.0,2,Emergency,19,Thu,94.2
12,2,14.3,7.3,1,Pediatrics,9,Fri,99.0
9,7,20.1,5.0,0,Cardiology,8,Thu,42.2
11,7,4.0,8.2,1,ENT,17,Tue,18.2
13,4,8.3,9.7,3,ENT,12,Tue,49.4
6,7,14.4,5.7,1,Dermatology,15,Wed,4.3
18,5,11.1,10.3,0,Pediatrics,10,Wed,59.6
7,4,15.8,7.0,3,Cardiology,1,Tue,42.9
5,1,9.9,2.6,1,Dermatology,0,Sun,56.3
18,3,13.6,4.4,2,Emergency,0,Wed,65.3
10,2,9.8,5.5,1,ENT,13,Tue,55.4
12,6,7.5,10.4,1,ENT,12,Fri,32.2
13,2,20.1,7.4,5,Emergency,17,Sat,143.4
8,4,5.0,7.3,2,ENT,21,Thu,21.6
6,2,18.7,5.5,5,Emergency,4,Fri,68.8
8,3,4.2,8.0,1,General Medicine,22,Mon,29.1
0,3,13.1,6.7,0,Orthopedics,22,Thu,1.0
5,7,12.4,4.8,0,General Medicine,14,Mon,17.5
13,4,15.3,8.5,1,General Medicine,12,Mon,70.4
8,1,25.4,7.6,1,Cardiology,4,Fri,222.1
7,4,7.5,9.0,1,Pediatrics,4,Tue,28.1
8,1,16.5,2.5,1,Orthopedics,0,Mon,137.3
10,2,17.0,6.5,1,Cardiology,15,Tue,100.6
11,5,8.1,3.1,1,ENT,10,Sat,24.5
6,5,20.3,4.5,1,Emergency,4,Fri,26.2
6,3,7.5,6.9,2,Dermatology,3,Wed,40.3
1,3,20.6,4.4,1,Orthopedics,1,Sun,9.1
4,2,14.1,4.4,1,Orthopedics,15,Wed,39.5
8,3,4.6,5.4,1,Dermatology,16,Sun,17.1
4,5,12.6,7.9,0,General Medicine,15,Wed,7.4
13,2,14.8,6.2,2,Cardiology,2,Mon,113.8
7,5,13.9,6.0,1,Orthopedics,0,Mon,29.8
7,2,13.2,8.0,1,Pediatrics,2,Tue,64.7
10,5,8.3,10.6,1,ENT,18,Tue,38.5
15,6,16.6,8.2,2,Orthopedics,17,Tue,60.3
6,3,9.4,7.2,0,Pediatrics,7,Wed,33.0
4,1,9.8,3.7,3,ENT,1,Sun,48.1
8,4,7.9,6.2,2,Pediatrics,7,Tue,30.9
7,5,11.4,2.6,0,ENT,19,Tue,26.1
9,2,6.0,3.1,0,Pediatrics,3,Sun,35.9
6,6,15.6,6.3,2,Cardiology,19,Tue,30.1
6,6,8.2,4.1,3,Dermatology,11,Sat,22.7
7,5,12.5,5.3,0,Pediatrics,3,Fri,19.0
3,4,8.6,1.0,0,Dermatology,22,Sun,11.9
10,1,9.5,10.4,0,Dermatology,12,Thu,108.5
14,5,16.3,11.8,4,Emergency,16,Fri,61.7
2,3,9.1,4.0,0,Pediatrics,2,Tue,13.1
5,1,8.7,2.8,0,Dermatology,8,Fri,44.8
6,3,20.2,7.1,5,Emergency,15,Fri,57.5
9,1,4.8,4.7,2,Dermatology,15,Sun,49.8
5,1,7.5,6.9,3,Pediatrics,1,Mon,61.7
8,4,7.6,7.4,0,Dermatology,14,Tue,30.9
11,1,14.2,6.3,1,General Medicine,22,Mon,173.4
10,6,15.3,9.0,0,ENT,18,Sat,34.3
10,1,14.7,9.0,2,Cardiology,4,Mon,164.0
5,1,18.2,8.0,0,Cardiology,21,Sun,101.8
12,4,14.9,13.1,0,Cardiology,16,Wed,69.7
5,1,11.9,4.6,0,General Medicine,1,Wed,67.8
6,1,16.8,6.3,0,Cardiology,3,Sun,97.9
6,3,21.2,4.6,4,Emergency,22,Sat,42.9
8,4,12.0,2.2,5,Cardiology,5,Thu,40.7
6,3,9.0,5.2,1,Pediatrics,2,Sun,32.1
9,6,20.3,4.9,5,Emergency,10,Sat,33.8
10,2,12.6,9.0,2,General Medicine,12,Fri,88.3
9,1,19.0,3.7,1,Cardiology,13,Wed,189.5
7,6,18.5,6.8,0,Cardiology,15,Sun,35.0
8,1,21.8,2.4,3,Cardiology,23,Sat,176.8
7,7,24.0,4.8,0,Emergency,18,Sun,9.7
8,1,14.4,6.5,1,Orthopedics,0,Sun,125.2
3,1,18.4,6.5,3,Emergency,2,Thu,56.9
6,3,12.6,9.6,0,General Medicine,0,Wed,31.2
10,7,10.4,8.1,0,Dermatology,9,Sun,14.8
5,5,9.1,6.4,2,ENT,8,Sun,25.3
8,4,6.7,3.9,0,Pediatrics,22,Mon,15.0
4,2,12.9,6.7,0,Pediatrics,8,Fri,31.9
6,5,9.2,9.7,0,Dermatology,0,Fri,21.9
10,2,14.3,2.0,0,ENT,21,Sat,60.2
7,4,6.8,4.2,0,ENT,6,Sun,7.2
6,1,12.7,5.8,0,General Medicine,21,Tue,80.3
12,3,10.3,6.8,1,ENT,18,Sun,50.9
6,1,19.3,7.5,3,Emergency,21,Fri,118.3
4,7,9.2,6.3,4,General Medicine,19,Mon,28.8
5,1,18.8,10.1,0,Cardiology,3,Thu,104.0
11,4,16.7,1.3,0,Cardiology,15,Mon,56.6
9,6,20.1,1.0,6,Emergency,9,Sun,34.1
4,2,10.1,3.7,1,Pediatrics,15,Sat,29.3
7,6,14.8,8.9,1,Cardiology,17,Sun,30.3
12,5,6.7,8.7,0,Dermatology,12,Fri,21.1
11,1,10.8,5.2,0,General Medicine,7,Wed,122.7
9,1,8.2,2.2,1,Dermatology,21,Wed,80.7
6,2,9.4,3.6,2,Dermatology,15,Sun,37.8
6,1,9.0,4.9,1,Dermatology,21,Tue,51.9
4,1,11.6,3.9,2,ENT,5,Sun,66.4
12,5,8.5,5.7,0,Dermatology,20,Wed,25.2
7,2,14.0,7.4,1,Dermatology,7,Fri,54.7
8,4,21.2,8.1,1,Emergency,11,Fri,45.7
10,1,11.0,4.3,2,Orthopedics,20,Mon,119.4
6,6,16.8,6.0,0,Cardiology,8,Tue,25.2
6,4,18.6,6.0,1,ENT,6,Tue,32.3
10,4,6.0,1.7,0,Pediatrics,21,Sat,21.7
11,3,9.4,6.7,1,Dermatology,23,Mon,43.9
7,3,14.8,3.5,1,Dermatology,7,Fri,37.6
6,3,5.3,7.3,3,ENT,7,Mon,34.6
5,1,19.8,3.1,0,Orthopedics,5,Sat,93.3
5,1,19.8,1.9,1,Orthopedics,0,Sun,110.0
9,4,17.2,11.5,0,Cardiology,13,Wed,48.0
4,2,4.0,6.2,0,ENT,6,Tue,25.7
6,2,9.9,8.1,2,Dermatology,20,Thu,42.1
9,1,8.8,5.9,1,ENT,4,Fri,82.5
6,2,19.5,6.8,1,Emergency,15,Sat,69.2
13,4,22.1,10.5,5,Emergency,12,Fri,93.4
9,6,9.1,5.4,1,ENT,14,Fri,18.0
11,1,10.3,7.9,1,Orthopedics,2,Fri,128.5
11,5,8.7,11.4,1,ENT,11,Tue,42.9
6,2,16.2,5.2,2,Orthopedics,15,Tue,44.1
8,4,10.5,4.2,1,ENT,8,Sun,31.1
10,1,11.9,10.2,0,Dermatology,20,Fri,126.3
6,2,9.2,6.7,0,Orthopedics,12,Sun,36.0
13,5,21.1,8.2,1,Cardiology,8,Fri,59.2
10,5,10.9,7.7,1,General Medicine,0,Thu,33.4
9,4,8.6,8.2,1,Dermatology,4,Thu,19.1
14,7,20.7,11.0,4,Cardiology,11,Fri,72.7
15,7,15.8,3.5,2,Cardiology,9,Tue,42.6
6,4,16.9,4.9,2,Cardiology,20,Thu,40.4
10,5,11.8,5.7,0,Pediatrics,18,Sat,30.3
7,2,7.3,6.6,1,ENT,3,Mon,38.6
6,7,9.1,4.2,1,Dermatology,14,Mon,8.9
17,2,11.8,8.8,5,Orthopedics,10,Tue,131.1
13,1,15.7,3.5,1,General Medicine,2,Fri,213.2
4,7,17.3,2.0,0,Orthopedics,15,Tue,20.4
8,6,7.8,14.4,0,Pediatrics,12,Thu,29.3
8,1,18.3,5.1,1,Orthopedics,2,Mon,161.0
8,2,10.3,11.5,0,ENT,11,Tue,59.5
8,6,9.2,10.8,1,General Medicine,17,Mon,29.1
4,2,10.1,3.4,2,Dermatology,7,Sat,31.0
6,6,12.2,9.1,2,Pediatrics,8,Thu,33.8
7,1,15.3,4.2,8,Emergency,2,Tue,118.9
5,4,4.0,5.8,1,Dermatology,4,Thu,14.7
9,3,8.8,5.4,1,Pediatrics,23,Sun,43.3
4,4,15.8,4.3,0,Cardiology,14,Sat,23.5
3,3,13.9,3.9,0,General Medicine,4,Sun,12.5
19,1,10.0,5.1,0,General Medicine,11,Wed,191.9
3,4,18.2,7.5,2,Emergency,4,Wed,11.0
14,5,13.5,10.8,1,Dermatology,10,Wed,51.7
11,1,13.8,5.0,2,Pediatrics,3,Wed,171.0
6,1,5.5,6.1,3,Pediatrics,14,Sun,39.8
7,7,14.1,6.5,2,Pediatrics,13,Mon,27.4
6,4,19.8,6.4,0,Orthopedics,15,Sat,37.2
9,3,14.6,7.9,2,Orthopedics,10,Sun,62.5
8,5,13.9,3.6,0,Orthopedics,6,Sat,21.4
5,1,12.4,10.2,2,Cardiology,5,Fri,81.9
4,5,6.0,2.4,2,Pediatrics,5,Sat,16.4
11,3,19.7,3.0,3,Emergency,10,Mon,72.2
11,6,6.7,1.1,2,Dermatology,10,Sat,18.2
10,1,7.0,9.9,2,Dermatology,16,Thu,84.2
5,4,11.1,1.0,0,Pediatrics,1,Sun,16.6
9,3,14.4,4.7,3,ENT,6,Mon,56.3
4,7,6.3,6.4,1,Dermatology,20,Sun,10.0
5,1,8.3,1.0,1,Pediatrics,21,Fri,43.7
8,1,7.7,5.5,3,Dermatology,22,Mon,75.4
7,4,14.3,5.8,2,Orthopedics,7,Thu,39.9
5,3,13.1,2.9,1,Dermatology,3,Mon,21.1
6,5,17.5,6.5,2,Cardiology,4,Mon,34.6
4,4,10.8,5.6,1,Dermatology,3,Thu,14.9
3,3,17.8,5.4,1,Pediatrics,22,Sat,26.5
8,4,20.3,5.9,0,Orthopedics,21,Mon,35.8
5,5,9.5,5.0,0,Pediatrics,19,Tue,23.2
13,2,8.7,9.7,0,Pediatrics,17,Wed,66.3
9,3,12.2,8.5,2,Orthopedics,8,Thu,58.2
7,2,15.4,11.8,1,Orthopedics,11,Mon,61.6
6,1,7.3,7.2,3,General Medicine,20,Fri,65.6
7,2,15.8,7.6,1,ENT,19,Thu,67.2
6,4,16.4,5.0,2,Cardiology,12,Sun,29.0
3,4,8.2,5.5,0,Dermatology,20,Wed,17.0
7,3,9.9,6.9,1,ENT,8,Thu,43.4
9,7,6.5,9.5,1,Pediatrics,9,Mon,26.1
2,3,15.1,5.4,1,General Medicine,20,Sun,25.5
8,4,16.5,9.2,1,Orthopedics,9,Sat,50.5
11,5,17.3,8.8,1,Cardiology,18,Wed,50.1
12,2,11.2,6.0,1,Pediatrics,10,Thu,68.0
3,2,7.8,2.4,0,Dermatology,7,Sun,3.2
10,1,9.0,6.4,3,ENT,5,Wed,106.7
12,7,6.1,5.3,0,Dermatology,14,Tue,24.1
16,4,12.4,6.5,2,General Medicine,11,Tue,60.1
4,6,9.3,5.9,0,Dermatology,8,Fri,6.3
6,4,7.6,7.5,2,Pediatrics,17,Tue,28.8
12,3,18.9,7.2,2,Cardiology,0,Mon,95.2
10,1,12.3,9.0,0,Cardiology,2,Tue,132.5
3,5,11.8,6.5,1,Dermatology,23,Sun,11.4
5,3,6.4,2.3,1,Pediatrics,15,Sun,32.4
2,4,4.9,3.0,2,Pediatrics,13,Sun,11.0
10,4,13.6,2.9,1,Orthopedics,0,Tue,55.9
7,7,15.8,8.2,2,Orthopedics,14,Thu,31.2
13,4,9.2,9.3,1,Pediatrics,10,Thu,45.5
9,3,12.5,9.2,0,Pediatrics,14,Thu,53.4
8,2,9.4,7.2,1,Pediatrics,0,Mon,48.0
4,3,17.5,5.1,1,Cardiology,13,Fri,25.4
11,3,14.7,2.4,1,Orthopedics,13,Mon,62.5
13,4,20.3,6.6,0,Orthopedics,6,Tue,66.2
8,3,6.9,10.2,0,Dermatology,1,Wed,11.4
6,4,17.7,7.7,2,Pediatrics,23,Fri,46.4
4,3,26.1,6.0,4,Emergency,17,Sun,36.5
7,3,4.6,7.7,1,Dermatology,14,Fri,24.3
13,1,13.0,10.5,0,Pediatrics,18,Thu,182.5
9,5,13.3,11.5,1,Orthopedics,16,Thu,46.1
11,3,10.6,4.3,1,Pediatrics,3,Thu,56.1
15,7,5.4,9.9,1,Pediatrics,10,Tue,31.7
5,5,14.9,1.2,0,Orthopedics,21,Sun,22.8
4,1,20.6,1.0,3,General Medicine,6,Sun,91.6
10,1,9.9,7.4,1,General Medicine,23,Tue,118.2
11,4,20.5,8.5,1,Cardiology,1,Mon,73.8
9,2,9.7,6.0,3,ENT,7,Tue,65.6
4,3,13.7,5.8,0,Orthopedics,8,Fri,31.4
7,4,23.9,6.7,3,Emergency,14,Mon,53.4
6,5,13.9,8.3,1,Orthopedics,4,Mon,32.5
11,5,20.2,7.8,3,Emergency,5,Fri,39.7
11,1,11.0,6.7,2,Pediatrics,15,Tue,145.4
10,3,22.0,7.4,1,Cardiology,6,Mon,83.1
9,3,7.1,7.6,0,Dermatology,21,Mon,27.6
9,4,19.1,3.9,1,General Medicine,20,Fri,55.6
4,4,14.9,7.1,5,Emergency,7,Wed,15.8
13,2,13.5,3.4,0,Orthopedics,13,Tue,89.8
9,1,22.0,8.2,0,Cardiology,7,Fri,208.9
7,3,7.6,7.7,3,ENT,8,Tue,57.0
9,7,9.8,9.1,1,ENT,16,Thu,33.0
5,1,9.4,5.6,1,General Medicine,7,Thu,52.3
5,1,16.0,8.3,0,Emergency,3,Fri,82.3
9,3,7.7,6.5,1,ENT,6,Fri,43.9
6,1,22.6,6.5,2,Emergency,22,Fri,134.7
11,1,16.5,6.7,3,Cardiology,6,Tue,201.7
7,5,9.0,6.8,2,ENT,8,Mon,31.9
12,6,16.8,8.3,1,Cardiology,15,Thu,50.7
3,1,22.3,2.8,3,Emergency,2,Mon,67.2
10,3,4.0,5.8,0,Dermatology,6,Thu,8.8
4,5,20.0,2.0,3,Emergency,4,Fri,5.4
6,2,17.2,5.0,0,Cardiology,22,Sat,52.0
8,2,5.6,4.7,0,Dermatology,22,Fri,19.6
9,6,18.9,6.6,1,Orthopedics,18,Sun,39.5
5,5,13.1,4.5,2,Cardiology,5,Thu,30.7
6,3,9.4,4.4,0,Dermatology,14,Thu,13.8
6,5,13.7,5.1,2,General Medicine,15,Tue,25.2
10,6,8.1,6.2,1,ENT,20,Fri,27.8
6,5,18.1,5.6,1,General Medicine,3,Sat,27.7
12,3,10.6,7.5,2,ENT,17,Wed,55.4
10,2,16.1,6.3,0,Cardiology,4,Mon,87.4
6,3,20.1,6.8,2,Cardiology,13,Mon,55.1
8,1,16.9,5.0,1,Cardiology,21,Fri,138.2
9,1,17.1,6.8,0,Cardiology,1,Fri,166.0
6,1,18.7,3.4,0,Orthopedics,3,Mon,122.8
7,6,19.9,4.2,0,Cardiology,19,Mon,25.6
8,1,21.5,8.1,0,Cardiology,0,Fri,195.0
10,5,4.0,4.5,0,Dermatology,16,Wed,4.1
12,7,19.4,8.3,2,Cardiology,12,Wed,51.3
12,3,13.9,6.1,0,ENT,8,Tue,55.0
5,7,4.9,4.7,0,Dermatology,20,Sat,1.3
2,1,20.8,4.8,4,Emergency,20,Sat,59.4
10,1,11.6,5.6,2,General Medicine,7,Mon,133.2
12,1,11.5,5.2,0,ENT,0,Mon,144.3
5,1,8.7,4.3,2,Pediatrics,3,Thu,51.6
7,4,12.7,9.1,0,Pediatrics,2,Fri,24.8
12,1,7.5,7.5,1,Dermatology,23,Tue,105.0
14,6,20.5,6.6,1,General Medicine,14,Tue,62.1
12,4,9.4,8.9,0,Dermatology,16,Fri,29.0
10,1,15.2,4.8,0,Dermatology,5,Thu,147.4
2,4,22.3,5.9,2,Emergency,20,Mon,14.5
13,5,8.2,7.1,1,ENT,17,Fri,39.9
10,7,20.5,11.7,5,Emergency,18,Mon,39.6
7,1,13.5,7.2,0,General Medicine,11,Tue,102.9
14,3,13.5,6.5,4,Emergency,16,Fri,73.0
9,4,13.2,11.9,1,Pediatrics,13,Tue,48.8
6,5,15.8,8.7,1,Orthopedics,9,Mon,32.7
2,7,14.0,2.5,0,General Medicine,14,Sun,1.0
6,4,17.2,7.5,3,Orthopedics,7,Tue,47.3
10,2,4.5,3.3,1,Dermatology,22,Thu,30.0
7,1,10.6,4.9,1,Pediatrics,17,Sat,75.6
5,2,8.4,7.9,1,Dermatology,17,Sun,30.4
12,6,5.6,10.6,0,ENT,17,Sat,26.4
14,4,13.7,11.0,1,ENT,10,Wed,58.5
7,3,26.0,5.7,5,Emergency,22,Sat,68.6
5,3,17.2,8.8,3,Cardiology,4,Mon,46.0
8,7,16.9,5.4,0,Orthopedics,13,Wed,26.0
7,1,20.1,3.1,2,Emergency,1,Tue,131.1
7,5,17.2,4.6,0,Cardiology,7,Thu,19.5
5,6,8.0,6.9,0,ENT,13,Sun,17.6
8,4,11.5,3.9,2,Orthopedics,11,Sat,42.1
7,1,11.4,3.9,0,Pediatrics,22,Sun,82.6
10,6,8.4,6.1,3,Pediatrics,14,Mon,21.5
6,7,12.1,7.1,1,Pediatrics,9,Sat,15.9
13,7,8.9,7.5,1,Pediatrics,10,Sat,26.5
11,2,4.7,7.3,1,Dermatology,14,Thu,34.9
7,6,10.2,14.9,1,General Medicine,18,Mon,29.1
9,5,10.3,7.5,1,ENT,6,Mon,33.0
3,5,19.2,7.1,1,Emergency,14,Sun,3.8
7,1,5.5,6.1,0,Dermatology,13,Wed,47.5
11,1,20.0,10.0,2,Orthopedics,0,Fri,231.3
6,3,8.1,2.7,1,General Medicine,21,Sun,22.1
9,3,12.1,8.0,2,Dermatology,13,Thu,45.5
10,2,15.6,5.8,2,General Medicine,5,Tue,93.9
3,7,11.9,8.0,1,ENT,15,Thu,10.5
11,5,11.5,10.1,2,ENT,16,Tue,46.1
8,1,7.9,8.6,1,Pediatrics,21,Tue,74.2
10,1,6.6,5.2,0,Dermatology,0,Sat,68.0
11,7,16.0,8.9,1,Pediatrics,9,Wed,36.3
11,4,13.4,8.0,2,Pediatrics,4,Fri,61.1
5,5,9.7,2.6,0,Dermatology,13,Sat,7.6
15,4,18.5,5.5,2,Emergency,12,Thu,66.9
17,6,7.6,4.6,0,Pediatrics,11,Thu,25.1
9,2,16.8,9.7,1,Emergency,23,Tue,74.2
6,3,18.2,9.5,0,Emergency,12,Thu,36.5
8,2,7.4,7.3,0,Dermatology,9,Sat,33.8
9,1,12.8,5.3,3,General Medicine,1,Tue,131.4
8,4,18.9,6.7,3,Orthopedics,6,Tue,62.1
7,5,15.7,4.6,0,ENT,21,Fri,40.0
8,5,24.8,6.3,5,Emergency,10,Sun,48.1
5,3,4.5,2.4,1,Dermatology,21,Wed,10.7
9,5,13.0,2.6,0,Orthopedics,12,Sat,21.6
8,5,7.4,3.4,1,Pediatrics,13,Tue,23.0
10,5,23.6,7.3,3,Emergency,10,Thu,60.7
5,7,12.7,7.0,3,Pediatrics,13,Sun,21.1
8,5,13.8,11.1,2,Orthopedics,1,Thu,45.4
5,2,20.0,8.3,1,Emergency,1,Thu,38.9
12,2,19.0,2.7,1,Cardiology,11,Tue,117.7
4,1,12.0,9.6,1,Pediatrics,14,Thu,62.9
4,5,16.1,5.2,1,General Medicine,13,Fri,26.8
8,2,19.0,3.2,2,Cardiology,10,Sun,81.3
2,1,19.8,9.8,3,Emergency,7,Tue,40.9
11,5,19.6,8.2,1,Cardiology,17,Wed,52.5
8,6,8.7,4.1,0,ENT,14,Fri,17.6
4,4,11.6,3.1,0,Pediatrics,1,Sun,6.4
14,3,7.8,8.4,1,Dermatology,10,Tue,59.9
6,4,12.0,10.2,1,Dermatology,17,Fri,24.9
6,4,13.2,6.7,1,ENT,18,Sun,26.6
7,3,7.8,4.7,2,Dermatology,6,Fri,18.8
6,1,15.6,2.1,2,ENT,22,Wed,107.2
7,5,16.0,4.4,1,Orthopedics,15,Tue,28.4
8,2,9.6,9.5,2,Dermatology,10,Wed,56.3
13,1,12.7,4.5,1,Dermatology,15,Mon,171.4
4,4,14.4,6.3,0,Dermatology,20,Tue,28.3
10,2,13.9,6.0,0,Pediatrics,5,Thu,69.6
8,2,10.4,8.3,3,ENT,3,Mon,63.0
12,7,11.2,9.6,0,General Medicine,10,Mon,29.2
8,1,10.3,7.8,2,ENT,2,Fri,87.5
10,1,20.2,5.6,0,Cardiology,20,Mon,211.0
8,1,16.6,9.3,0,Orthopedics,23,Mon,142.3
8,5,19.7,5.1,4,Emergency,14,Fri,42.9
5,5,18.1,2.5,5,Emergency,23,Sun,27.0
4,2,13.0,6.9,0,General Medicine,1,Sat,33.7
9,2,8.4,4.7,2,Pediatrics,15,Mon,59.2
8,6,5.3,6.8,0,Pediatrics,10,Tue,10.8
7,1,17.6,2.0,3,Emergency,6,Sat,127.6
6,5,16.9,3.2,0,Cardiology,7,Sat,26.2
7,2,5.9,5.5,0,Dermatology,13,Wed,31.9
5,7,8.9,5.0,0,Dermatology,15,Sun,5.9
3,3,4.4,5.7,0,Dermatology,3,Sun,19.8
6,6,8.8,4.3,2,General Medicine,14,Sat,19.1
5,3,16.0,6.1,1,General Medicine,22,Sat,40.5
7,2,18.0,5.8,1,Orthopedics,0,Sat,70.2
11,3,16.1,4.2,0,Orthopedics,21,Tue,69.0
7,2,12.4,4.0,0,Dermatology,14,Fri,39.9
5,3,8.0,3.3,0,Pediatrics,8,Sun,33.3
5,6,17.4,4.7,0,Orthopedics,17,Tue,21.2
5,1,9.6,6.2,0,Pediatrics,14,Mon,54.7
10,6,14.6,8.6,0,Pediatrics,18,Wed,29.0
7,1,10.8,9.3,0,Pediatrics,1,Tue,74.8
4,1,7.5,6.4,2,Pediatrics,1,Sun,47.5
10,1,22.2,5.4,1,Cardiology,15,Thu,226.1
7,4,13.9,8.0,1,Orthopedics,7,Fri,42.2
3,1,14.6,3.9,1,Cardiology,5,Sun,36.3
9,6,22.7,7.2,1,Cardiology,10,Sat,40.2
13,6,10.0,2.4,1,Dermatology,17,Sat,24.1
9,2,17.5,3.1,3,Emergency,4,Sun,87.8
11,1,17.8,6.3,3,Cardiology,23,Fri,214.8
13,6,8.7,8.5,2,ENT,10,Tue,38.0
8,1,5.4,6.8,1,Dermatology,3,Sat,43.7
9,5,6.5,6.7,0,ENT,1,Wed,19.7
8,5,11.8,7.2,2,General Medicine,20,Wed,33.0
12,1,23.0,6.4,2,Emergency,2,Fri,287.1
14,1,12.6,9.0,5,Pediatrics,10,Wed,195.0
13,2,13.4,10.8,0,Orthopedics,16,Mon,104.8
11,5,11.6,9.9,0,ENT,12,Sun,33.0
11,1,19.6,1.8,1,Orthopedics,6,Thu,220.2
2,2,7.5,4.0,2,Pediatrics,2,Fri,19.1
12,7,22.3,6.4,3,Emergency,17,Sat,39.9
13,7,12.1,11.7,1,General Medicine,11,Fri,34.0
9,1,9.3,7.6,2,Pediatrics,1,Fri,91.2
4,3,20.1,2.6,5,Emergency,4,Sat,49.8
9,4,10.5,5.2,2,Dermatology,13,Wed,32.0
3,2,8.3,5.7,3,General Medicine,4,Sat,25.1
8,1,8.1,5.1,2,Dermatology,9,Sat,78.2
10,1,19.0,6.6,3,Emergency,2,Tue,200.0
4,5,12.2,4.6,1,General Medicine,19,Tue,19.4
3,5,14.5,5.2,0,Orthopedics,15,Sun,8.8
6,3,15.8,7.6,3,Cardiology,18,Sun,58.4
4,5,17.8,1.0,0,General Medicine,1,Sun,10.4
11,2,4.0,12.6,0,Pediatrics,9,Mon,31.6
5,2,11.8,8.0,1,Pediatrics,6,Sun,36.6
3,5,11.8,1.0,1,Pediatrics,14,Sun,5.7
7,2,15.3,3.7,1,Orthopedics,19,Sat,66.5
15,2,18.9,2.7,1,Cardiology,5,Thu,146.0
16,1,12.0,4.7,0,Pediatrics,18,Thu,212.3
4,4,13.5,7.6,0,Orthopedics,13,Thu,24.2
6,5,9.0,9.6,0,Pediatrics,19,Mon,23.2
16,5,7.2,6.0,1,Dermatology,1,Thu,30.5
8,1,11.5,9.1,1,Pediatrics,23,Tue,103.7
6,3,21.6,7.7,3,Emergency,10,Tue,54.5
4,1,15.0,3.1,0,Cardiology,6,Mon,58.4
13,5,7.9,5.2,0,Dermatology,4,Thu,19.0
13,5,7.3,4.4,0,ENT,23,Mon,29.5
3,4,7.3,5.1,2,Pediatrics,21,Sat,27.7
5,5,7.7,6.4,2,ENT,3,Sun,35.8
10,2,6.8,4.0,3,Pediatrics,10,Sat,48.0
17,2,6.7,6.3,0,General Medicine,17,Wed,67.9
11,3,10.4,7.8,2,Pediatrics,14,Tue,44.5
4,3,13.0,5.3,2,Pediatrics,4,Thu,41.1
9,3,11.2,7.6,1,General Medicine,8,Fri,45.7
8,6,14.9,4.4,0,General Medicine,8,Mon,29.3
5,4,22.4,2.9,1,Emergency,6,Sat,24.4
11,3,15.5,8.1,2,Cardiology,23,Thu,77.4
3,1,12.6,5.8,0,Orthopedics,4,Sat,41.2
11,4,15.8,11.8,2,Emergency,16,Mon,46.2
5,1,10.8,5.6,0,Pediatrics,21,Wed,66.3
12,5,16.6,8.6,0,Orthopedics,19,Thu,47.2
6,6,8.1,6.9,2,Dermatology,19,Mon,15.2
11,2,6.8,6.8,0,ENT,3,Fri,44.9
3,4,14.9,2.5,0,Orthopedics,3,Sun,13.3
14,3,12.2,10.3,0,Pediatrics,18,Thu,66.7
11,6,13.9,8.5,1,General Medicine,17,Wed,38.8
10,2,13.6,12.7,0,General Medicine,17,Fri,85.1
16,4,11.0,9.0,3,Pediatrics,10,Wed,60.9
9,7,11.5,8.6,2,Dermatology,12,Wed,21.2
7,4,6.2,6.8,1,ENT,0,Sat,26.3
7,2,16.3,6.2,2,Cardiology,6,Fri,74.8
9,5,5.3,7.3,0,Dermatology,12,Tue,11.2
4,3,8.9,2.9,1,Pediatrics,3,Wed,16.0
5,5,14.5,2.4,0,Pediatrics,3,Sat,22.1
12,1,12.8,2.3,1,Orthopedics,1,Thu,153.3
8,3,17.8,5.8,3,Emergency,5,Mon,44.8
5,5,4.0,5.9,1,ENT,23,Sat,10.5
9,5,10.0,5.2,1,Dermatology,16,Sat,8.5
9,4,10.0,11.1,0,Pediatrics,22,Tue,47.6
6,3,12.2,1.4,0,Dermatology,6,Sun,13.2
6,7,16.2,5.3,1,General Medicine,14,Sun,30.4
4,1,6.7,5.1,0,Pediatrics,21,Sun,34.6
11,7,17.8,5.2,1,Cardiology,8,Wed,40.5
5,5,15.8,3.9,1,General Medicine,15,Sun,34.5
6,5,17.8,9.6,4,Emergency,16,Sat,36.7
7,7,23.0,6.3,6,Emergency,19,Sun,39.3
11,1,10.6,7.9,1,Cardiology,23,Thu,138.6
7,7,14.8,4.1,2,Orthopedics,14,Tue,14.9
7,7,10.1,7.0,0,General Medicine,13,Tue,26.2
7,1,12.2,5.8,3,ENT,20,Sun,105.1
12,5,16.9,10.7,1,Cardiology,16,Thu,56.9
8,3,10.5,1.4,2,Dermatology,8,Sun,31.2
7,2,10.6,6.7,0,ENT,15,Thu,47.2
9,2,9.8,6.7,2,General Medicine,13,Thu,56.9
7,1,14.7,8.2,1,General Medicine,5,Mon,110.9
14,6,9.7,8.5,1,Dermatology,12,Wed,32.2
11,2,5.5,3.7,0,Pediatrics,14,Thu,38.9
10,2,21.6,4.1,2,Emergency,21,Mon,105.1
8,3,10.6,6.7,0,General Medicine,13,Tue,39.3
10,5,9.4,8.3,2,Dermatology,3,Fri,36.2
7,1,20.8,5.3,5,Emergency,23,Tue,160.8
11,1,21.1,6.6,2,Cardiology,13,Fri,251.0
10,4,14.9,1.9,1,General Medicine,6,Thu,47.2
7,5,17.7,4.7,1,Emergency,18,Wed,21.2
9,4,8.5,10.0,0,Pediatrics,9,Mon,18.2
6,4,17.3,6.9,0,Cardiology,8,Wed,29.9
11,4,23.2,7.4,2,Emergency,20,Thu,64.2
4,5,6.8,1.8,3,Dermatology,20,Fri,19.6
11,7,13.0,11.9,1,General Medicine,12,Tue,35.8
9,6,10.7,4.9,2,Dermatology,8,Mon,30.8
7,7,10.2,3.0,0,Pediatrics,20,Sun,22.3
4,4,13.2,5.5,0,Dermatology,4,Sun,28.0
12,2,7.4,6.5,1,ENT,17,Sun,59.9
4,1,16.6,9.4,2,Orthopedics,14,Wed,81.8
8,4,16.2,7.4,2,Orthopedics,20,Fri,51.7
17,6,12.4,12.1,2,General Medicine,10,Mon,62.6
7,3,13.6,3.4,2,Emergency,19,Sun,19.8
9,5,9.2,8.5,0,Pediatrics,0,Mon,33.8
10,2,9.8,4.6,1,Orthopedics,18,Thu,55.3
14,4,16.5,4.0,3,Cardiology,1,Sat,75.9
7,1,8.8,1.5,0,ENT,15,Sat,57.1
7,1,24.9,4.5,1,Cardiology,4,Sun,190.2
6,5,20.3,6.4,1,Cardiology,23,Thu,24.8
5,3,5.9,10.9,3,ENT,18,Mon,34.6
6,5,20.6,6.5,5,Emergency,2,Mon,34.5
9,1,16.3,4.5,2,Orthopedics,21,Tue,164.6
10,5,8.3,5.1,1,Dermatology,6,Mon,19.2
8,7,8.1,6.4,2,Dermatology,13,Thu,27.4
5,5,18.3,4.7,4,Emergency,2,Mon,23.3
11,1,21.1,8.4,1,Emergency,2,Tue,234.6
8,2,8.8,5.3,2,Dermatology,5,Wed,48.6
7,7,12.0,8.4,2,Pediatrics,12,Sat,32.4
6,1,10.5,4.7,1,Dermatology,13,Fri,70.9
5,6,10.4,7.3,2,Dermatology,20,Mon,10.9
9,1,15.3,3.8,2,Orthopedics,3,Sun,147.0
12,3,8.5,11.3,1,ENT,17,Thu,48.7
10,4,12.2,9.8,0,Pediatrics,0,Wed,46.3
11,1,15.5,6.4,2,Cardiology,6,Wed,193.6
9,1,4.0,8.0,1,Dermatology,4,Sat,46.3
6,2,4.8,5.7,0,Pediatrics,2,Thu,19.4
10,5,9.4,6.4,0,Orthopedics,14,Tue,26.6
7,1,9.7,5.8,1,Dermatology,21,Wed,75.6
7,5,18.4,7.0,2,Cardiology,16,Mon,41.6
7,4,22.4,8.9,3,Emergency,20,Tue,42.9
9,5,13.6,6.3,2,General Medicine,14,Wed,33.0
5,1,11.1,5.2,3,Dermatology,1,Tue,62.7
6,2,11.4,4.6,3,Dermatology,8,Wed,39.8
12,5,22.8,9.8,2,Emergency,19,Mon,60.6
5,1,12.9,5.7,3,Pediatrics,1,Fri,79.5
15,5,24.9,5.7,3,Emergency,2,Mon,82.4
10,2,21.2,8.1,0,Orthopedics,20,Tue,102.6
1,1,15.2,7.3,0,Orthopedics,1,Sun,19.1
11,1,19.6,5.0,0,Orthopedics,23,Mon,220.6
17,3,7.3,10.3,0,ENT,18,Tue,54.4
10,1,7.4,7.2,2,ENT,15,Thu,91.3
16,7,23.0,8.7,2,Cardiology,12,Wed,76.8
12,2,12.3,5.2,1,General Medicine,2,Wed,93.0
9,5,15.0,7.8,1,Emergency,9,Mon,28.1
12,5,6.4,8.1,1,Pediatrics,19,Wed,29.8
10,1,9.7,4.7,3,General Medicine,21,Sat,117.7
7,5,5.5,9.2,1,ENT,10,Fri,22.0
4,3,16.6,2.8,1,Orthopedics,20,Sun,36.7
7,6,6.4,11.1,0,ENT,18,Fri,20.5
7,1,19.2,4.8,5,Emergency,1,Sat,143.8
11,4,10.2,4.3,0,General Medicine,14,Thu,36.1
8,2,5.9,5.3,1,Pediatrics,14,Fri,30.0
7,3,14.0,7.5,0,Cardiology,13,Fri,51.0
6,6,10.7,2.8,0,Dermatology,18,Sat,1.0
7,1,10.0,5.9,2,ENT,21,Thu,78.8
8,1,5.4,7.7,0,Orthopedics,13,Wed,59.0
6,4,7.1,6.5,0,ENT,7,Mon,28.2
8,1,22.7,5.7,5,Emergency,23,Sun,205.2
13,1,19.7,1.8,0,Cardiology,23,Thu,255.0
10,2,26.4,3.7,4,Emergency,16,Sat,136.8
9,1,7.2,7.8,1,Dermatology,15,Fri,75.3
8,4,16.1,6.8,0,Orthopedics,2,Mon,43.1
20,6,7.4,8.5,1,Pediatrics,9,Fri,45.1
4,1,4.0,6.6,0,Dermatology,4,Thu,21.6
14,4,11.1,10.2,3,Pediatrics,12,Tue,78.6
4,4,13.8,5.0,2,Orthopedics,19,Tue,34.6
10,1,18.0,4.6,0,Pediatrics,5,Fri,192.8
8,1,7.2,3.3,2,ENT,23,Mon,64.7
8,1,13.7,8.9,0,Orthopedics,3,Fri,126.1
3,5,9.2,4.3,1,ENT,2,Sat,21.7
6,1,22.8,9.0,2,Emergency,23,Mon,146.5
9,5,10.6,3.3,2,Dermatology,2,Mon,16.0
14,6,15.0,9.3,2,Emergency,17,Mon,34.7
6,6,15.9,3.9,1,General Medicine,18,Sat,20.3
6,1,17.5,7.7,1,Cardiology,7,Sat,117.5
6,4,4.0,9.7,0,Pediatrics,1,Sun,16.0
13,2,20.0,8.5,3,Emergency,7,Mon,156.0
7,5,5.9,3.8,0,ENT,1,Thu,10.1
12,7,18.5,6.7,1,Orthopedics,16,Mon,44.3
3,2,19.0,5.8,1,Cardiology,21,Wed,43.5
8,2,12.2,6.3,0,ENT,23,Wed,57.3
10,7,21.6,7.0,1,Cardiology,19,Fri,55.1
7,4,16.6,7.2,0,Cardiology,18,Sun,41.2
4,5,12.7,4.2,2,General Medicine,21,Sat,22.0
11,6,21.4,8.5,0,Cardiology,18,Mon,48.0
12,4,15.7,4.4,0,Orthopedics,15,Tue,58.3
6,5,5.5,7.4,0,Dermatology,23,Tue,18.7
10,1,24.3,1.2,3,Emergency,7,Tue,245.7
19,3,8.1,9.2,2,Dermatology,9,Wed,62.4
4,2,9.6,6.5,1,General Medicine,21,Fri,27.9
6,4,13.7,3.8,0,Dermatology,7,Sat,24.2
4,4,9.3,5.8,2,Orthopedics,7,Sun,34.4
8,1,13.0,8.0,0,Orthopedics,3,Fri,118.6
4,3,18.3,6.4,1,Emergency,6,Wed,19.4
6,2,22.6,10.6,5,Emergency,14,Tue,85.0
17,4,10.9,4.6,0,General Medicine,21,Wed,40.4
4,4,12.9,3.3,2,Orthopedics,3,Sat,32.1
10,2,11.1,5.5,1,Dermatology,16,Sun,54.6
14,3,20.3,11.3,2,Cardiology,18,Wed,123.6
3,1,9.1,6.7,0,Pediatrics,21,Tue,36.5
13,1,18.7,5.2,1,Cardiology,18,Mon,266.1
12,1,16.6,5.3,2,Emergency,3,Mon,205.6
11,2,9.3,7.8,0,Pediatrics,11,Fri,63.1
12,2,7.8,9.4,1,Dermatology,22,Fri,57.5
8,1,4.1,4.4,0,Dermatology,21,Fri,29.8
4,2,15.0,6.0,2,Emergency,14,Mon,31.1
4,5,13.8,2.9,3,Orthopedics,23,Thu,26.1
19,2,13.2,9.3,1,Pediatrics,16,Tue,131.8
11,3,19.7,9.8,2,Cardiology,1,Wed,100.2
8,5,16.2,4.3,1,Cardiology,21,Fri,33.8
8,5,22.8,7.9,0,Orthopedics,4,Tue,44.4
11,6,4.8,8.6,3,Dermatology,9,Fri,15.6
10,5,9.6,6.0,1,Dermatology,5,Wed,23.2
10,3,8.4,10.2,0,Pediatrics,17,Thu,45.1
9,5,11.6,3.5,4,Dermatology,0,Thu,31.8
10,1,9.7,4.5,2,Pediatrics,15,Wed,104.3
9,3,14.3,4.2,0,Orthopedics,20,Mon,46.6
11,2,14.9,12.4,0,General Medicine,18,Fri,97.7
8,3,14.5,6.3,2,Orthopedics,7,Sun,60.5
4,1,22.2,8.0,4,Emergency,21,Fri,107.2
4,6,17.7,6.2,1,Cardiology,8,Sat,23.0
3,2,4.0,7.9,1,ENT,16,Sat,11.8
7,2,18.5,5.8,0,General Medicine,12,Mon,68.3
7,1,10.6,3.0,0,ENT,1,Sat,83.7
6,1,14.1,5.6,1,Orthopedics,0,Tue,88.5
6,4,12.1,6.3,1,Dermatology,4,Fri,28.7
8,1,17.1,2.2,4,Emergency,22,Sun,154.6
14,1,15.3,1.4,4,Cardiology,22,Sun,237.2
13,1,7.8,6.9,2,General Medicine,9,Wed,119.4
6,5,17.4,2.7,0,Cardiology,23,Sat,32.3
9,2,10.0,5.3,2,General Medicine,1,Fri,62.0
8,5,17.1,6.9,2,Cardiology,23,Mon,41.4
4,1,7.6,5.7,0,General Medicine,5,Tue,38.5
3,2,6.9,6.6,1,ENT,0,Sun,16.0
12,5,16.4,7.5,1,Orthopedics,18,Sun,44.7
9,2,14.1,5.7,0,Pediatrics,9,Sun,69.5
11,4,12.1,6.9,0,General Medicine,7,Wed,37.5
10,5,18.5,8.8,3,Emergency,18,Wed,40.3
7,4,9.9,3.0,4,Dermatology,7,Sat,25.6
10,7,11.5,9.1,0,Dermatology,18,Mon,20.8
5,4,15.4,5.0,0,General Medicine,4,Sun,21.0
7,4,16.5,8.0,0,Orthopedics,2,Fri,38.7
8,2,17.7,10.4,6,Emergency,7,Fri,88.5
14,2,8.8,8.5,0,ENT,14,Thu,67.9
4,1,12.7,2.2,0,General Medicine,5,Sun,52.3
4,4,4.6,1.0,1,General Medicine,3,Sat,1.0
12,1,10.1,11.6,1,Pediatrics,17,Mon,133.6
7,4,25.2,8.8,2,Emergency,11,Thu,55.0
4,6,8.1,4.9,1,Pediatrics,10,Sun,19.3
14,2,14.6,9.3,2,Emergency,5,Mon,106.1
5,3,7.0,3.8,0,ENT,0,Sat,7.2
3,1,17.9,5.8,2,Emergency,1,Tue,47.3
10,6,11.3,7.7,0,Dermatology,16,Thu,21.6
7,2,22.9,1.0,2,Orthopedics,1,Sun,91.7
10,1,8.5,4.2,0,Dermatology,5,Thu,80.9
8,4,7.4,4.7,0,Pediatrics,21,Mon,23.9
10,6,11.4,2.7,0,Orthopedics,8,Mon,21.2
9,3,13.1,6.5,1,Pediatrics,17,Sat,56.2
5,6,14.2,4.7,2,General Medicine,8,Sun,28.0
6,5,15.5,7.8,0,General Medicine,22,Wed,33.3
5,6,8.4,2.7,2,Pediatrics,19,Sun,18.3
10,2,16.9,5.3,3,General Medicine,11,Thu,99.6
17,3,15.5,8.3,1,Orthopedics,16,Mon,107.1
15,1,9.9,6.5,1,General Medicine,9,Thu,160.7
7,4,5.8,4.1,0,General Medicine,22,Sun,16.3
7,4,18.5,7.7,3,Emergency,8,Tue,41.4
8,2,10.4,3.1,3,General Medicine,20,Sun,64.4
9,2,8.8,5.9,1,General Medicine,14,Fri,53.1
6,1,13.3,1.9,0,General Medicine,15,Wed,88.7
7,5,9.9,5.2,1,General Medicine,8,Fri,10.3
7,3,15.1,9.2,0,Cardiology,19,Wed,49.5
14,4,5.2,10.1,2,Dermatology,17,Mon,42.0
2,2,4.0,2.6,1,Dermatology,19,Sun,12.5
6,3,7.3,3.8,0,ENT,19,Wed,13.2
10,1,10.4,5.9,1,General Medicine,3,Thu,110.8
9,2,7.3,5.2,2,Dermatology,21,Sat,52.4
10,3,13.1,4.5,3,General Medicine,20,Mon,75.6
4,1,13.6,3.8,0,ENT,5,Sat,61.9
4,5,18.0,2.1,0,Orthopedics,23,Wed,38.2
13,2,15.3,10.6,3,Emergency,12,Thu,108.1
2,1,17.7,4.3,0,Orthopedics,7,Thu,48.1
4,2,12.2,5.5,0,ENT,5,Sat,25.7
8,3,20.3,6.7,1,Cardiology,8,Tue,69.1
8,4,16.6,6.9,0,Cardiology,0,Mon,34.3
18,3,24.4,8.5,2,Emergency,16,Wed,153.4
14,7,6.3,12.3,0,ENT,16,Mon,23.8
10,3,18.2,7.7,1,Orthopedics,16,Tue,68.3
5,2,21.1,9.3,0,Cardiology,13,Fri,73.0
8,1,10.5,4.7,1,ENT,8,Sat,97.1
8,2,9.6,9.2,0,Orthopedics,17,Fri,44.8
10,3,10.6,5.5,2,Pediatrics,20,Wed,46.1
14,1,20.5,4.4,0,Cardiology,2,Sat,283.2
11,2,12.1,9.0,1,General Medicine,9,Wed,77.8
13,1,9.8,9.5,0,Pediatrics,23,Tue,134.1
3,1,13.9,1.8,0,Orthopedics,20,Sat,46.2
7,2,6.4,5.6,4,Dermatology,23,Thu,41.4
10,1,7.7,4.1,1,Dermatology,4,Wed,75.4
13,5,13.6,7.8,1,Pediatrics,11,Fri,42.8
4,1,12.9,4.2,0,Orthopedics,3,Sat,67.5
12,3,11.2,9.0,4,Pediatrics,20,Tue,76.8
13,4,4.0,10.0,2,Dermatology,12,Mon,33.5
5,1,8.4,4.1,3,Pediatrics,5,Thu,58.8
9,1,10.1,5.4,2,Dermatology,2,Mon,93.7
16,1,11.0,11.3,1,Dermatology,17,Fri,191.1
8,7,5.7,4.8,2,ENT,19,Thu,16.6
7,4,15.8,6.3,1,Orthopedics,21,Tue,55.6
10,1,22.3,6.8,1,Emergency,23,Fri,216.0
9,6,6.6,5.6,1,ENT,19,Wed,29.0
7,4,4.0,7.2,0,ENT,18,Wed,14.0
10,6,4.0,6.5,1,Dermatology,19,Tue,13.5
7,1,15.2,10.6,3,Emergency,23,Fri,124.7
7,2,14.1,5.4,0,General Medicine,11,Sun,49.2
6,6,20.3,7.9,5,Emergency,18,Fri,42.3
6,6,6.7,7.5,1,Dermatology,19,Tue,11.9
7,1,7.3,9.0,1,Pediatrics,2,Sat,69.9
14,7,18.3,7.3,1,Orthopedics,16,Mon,55.1
7,3,7.3,3.6,2,Dermatology,8,Wed,29.3
6,4,10.9,7.6,0,Pediatrics,3,Mon,18.1
5,3,15.2,5.8,2,Cardiology,4,Sat,37.6
8,1,5.4,4.0,0,ENT,2,Mon,49.2
8,5,12.0,5.4,1,ENT,21,Thu,23.7
20,3,20.2,6.7,0,Emergency,18,Tue,130.1
8,1,12.5,5.3,3,General Medicine,2,Tue,124.4
4,7,15.9,5.4,0,Orthopedics,15,Fri,12.6
1,3,22.9,6.1,2,Emergency,15,Sat,13.5
8,4,21.5,11.4,0,Cardiology,12,Mon,56.7
9,4,6.6,5.8,2,Pediatrics,14,Tue,31.4
12,4,14.2,9.0,2,Orthopedics,21,Wed,65.4
12,3,11.9,8.2,0,Orthopedics,12,Sun,64.5
11,3,18.5,3.4,3,Cardiology,15,Mon,77.9
3,7,8.8,8.3,2,Pediatrics,13,Tue,27.3
18,4,8.0,10.6,0,ENT,9,Wed,54.2
13,1,17.3,9.8,0,Cardiology,21,Wed,237.6
8,3,8.1,9.5,2,ENT,9,Mon,34.9
9,3,17.5,9.5,1,Pediatrics,19,Thu,71.2
10,6,4.0,2.5,0,ENT,14,Fri,12.3
14,1,19.5,8.1,3,Emergency,16,Tue,278.7
17,2,7.5,5.0,1,General Medicine,18,Fri,78.2
15,5,15.5,8.4,0,Orthopedics,17,Mon,52.5
8,4,4.7,4.5,2,ENT,13,Sat,26.7
10,1,8.8,5.9,0,ENT,14,Tue,95.2
7,7,6.8,10.9,2,ENT,12,Tue,32.6
9,1,21.2,11.0,0,Cardiology,8,Tue,196.1
8,7,4.5,5.6,0,ENT,17,Sun,1.0
12,3,4.9,8.5,2,ENT,21,Thu,30.1
18,6,8.5,10.4,2,General Medicine,16,Fri,46.5
14,7,9.1,9.7,2,Dermatology,18,Tue,44.9
9,1,18.6,7.7,1,Cardiology,19,Mon,182.7
12,5,11.1,5.3,2,General Medicine,8,Mon,49.8
11,3,16.9,8.1,2,Orthopedics,1,Thu,84.4
9,4,11.2,3.1,0,Cardiology,8,Wed,16.6
7,3,11.2,6.6,3,General Medicine,18,Sat,46.8
3,5,19.9,3.6,1,Emergency,19,Sat,1.5
12,7,10.5,14.0,1,Pediatrics,12,Wed,33.4
13,7,15.1,6.8,0,Orthopedics,18,Thu,36.7
7,3,18.7,7.0,3,Cardiology,1,Wed,66.3
4,4,9.3,8.5,0,Dermatology,15,Fri,4.1
13,7,13.8,7.9,2,Dermatology,16,Fri,33.0
13,2,10.1,9.1,1,Dermatology,12,Fri,72.0
8,2,5.4,8.0,1,Pediatrics,17,Mon,34.5
9,2,10.5,8.1,0,Dermatology,11,Wed,56.3
12,6,7.5,9.7,1,Dermatology,12,Sun,21.4
10,2,16.2,2.2,2,Cardiology,14,Wed,94.8
3,3,13.6,6.6,1,Cardiology,19,Tue,37.7
6,1,11.1,1.8,0,General Medicine,5,Tue,68.8
9,2,8.6,7.9,0,Dermatology,7,Mon,45.1
8,4,22.2,5.5,3,Emergency,10,Sat,46.6
8,4,14.7,2.6,1,Cardiology,4,Mon,31.9
9,1,16.7,5.7,1,Cardiology,8,Fri,158.1
8,2,16.5,3.6,0,Cardiology,8,Wed,74.8
5,4,10.2,8.0,1,General Medicine,7,Mon,19.8
9,2,4.4,8.4,0,ENT,9,Sun,25.8
5,3,4.8,4.0,0,Dermatology,12,Sat,4.1
5,1,19.1,7.4,4,Emergency,16,Sat,108.0
11,3,21.8,2.9,3,Emergency,7,Sun,78.7
9,4,17.3,3.6,0,Cardiology,20,Sun,41.1
14,4,16.4,13.0,4,Emergency,11,Fri,71.9
20,5,17.2,8.3,3,Cardiology,17,Thu,91.9
5,1,5.2,8.9,1,ENT,2,Fri,48.7
9,5,11.2,9.5,0,ENT,4,Thu,40.0
12,7,24.5,8.4,2,Emergency,10,Tue,37.9
8,6,8.2,6.6,1,Dermatology,8,Wed,18.6
12,7,14.0,8.1,0,General Medicine,11,Thu,38.5
9,3,9.8,6.1,3,General Medicine,3,Mon,59.9
10,7,15.6,7.6,1,Orthopedics,11,Sat,28.8
6,4,17.8,6.2,0,Cardiology,16,Sun,35.2
13,6,11.9,9.8,0,ENT,17,Wed,43.2
8,2,16.1,4.6,0,Cardiology,5,Thu,66.4
6,6,17.6,2.4,1,Cardiology,8,Sat,21.4
13,4,16.5,8.3,4,Emergency,12,Thu,62.0
13,3,16.8,9.3,1,Orthopedics,12,Fri,90.0
8,6,15.9,8.6,0,Cardiology,19,Thu,29.9
19,2,16.9,8.7,0,Cardiology,9,Tue,173.5
5,3,15.1,7.2,1,Cardiology,16,Sat,34.2
10,5,19.2,4.2,0,Emergency,21,Tue,35.7
8,1,22.0,7.8,5,Emergency,7,Tue,192.9
4,4,18.9,5.3,0,Cardiology,19,Fri,14.5
8,5,21.6,5.6,1,Cardiology,7,Fri,49.1
7,7,6.8,4.4,0,ENT,8,Sun,3.0
10,7,9.8,4.9,2,Pediatrics,15,Fri,24.6
7,2,18.3,3.8,1,Orthopedics,14,Mon,72.0
4,6,7.0,5.1,0,Pediatrics,13,Sat,7.8
4,4,13.4,7.9,1,Pediatrics,5,Wed,31.0
14,3,16.4,3.4,3,General Medicine,2,Mon,104.7
11,4,5.5,6.5,0,ENT,21,Fri,10.7
8,3,19.1,6.5,2,General Medicine,20,Tue,63.4
9,4,8.0,5.3,0,ENT,21,Wed,25.5
14,6,12.8,8.3,1,Cardiology,12,Thu,42.9
5,4,11.5,8.2,0,Orthopedics,21,Mon,12.8
9,6,7.4,10.7,2,Dermatology,11,Sat,34.3
7,3,16.6,8.6,1,Cardiology,1,Thu,54.0
6,2,5.5,5.3,0,Dermatology,4,Sun,22.4
7,3,5.1,8.4,1,ENT,6,Thu,29.4
13,3,7.6,10.0,0,General Medicine,9,Fri,43.3
5,5,14.8,2.9,0,Pediatrics,22,Sat,10.5
4,1,18.9,6.8,3,Cardiology,7,Tue,96.3
3,7,22.9,1.5,3,Emergency,14,Sun,1.0
8,3,7.0,4.5,1,Pediatrics,6,Tue,34.6
5,2,10.7,6.1,1,General Medicine,15,Sun,45.1
10,4,16.8,5.6,5,Emergency,13,Fri,56.3
8,1,18.4,4.4,3,Emergency,3,Thu,148.1
19,5,13.1,7.8,3,Pediatrics,11,Tue,77.3
7,5,13.6,3.6,1,Orthopedics,2,Thu,34.8
6,1,8.6,6.7,0,ENT,21,Thu,62.9
5,4,7.9,5.5,0,Pediatrics,16,Sun,24.3
2,3,17.2,3.7,0,Orthopedics,22,Sat,24.0
9,3,13.2,6.8,0,Orthopedics,21,Thu,56.9
12,4,12.7,6.7,0,ENT,5,Wed,53.9
13,5,13.8,6.6,1,Orthopedics,16,Wed,32.2
4,3,22.3,3.7,2,Orthopedics,2,Wed,45.0
5,5,18.6,5.9,0,Orthopedics,23,Mon,26.5
14,4,7.8,10.3,0,Dermatology,18,Mon,39.7
6,2,10.2,5.0,0,Pediatrics,16,Sat,27.6
9,5,14.1,4.9,2,Pediatrics,23,Tue,32.3
8,6,11.0,6.3,2,Pediatrics,20,Wed,41.2
8,5,21.8,6.2,3,Emergency,20,Fri,43.3
12,1,26.3,5.9,0,Emergency,2,Fri,310.1
11,4,18.6,6.8,0,Cardiology,0,Wed,56.1
5,1,4.0,2.4,1,Pediatrics,23,Sat,20.8
10,1,8.5,9.0,1,Dermatology,6,Tue,90.7
14,7,21.5,8.4,0,Cardiology,10,Thu,48.9
7,1,8.9,9.4,0,Dermatology,1,Mon,73.0
12,1,11.5,1.6,2,Orthopedics,14,Thu,150.2
11,7,19.7,2.6,3,Emergency,19,Mon,25.9
1,3,12.5,4.0,1,Dermatology,20,Sun,13.6
9,7,5.7,8.0,0,Pediatrics,13,Fri,1.0
6,1,4.0,6.5,2,Dermatology,15,Tue,17.9
18,1,12.5,8.8,0,Orthopedics,12,Fri,240.0
11,4,18.4,9.6,0,Orthopedics,10,Wed,72.5
5,7,4.0,6.0,1,Pediatrics,13,Thu,1.0
5,2,9.4,9.9,0,ENT,22,Tue,32.4
5,4,11.5,5.0,1,Pediatrics,6,Thu,35.1
17,1,9.0,11.5,1,ENT,11,Mon,161.3
11,3,4.6,4.5,1,ENT,14,Tue,31.8
10,4,8.4,5.4,0,Dermatology,13,Fri,20.5
10,1,16.7,4.1,3,Emergency,0,Thu,175.0
6,1,12.4,7.7,1,General Medicine,6,Wed,95.2
9,5,17.3,8.4,3,Emergency,15,Mon,40.6
12,2,13.0,8.7,1,General Medicine,16,Wed,87.2
11,1,17.9,7.4,1,Cardiology,17,Sun,203.3
4,1,11.2,6.3,3,Orthopedics,23,Fri,61.4
12,5,10.7,10.2,0,ENT,16,Mon,27.7
10,5,7.6,6.6,1,Dermatology,13,Sun,26.5
7,4,21.0,3.7,3,Emergency,7,Wed,26.6
12,1,15.6,3.9,1,Orthopedics,8,Fri,204.7
7,4,23.0,4.9,4,Emergency,19,Mon,42.3
15,7,16.7,8.1,0,Orthopedics,11,Wed,44.1
6,6,11.2,6.7,3,Pediatrics,17,Sat,27.7
6,3,9.3,6.0,0,Orthopedics,2,Wed,36.0
10,3,16.7,5.6,2,Cardiology,3,Tue,73.5
8,1,4.0,5.9,0,ENT,5,Mon,45.4
7,3,4.0,4.6,2,Dermatology,4,Sun,14.7
6,1,13.1,2.7,0,Pediatrics,14,Sat,86.3
2,3,13.2,1.8,1,Orthopedics,15,Mon,19.6
5,3,23.1,2.4,1,Emergency,13,Sun,30.7
4,3,15.3,6.4,1,Cardiology,6,Sat,33.5
9,6,9.2,1.0,4,Pediatrics,13,Wed,32.8
3,5,20.1,8.3,3,Emergency,2,Fri,20.5
14,7,22.3,7.9,3,Cardiology,11,Tue,70.8
8,1,22.6,7.7,2,Emergency,3,Tue,178.1
10,1,18.1,2.2,2,Emergency,1,Sat,159.2
11,1,18.2,1.0,3,Emergency,3,Tue,193.7
8,4,9.2,4.3,1,ENT,2,Wed,23.6
18,5,14.8,8.7,1,Dermatology,11,Wed,64.3
12,5,19.9,6.8,5,Emergency,13,Tue,61.4
3,7,7.2,1.4,1,Pediatrics,14,Sat,5.2
9,4,9.4,9.8,2,General Medicine,10,Fri,29.4
9,2,14.1,4.3,0,Orthopedics,4,Sun,65.0
8,3,9.7,4.8,0,ENT,0,Thu,33.5
18,3,15.0,9.2,2,Cardiology,17,Tue,116.3
4,1,14.5,6.2,1,General Medicine,23,Tue,65.3
11,5,15.7,7.1,2,Cardiology,6,Wed,50.5
6,5,13.6,4.6,2,Pediatrics,4,Sun,28.1
8,1,18.5,6.2,0,Cardiology,7,Tue,148.8
13,1,7.7,10.0,1,ENT,5,Fri,121.1
9,1,4.0,2.1,4,ENT,5,Mon,56.8
6,3,13.6,3.7,0,Orthopedics,11,Sun,47.3
12,3,14.8,11.2,2,Orthopedics,18,Fri,73.4
15,7,8.9,6.1,1,ENT,17,Thu,29.4
12,2,9.5,7.8,0,Dermatology,23,Wed,61.9
12,6,6.6,6.6,1,Dermatology,8,Wed,15.3
11,1,16.6,6.4,1,Orthopedics,11,Tue,200.9
13,2,12.0,11.0,1,Orthopedics,9,Fri,93.2
3,1,17.8,6.6,1,Orthopedics,1,Sun,61.1
12,1,20.8,9.1,0,Cardiology,9,Tue,266.1
4,3,12.8,4.0,1,General Medicine,6,Sat,19.8
14,2,20.1,11.6,0,Cardiology,11,Thu,156.3
6,1,8.9,1.0,0,Pediatrics,3,Sat,49.5
13,1,17.3,7.7,0,Cardiology,17,Sat,232.0
4,4,7.1,3.1,1,Dermatology,20,Mon,9.8
7,1,23.7,7.2,4,Emergency,23,Mon,179.3
5,1,18.4,3.9,1,Cardiology,2,Sun,101.0
10,1,9.5,5.9,1,General Medicine,2,Tue,103.2
9,1,9.7,9.3,1,Pediatrics,23,Fri,104.4
6,1,10.4,1.1,1,General Medicine,20,Sat,62.3
12,7,8.4,7.4,2,Dermatology,14,Thu,32.7
6,1,19.3,5.9,4,Emergency,7,Mon,141.2
12,3,13.8,9.2,1,Cardiology,12,Mon,70.6
11,2,6.6,10.7,1,Pediatrics,12,Fri,56.4
7,4,10.7,5.8,0,General Medicine,20,Sun,18.5
17,6,24.0,10.2,4,Emergency,12,Wed,80.8
5,2,9.4,4.3,1,Orthopedics,0,Thu,36.5
11,6,13.0,7.5,0,General Medicine,16,Sun,35.4
5,2,14.7,7.8,1,Pediatrics,18,Sat,45.8
5,3,12.9,7.0,0,Pediatrics,7,Thu,26.8
12,2,8.9,7.3,1,ENT,2,Fri,64.5
2,1,19.3,4.4,4,Emergency,3,Sun,43.2
5,2,11.9,1.9,0,Pediatrics,20,Sat,27.3
13,4,13.5,8.2,0,ENT,10,Wed,60.7
13,5,14.2,8.1,3,General Medicine,12,Fri,63.9
11,1,12.6,6.1,2,General Medicine,23,Wed,145.8
2,1,15.6,3.4,1,General Medicine,1,Sun,51.6
4,1,20.5,9.6,0,Emergency,4,Mon,83.6
6,6,9.3,6.9,3,ENT,19,Tue,26.3
16,1,9.9,8.9,2,Dermatology,12,Wed,170.8
15,5,10.1,6.6,1,General Medicine,0,Tue,41.2
12,2,21.0,9.9,0,General Medicine,16,Fri,130.6
5,5,8.5,10.3,2,Dermatology,3,Fri,13.4
5,5,11.4,7.2,0,General Medicine,18,Sun,16.4
10,7,12.5,5.2,0,Pediatrics,19,Thu,29.7
13,4,21.3,4.0,1,Cardiology,19,Fri,68.1
8,5,6.9,9.5,2,ENT,11,Fri,29.5
10,1,4.9,10.1,0,Pediatrics,6,Mon,58.7
5,1,17.0,5.7,0,Cardiology,21,Fri,88.8
11,6,9.9,4.1,3,ENT,13,Mon,32.9
5,1,15.8,8.0,1,Cardiology,15,Thu,96.7
7,1,14.9,4.4,1,Orthopedics,3,Sun,108.5
4,1,11.6,1.0,0,General Medicine,14,Sat,45.1
11,4,13.1,6.4,0,Cardiology,13,Thu,46.5
9,4,10.0,8.3,2,Dermatology,7,Wed,30.1
8,2,11.7,2.1,0,ENT,18,Sat,53.7
5,4,20.6,5.6,3,Emergency,3,Sun,37.1
4,3,13.2,6.5,0,General Medicine,17,Wed,21.9
15,1,10.0,5.6,1,General Medicine,23,Mon,168.2
5,7,17.6,5.1,4,Cardiology,13,Fri,30.0
12,1,12.0,8.2,1,Pediatrics,2,Fri,148.7
8,5,4.9,6.2,1,ENT,13,Sun,29.2
8,1,16.9,3.6,3,Emergency,12,Sun,137.0
16,2,10.7,2.0,0,Orthopedics,13,Tue,89.4
5,5,23.1,3.0,1,Cardiology,6,Tue,27.0
9,4,8.2,5.1,0,ENT,15,Sun,18.7
10,1,14.3,1.4,1,Pediatrics,6,Wed,148.7
8,7,19.8,4.7,2,Emergency,13,Thu,34.0
15,6,15.4,7.9,1,Pediatrics,14,Wed,49.5
9,2,11.7,7.2,0,Dermatology,15,Wed,62.6
6,6,6.9,2.6,1,ENT,19,Thu,26.7
10,1,12.3,6.4,1,General Medicine,21,Wed,134.2
10,6,5.0,7.1,2,Dermatology,18,Wed,20.3
6,3,12.0,4.7,0,Pediatrics,19,Wed,27.8
11,5,12.2,4.9,1,ENT,20,Mon,33.4
6,5,25.6,3.3,4,Emergency,5,Sat,32.5
5,1,24.1,4.0,1,Emergency,7,Sun,100.1
13,2,21.3,7.5,5,Emergency,12,Thu,149.7
11,2,19.1,7.6,1,Cardiology,11,Tue,113.4
7,4,17.3,10.8,0,Cardiology,16,Fri,43.6
4,5,20.5,6.0,1,Orthopedics,0,Thu,42.3
5,4,17.4,3.8,2,Emergency,3,Thu,22.1
9,4,14.9,9.2,1,Cardiology,17,Fri,50.2
5,4,4.7,1.2,0,Dermatology,19,Sat,1.0
9,3,18.2,6.2,1,Orthopedics,7,Mon,69.8
7,4,10.9,7.1,1,Dermatology,7,Mon,26.7
4,4,11.3,7.6,0,Pediatrics,13,Mon,15.5
15,4,8.9,9.8,0,Dermatology,11,Tue,43.0
7,1,8.5,2.0,2,General Medicine,4,Sun,63.9
9,7,12.8,5.2,0,General Medicine,12,Sat,20.5
12,5,18.7,8.3,2,Orthopedics,19,Fri,61.7
10,5,14.8,8.4,1,Cardiology,17,Fri,41.9
9,7,5.3,5.8,1,ENT,19,Mon,27.5
11,5,15.9,7.4,0,Orthopedics,15,Tue,49.8
6,1,14.3,7.2,1,General Medicine,21,Sat,91.4
14,3,17.4,5.8,0,Orthopedics,5,Thu,82.8
6,1,21.6,5.2,1,Cardiology,1,Thu,141.5
4,1,18.5,8.0,0,Cardiology,2,Sat,92.2
11,1,4.0,9.9,1,ENT,23,Mon,58.2
6,1,11.5,4.3,2,Pediatrics,15,Sat,74.4
5,5,12.6,6.0,1,ENT,5,Fri,25.3
10,1,7.1,7.8,0,ENT,20,Wed,78.8
10,3,7.6,6.9,0,Dermatology,7,Thu,40.7
9,7,11.5,6.1,0,Cardiology,14,Mon,17.1
4,3,7.2,7.5,2,Dermatology,5,Tue,15.5
9,1,14.8,4.7,0,Pediatrics,2,Tue,136.1
5,1,7.7,6.4,1,ENT,6,Sun,44.1
7,2,8.8,7.3,1,General Medicine,5,Mon,45.9
9,3,17.9,6.9,4,General Medicine,13,Wed,76.4
6,4,21.8,5.8,4,Emergency,0,Mon,46.7
11,1,19.4,4.8,0,Cardiology,5,Tue,234.8
9,6,9.5,2.5,2,ENT,13,Mon,23.4
14,5,7.0,5.5,2,ENT,9,Tue,26.0
4,3,8.2,1.0,2,ENT,15,Sat,17.3
4,3,15.0,6.6,3,Pediatrics,15,Sat,35.4
6,3,7.9,4.7,0,Pediatrics,23,Wed,25.6
9,7,16.1,3.6,0,General Medicine,20,Fri,28.4
5,1,21.0,5.8,6,Emergency,5,Fri,124.6
11,6,11.1,4.4,1,Pediatrics,16,Sun,28.9
4,5,4.0,3.4,0,ENT,15,Sat,5.4
10,1,19.3,7.1,0,Cardiology,14,Tue,207.0
6,6,9.8,5.3,0,Pediatrics,19,Fri,22.9
4,1,10.2,3.5,2,Orthopedics,3,Sat,63.9
10,1,12.1,9.0,0,General Medicine,9,Wed,138.5
7,1,8.7,3.2,1,Pediatrics,19,Fri,70.2
11,1,12.8,6.6,0,General Medicine,21,Wed,143.3
7,1,5.4,8.9,1,Dermatology,0,Wed,53.7
12,4,15.0,8.3,0,Cardiology,11,Tue,54.9
8,5,20.3,6.2,4,Emergency,6,Mon,42.6
7,1,16.8,2.5,0,Cardiology,4,Sat,120.9
1,5,9.0,2.8,2,Pediatrics,1,Sat,1.0
7,3,5.3,11.0,3,ENT,12,Fri,43.0
8,3,19.8,9.3,2,Emergency,16,Tue,53.0
8,1,19.9,10.3,1,Cardiology,12,Mon,177.7
7,2,12.8,6.5,1,General Medicine,8,Fri,59.4
10,7,13.9,8.7,1,Orthopedics,18,Tue,31.9
9,2,15.1,8.4,1,Emergency,15,Thu,72.4
6,4,15.4,1.0,0,Cardiology,21,Sun,36.3
13,4,17.8,4.4,6,Emergency,8,Mon,70.7
6,1,20.5,5.2,2,Cardiology,5,Fri,135.2
15,4,14.4,6.4,0,General Medicine,10,Sun,61.6
16,1,20.9,8.4,1,Emergency,12,Wed,337.4
11,4,7.0,6.7,2,Dermatology,10,Sat,26.4
2,4,11.9,6.9,2,Dermatology,19,Sat,14.2
6,1,21.9,3.7,5,Emergency,1,Thu,140.4
11,5,4.0,12.0,2,Pediatrics,12,Wed,27.1
7,2,24.7,8.6,4,Emergency,10,Fri,94.1
6,4,9.5,6.4,1,Pediatrics,5,Fri,29.1
6,4,22.8,6.0,2,Emergency,15,Thu,30.1
8,7,11.4,6.6,1,Pediatrics,19,Tue,26.6
5,2,14.1,6.6,0,Cardiology,13,Sat,37.3
8,3,6.6,3.7,2,Dermatology,2,Tue,25.9
10,3,6.2,4.6,1,General Medicine,1,Mon,25.4
13,1,9.7,10.3,0,General Medicine,10,Mon,137.6
6,2,8.4,7.4,0,Dermatology,16,Thu,37.5
6,1,12.2,2.3,1,General Medicine,7,Mon,75.3
7,1,7.0,7.3,3,ENT,7,Wed,64.2
6,7,19.2,4.5,0,Emergency,20,Tue,8.4
10,4,9.3,7.8,0,ENT,0,Thu,30.7
5,1,20.0,3.3,0,Cardiology,1,Sat,121.5
6,3,13.1,8.3,2,Orthopedics,3,Thu,34.9
7,1,8.5,6.5,1,ENT,23,Thu,71.7
12,7,5.2,7.6,1,ENT,11,Tue,37.6
11,3,14.3,3.5,0,Cardiology,3,Mon,58.7
5,1,13.4,3.7,1,Pediatrics,7,Sun,77.2
11,3,13.6,6.1,0,ENT,23,Fri,47.9
10,1,8.6,7.7,1,Dermatology,16,Mon,92.3
8,1,8.0,3.4,1,ENT,5,Thu,72.8
3,2,10.6,5.5,0,General Medicine,5,Mon,9.9
7,3,12.7,9.1,2,ENT,1,Mon,54.0
12,2,4.0,9.5,0,Dermatology,18,Wed,24.2
10,3,16.8,4.7,0,Pediatrics,3,Fri,69.2
5,1,8.2,6.3,2,Dermatology,6,Fri,40.3
6,1,10.4,5.5,1,Cardiology,8,Sat,76.4
8,1,25.4,4.1,3,Cardiology,14,Tue,225.6
4,6,4.0,5.5,2,Dermatology,14,Tue,5.6
11,5,11.2,5.7,2,Cardiology,19,Thu,44.5
5,1,15.3,3.4,2,Cardiology,7,Sun,87.5
15,3,14.5,3.8,1,Orthopedics,9,Sat,74.5
13,6,23.6,10.3,4,Emergency,9,Fri,58.1
11,1,19.0,1.8,2,Emergency,1,Mon,203.0
11,2,9.6,5.0,1,General Medicine,17,Sun,63.5
6,3,7.1,4.8,0,Dermatology,12,Sun,19.0
11,2,11.1,7.9,0,General Medicine,11,Fri,69.5
11,4,19.3,8.9,0,Orthopedics,23,Wed,67.9
10,5,23.2,5.4,2,Emergency,4,Fri,47.1
10,1,8.2,8.1,1,Pediatrics,23,Fri,95.8
6,7,14.0,6.6,2,Orthopedics,16,Sun,20.1
11,2,4.4,6.9,0,Pediatrics,5,Mon,26.6
16,5,9.9,8.4,0,Dermatology,16,Thu,37.4
12,7,17.8,10.4,1,Cardiology,18,Fri,50.7
7,7,10.2,4.8,1,ENT,8,Wed,27.3
11,1,21.9,3.3,2,Emergency,8,Sat,241.3
9,1,22.7,5.0,3,Cardiology,20,Mon,226.4
7,3,6.8,3.9,0,Dermatology,3,Mon,21.5
5,3,12.2,4.2,1,General Medicine,0,Sat,28.1
10,5,14.7,7.7,2,Pediatrics,15,Mon,52.5
9,1,19.5,5.3,3,Emergency,21,Wed,183.0
10,3,19.7,7.4,5,Emergency,12,Tue,84.3
8,2,16.9,9.9,0,ENT,3,Fri,81.0
10,6,14.9,8.2,1,Orthopedics,12,Mon,41.7
8,3,15.2,7.5,0,Pediatrics,6,Wed,50.7
4,5,6.3,4.2,2,Dermatology,19,Sun,4.0
12,3,6.6,8.2,3,Dermatology,14,Wed,52.0
11,5,4.0,5.9,0,Pediatrics,8,Fri,22.0
5,1,10.8,4.1,1,ENT,14,Sun,64.4
13,1,11.2,8.9,0,ENT,16,Fri,160.3
12,3,18.3,5.8,1,Cardiology,16,Sat,81.0
7,4,21.4,4.3,2,Emergency,8,Sun,31.5
4,3,14.6,4.5,0,General Medicine,13,Fri,22.5
1,1,5.6,5.2,2,Pediatrics,1,Sat,18.8
18,4,12.2,14.4,1,General Medicine,9,Thu,76.5
10,1,14.0,4.4,1,ENT,9,Sat,141.1
12,2,8.2,9.6,6,ENT,12,Fri,72.8
10,1,15.9,6.0,3,Emergency,22,Wed,155.4
9,2,21.2,3.7,1,Cardiology,22,Thu,99.2
12,1,10.4,10.6,0,Pediatrics,11,Wed,145.6
4,6,17.9,5.1,0,Cardiology,15,Wed,6.6
3,1,10.8,4.6,1,General Medicine,2,Wed,46.0
10,4,11.8,11.7,2,ENT,11,Thu,45.3
12,7,7.3,8.3,0,ENT,16,Wed,20.2
13,7,24.3,11.3,3,Emergency,16,Fri,57.0
6,5,15.3,7.1,1,Orthopedics,23,Wed,31.2
16,5,18.0,9.2,0,Orthopedics,11,Thu,72.8
4,1,14.7,7.3,1,General Medicine,21,Mon,54.8
10,3,11.5,7.6,2,Orthopedics,23,Wed,67.5
11,2,19.4,5.6,0,Cardiology,13,Wed,119.1
8,5,7.2,3.5,0,Dermatology,2,Sun,6.6
15,3,10.0,10.7,0,Dermatology,9,Thu,62.1
13,1,11.8,14.6,1,General Medicine,18,Mon,182.9
9,1,4.4,2.8,5,Pediatrics,13,Wed,81.8
3,1,20.4,2.0,1,Cardiology,22,Sat,72.8
10,3,8.3,4.1,0,Orthopedics,19,Tue,31.6
4,1,12.4,5.4,2,General Medicine,1,Tue,62.8
8,5,13.7,4.1,2,Dermatology,20,Wed,22.9
11,5,12.2,7.2,0,Dermatology,8,Wed,37.5
11,2,19.2,3.1,0,Cardiology,19,Thu,112.4
18,1,13.5,8.1,0,Orthopedics,12,Mon,255.8
9,6,7.8,5.3,0,Dermatology,10,Sat,15.2
8,1,15.2,8.0,0,General Medicine,1,Tue,115.6
10,5,15.6,5.9,1,Cardiology,2,Fri,36.6
12,3,9.3,3.3,0,Dermatology,14,Thu,19.2
8,1,17.4,6.6,5,Emergency,13,Tue,155.2
1,5,9.2,4.1,2,Pediatrics,13,Thu,10.7
9,2,7.6,3.6,1,ENT,3,Mon,42.0
12,7,11.2,11.2,2,Pediatrics,12,Fri,39.4
6,1,13.6,5.1,1,General Medicine,1,Wed,103.3
10,1,21.5,7.0,0,Orthopedics,3,Wed,219.7
14,4,19.5,8.0,3,Emergency,11,Tue,72.4
3,3,10.0,6.5,0,ENT,14,Wed,11.9
6,1,21.5,8.8,1,Cardiology,15,Wed,137.5
9,1,9.9,6.4,0,Pediatrics,23,Tue,94.8
7,4,12.3,3.5,2,General Medicine,20,Sun,30.8
2,4,11.8,6.4,3,Pediatrics,9,Tue,27.2
11,3,8.0,10.8,1,Pediatrics,18,Tue,36.3
10,3,10.6,7.0,0,Pediatrics,2,Thu,36.5
9,7,6.6,6.6,1,ENT,20,Wed,22.1
10,1,11.0,8.8,0,General Medicine,9,Thu,113.3
5,2,18.4,8.5,2,General Medicine,18,Sat,63.7
8,2,17.6,5.1,0,Cardiology,23,Mon,77.8
13,1,15.7,10.1,2,Orthopedics,16,Thu,222.5
8,1,10.1,9.6,1,Cardiology,22,Mon,94.2
4,1,13.3,6.2,2,General Medicine,0,Mon,69.6
10,1,15.9,5.3,1,Pediatrics,4,Mon,164.3
9,1,15.5,4.9,0,Cardiology,15,Tue,156.2
16,1,12.3,7.9,0,ENT,12,Wed,201.1
4,3,13.1,4.3,1,Orthopedics,2,Sun,32.4
2,5,13.0,9.6,1,Cardiology,17,Sun,25.2
10,5,16.7,6.9,0,Cardiology,1,Mon,29.3
4,4,8.0,4.6,0,Pediatrics,23,Sun,6.3
3,3,10.3,6.3,3,Pediatrics,3,Fri,32.0
19,7,14.1,5.9,1,Orthopedics,10,Thu,62.4
5,5,9.0,4.0,1,General Medicine,19,Sat,22.5
10,7,10.6,7.1,2,ENT,12,Thu,39.6
7,5,12.5,12.0,1,ENT,17,Tue,34.4
14,6,16.9,7.3,3,Orthopedics,16,Thu,69.9
4,1,15.5,1.5,1,Orthopedics,22,Sat,75.2
9,7,14.8,5.6,0,Orthopedics,11,Fri,6.2
7,5,10.8,4.5,0,ENT,23,Tue,17.7
9,1,6.3,1.0,0,Dermatology,12,Sun,49.4
5,5,14.5,6.4,1,General Medicine,21,Tue,19.7
6,3,11.2,6.8,0,Orthopedics,17,Sat,31.7
7,1,6.8,3.8,0,General Medicine,3,Wed,61.4
11,6,19.8,7.7,0,Cardiology,15,Mon,44.6
6,1,6.8,3.9,1,Pediatrics,21,Sun,45.1
11,3,12.7,5.7,0,Orthopedics,3,Fri,55.1
9,4,14.9,7.7,0,Cardiology,20,Tue,45.1
6,3,16.8,8.3,1,Orthopedics,2,Mon,49.5
7,7,12.6,4.0,1,Orthopedics,20,Mon,13.6
12,5,12.2,6.1,1,Dermatology,18,Tue,43.2
5,3,10.3,3.4,0,Dermatology,3,Sun,6.8
9,2,12.8,12.1,0,General Medicine,17,Tue,65.4
8,1,19.8,4.5,0,Orthopedics,2,Tue,168.4
6,2,5.2,6.1,2,Dermatology,13,Sat,33.7
4,1,18.4,2.3,0,Cardiology,22,Sun,73.4
8,1,4.0,5.7,1,Pediatrics,4,Tue,39.1
6,1,7.4,4.9,0,ENT,4,Fri,46.6
17,1,6.0,9.8,1,Pediatrics,10,Thu,111.9
12,7,14.7,6.3,0,General Medicine,8,Fri,29.3
9,1,12.8,4.2,0,ENT,1,Wed,114.5
10,6,17.2,5.3,2,Cardiology,10,Sat,37.5
6,1,14.9,2.1,2,Dermatology,6,Sun,92.6
6,4,12.5,4.7,2,Orthopedics,2,Sat,32.9
3,1,4.4,2.2,1,Dermatology,6,Sun,19.4
7,1,13.4,6.2,0,Orthopedics,0,Mon,100.7
13,1,9.1,6.8,1,Dermatology,21,Fri,125.9
10,1,14.8,5.5,3,General Medicine,23,Sun,165.3
12,6,14.4,7.3,0,General Medicine,8,Thu,32.1
13,4,7.0,4.9,0,Dermatology,21,Sun,22.8
12,4,11.4,6.8,1,Dermatology,11,Wed,44.4
4,1,18.4,2.5,2,Emergency,21,Sun,72.5
4,4,23.7,2.5,2,Orthopedics,4,Sun,30.6
5,1,15.2,5.9,2,General Medicine,6,Fri,90.4
13,5,14.0,11.2,1,Emergency,17,Fri,43.4
5,4,7.5,4.6,2,ENT,5,Thu,24.9
10,2,7.7,5.4,0,Pediatrics,19,Wed,40.8
19,4,14.4,11.4,0,Dermatology,10,Thu,69.1
9,6,17.2,3.6,4,Emergency,9,Sun,16.0
14,4,4.0,12.0,1,Pediatrics,10,Mon,40.4
6,3,11.1,7.2,0,Dermatology,19,Tue,39.6
6,1,4.0,4.6,0,Dermatology,0,Thu,29.0
14,5,17.0,8.3,1,Cardiology,18,Wed,56.3
23,1,11.4,12.4,1,ENT,18,Fri,280.2
8,4,8.9,5.0,0,Pediatrics,19,Wed,19.9
8,5,24.3,7.4,1,Emergency,23,Fri,34.9
15,2,21.2,13.1,2,Emergency,18,Mon,169.7
9,2,17.3,8.9,2,Emergency,12,Wed,84.3
10,5,8.7,9.0,0,Dermatology,11,Fri,17.4
19,4,17.3,13.4,1,General Medicine,9,Thu,104.1
8,2,15.8,3.8,0,Orthopedics,19,Fri,51.6
9,5,19.6,9.0,2,Cardiology,9,Fri,62.8
9,1,21.4,6.9,1,Emergency,13,Wed,181.9
9,2,15.9,2.9,1,Cardiology,2,Wed,79.3
1,1,13.1,1.9,0,Cardiology,7,Sun,18.3
6,4,11.2,3.1,2,Pediatrics,6,Sun,29.8
16,7,12.4,9.8,1,Dermatology,10,Mon,42.2
16,1,16.8,8.0,3,Orthopedics,12,Fri,298.8
12,5,8.0,8.8,3,General Medicine,17,Thu,38.1
11,3,21.3,10.6,3,Emergency,10,Mon,89.2
6,1,12.9,7.2,1,Pediatrics,3,Fri,86.1
9,5,15.6,1.9,0,General Medicine,13,Mon,37.2
3,5,13.9,6.4,0,General Medicine,1,Wed,15.1
8,1,18.8,7.1,0,Cardiology,20,Fri,158.4
10,2,10.1,6.1,1,General Medicine,18,Sat,60.7
6,5,7.5,7.1,0,Dermatology,5,Wed,14.5
10,1,21.1,5.7,1,Cardiology,6,Sat,220.9
3,1,12.5,4.8,1,Orthopedics,0,Sat,46.8
6,7,9.4,5.8,1,General Medicine,8,Thu,16.7
5,3,20.2,6.5,2,Cardiology,0,Tue,47.9
12,1,11.2,1.3,2,Pediatrics,22,Fri,144.5
5,1,24.4,8.8,4,Emergency,3,Mon,139.9
6,4,17.8,6.8,0,Orthopedics,15,Sun,37.0
9,4,16.4,8.5,1,Cardiology,13,Wed,48.2
5,2,16.7,4.5,2,General Medicine,5,Sat,52.7
9,2,13.0,5.3,0,General Medicine,19,Sat,74.3
12,5,12.2,6.3,1,Pediatrics,2,Thu,31.5
7,1,11.0,4.8,2,General Medicine,21,Sun,82.8
5,7,9.6,9.0,1,Dermatology,17,Sat,12.1
8,7,18.5,1.0,4,Emergency,15,Sun,27.2
8,1,13.7,6.9,4,Emergency,21,Mon,113.5
16,6,15.5,7.3,2,Pediatrics,9,Thu,52.7
6,2,5.5,1.9,2,Dermatology,6,Sun,27.4
3,3,16.4,3.9,0,Cardiology,3,Sat,12.4
7,2,10.2,3.5,3,General Medicine,22,Thu,56.1
18,7,17.5,6.5,1,General Medicine,9,Mon,64.3
8,5,19.5,2.7,1,Cardiology,19,Tue,42.9
6,1,17.0,5.0,0,Orthopedics,7,Fri,109.3
5,4,15.0,7.1,0,General Medicine,22,Fri,31.5
4,1,22.4,5.9,3,Emergency,20,Sun,109.2
12,4,8.8,10.0,2,Dermatology,7,Mon,41.5
17,6,18.7,8.2,1,Cardiology,11,Wed,67.0
9,4,24.6,7.6,3,Emergency,19,Tue,74.2
5,1,16.5,4.6,3,Emergency,5,Sun,81.4
7,1,17.5,6.3,5,Emergency,0,Tue,133.2
9,4,12.0,6.7,1,Pediatrics,6,Tue,50.2
5,6,21.1,7.6,7,Emergency,14,Wed,45.5
9,2,17.1,7.0,4,Cardiology,3,Mon,93.6
5,4,15.2,5.2,1,Dermatology,8,Fri,25.0
12,1,16.5,7.2,1,Emergency,22,Thu,200.5
10,2,10.2,4.7,1,Pediatrics,1,Thu,60.4
9,3,18.9,5.4,3,Cardiology,1,Sun,74.6
12,7,10.9,9.2,2,General Medicine,10,Thu,29.9
6,2,8.1,2.3,1,Pediatrics,0,Wed,34.9
6,1,14.2,5.7,0,Orthopedics,0,Wed,104.4
8,1,12.8,6.1,1,Dermatology,4,Sat,111.5
7,2,18.9,5.7,1,Emergency,2,Thu,67.9
7,6,16.2,6.5,1,Orthopedics,19,Tue,25.5
7,3,13.3,5.0,2,Orthopedics,2,Fri,38.6
11,3,20.2,5.8,1,Cardiology,12,Sat,80.3
7,7,23.3,10.9,1,Emergency,16,Tue,27.2
11,2,19.5,5.1,5,Emergency,15,Thu,119.1
5,1,12.1,3.7,2,Pediatrics,15,Thu,63.4
7,5,9.7,1.6,2,Pediatrics,8,Tue,21.4
10,1,9.1,4.5,3,ENT,21,Mon,109.1
11,1,16.4,2.0,4,Orthopedics,1,Sat,200.5
9,1,11.0,3.0,2,Pediatrics,2,Fri,110.6
8,3,12.7,3.9,2,General Medicine,20,Fri,51.8
12,1,10.6,4.0,0,Orthopedics,1,Wed,123.6
4,2,11.3,3.9,1,Orthopedics,4,Thu,42.3
7,5,12.8,7.0,1,Cardiology,4,Sun,18.2
9,3,5.8,2.7,5,Pediatrics,0,Tue,47.1
6,1,9.4,7.2,3,Dermatology,2,Fri,80.0
12,1,7.9,7.1,4,ENT,13,Mon,113.9
6,3,16.1,7.2,1,Cardiology,15,Mon,56.4
5,5,15.4,4.1,0,Pediatrics,1,Sun,19.5
7,2,21.6,8.5,0,Cardiology,22,Mon,84.9
7,1,4.2,6.0,2,ENT,2,Fri,50.3
11,2,12.4,8.6,0,Orthopedics,16,Thu,79.3
6,2,7.2,6.5,0,Pediatrics,19,Sat,26.5
13,4,18.2,8.7,0,Cardiology,12,Thu,67.5
18,1,11.1,5.8,1,Orthopedics,11,Fri,212.5
4,2,13.0,5.2,2,Orthopedics,2,Sun,36.6
4,5,16.3,6.4,1,Orthopedics,5,Sat,27.9
7,1,14.6,4.8,5,Orthopedics,20,Sat,125.0
3,1,4.1,5.3,2,Dermatology,8,Tue,18.9
6,1,18.3,6.5,4,Cardiology,0,Tue,131.1
15,5,18.4,10.4,4,Cardiology,17,Thu,71.7
14,1,9.6,6.9,2,ENT,16,Fri,149.7
11,1,10.8,1.9,0,Orthopedics,1,Fri,123.4
5,1,14.9,3.9,0,General Medicine,1,Sat,89.5
9,5,6.5,8.1,0,Dermatology,2,Mon,25.5
8,1,8.5,3.7,0,General Medicine,1,Tue,72.9
6,7,9.2,3.4,1,ENT,14,Tue,16.0
6,3,12.0,6.4,0,Pediatrics,3,Thu,27.6
10,2,11.8,5.5,1,Pediatrics,14,Fri,74.2
4,5,15.9,4.6,0,General Medicine,4,Mon,10.7
7,1,18.1,6.5,4,Emergency,23,Sun,130.2
11,2,13.1,7.7,2,Cardiology,17,Wed,80.5
8,1,14.0,6.7,0,Orthopedics,8,Fri,119.6
13,3,4.0,8.0,2,Dermatology,10,Sat,31.1
6,5,9.5,5.6,0,General Medicine,1,Mon,11.2
7,2,17.0,5.9,0,Cardiology,1,Sun,60.8
6,5,16.5,7.6,1,Cardiology,12,Sun,36.4
1,1,19.5,4.6,1,Cardiology,0,Sun,27.5
6,7,11.9,5.3,2,General Medicine,15,Mon,18.9
9,7,21.3,11.9,7,Emergency,9,Wed,51.0
5,2,10.8,7.8,1,Pediatrics,3,Tue,44.7
11,4,4.5,10.5,3,ENT,12,Thu,40.6
2,6,9.8,4.3,1,Dermatology,13,Sun,6.6
6,4,13.4,5.2,0,Orthopedics,17,Sat,20.0
7,5,12.6,1.0,2,General Medicine,4,Sat,19.3
10,3,16.4,7.0,1,Orthopedics,13,Wed,56.4
3,2,5.6,3.5,3,Dermatology,20,Sun,14.3
6,1,17.9,4.6,6,Emergency,6,Sun,125.9
3,1,20.1,9.1,5,Emergency,20,Sat,71.6
14,7,8.6,8.8,2,Pediatrics,17,Sat,29.5
15,2,14.2,9.9,0,ENT,10,Fri,112.5
11,2,10.0,5.8,0,Pediatrics,21,Mon,59.4
4,2,5.5,7.6,2,ENT,23,Tue,34.4
5,1,21.3,6.0,0,Orthopedics,5,Sat,108.0
12,3,10.1,5.2,2,ENT,23,Wed,50.9
4,1,8.9,5.5,4,ENT,0,Tue,51.0
3,5,24.6,4.7,2,Emergency,3,Sun,18.9
4,2,18.9,4.5,2,Cardiology,1,Thu,51.0
7,6,14.8,2.8,0,Orthopedics,8,Sun,12.2
10,2,13.2,3.7,1,Cardiology,22,Tue,68.1
5,1,4.0,9.5,2,Pediatrics,14,Wed,41.8
8,6,15.7,3.3,1,General Medicine,14,Wed,35.3
2,5,18.9,3.4,0,Cardiology,2,Wed,7.8
9,4,7.4,4.4,0,Dermatology,12,Thu,20.9
12,6,17.6,10.2,0,Cardiology,9,Wed,49.7
9,3,8.9,4.4,0,Dermatology,11,Sat,38.3
5,1,11.9,7.5,1,Pediatrics,6,Wed,66.6
14,4,15.7,5.9,1,Cardiology,4,Thu,76.7
7,5,9.6,6.7,3,ENT,22,Sun,38.2
13,3,16.6,4.3,1,Orthopedics,13,Thu,75.5
9,2,10.5,9.1,0,General Medicine,9,Mon,62.2
11,1,5.3,8.2,1,General Medicine,1,Mon,67.8
14,4,17.7,11.4,4,Emergency,18,Thu,78.0
12,5,5.1,11.2,0,ENT,11,Fri,29.2
5,6,13.6,7.4,0,Pediatrics,9,Sun,16.4
15,2,7.1,8.9,1,Pediatrics,16,Mon,79.0
3,1,9.0,7.2,0,General Medicine,3,Thu,35.5
11,6,18.1,6.4,1,Emergency,12,Wed,30.0
4,5,14.5,5.2,4,General Medicine,20,Thu,38.8
13,3,10.6,11.8,0,Dermatology,11,Thu,59.7
8,2,7.6,7.8,3,Pediatrics,0,Wed,57.1
3,1,13.6,3.6,1,Orthopedics,5,Mon,53.5
7,2,9.5,6.7,1,Pediatrics,1,Mon,58.1
13,3,12.2,7.2,3,Dermatology,12,Thu,69.9
9,5,5.8,5.4,0,General Medicine,8,Tue,18.2
8,5,10.7,9.0,3,Orthopedics,3,Wed,48.0
17,1,17.3,5.4,0,Pediatrics,16,Mon,300.5
11,5,13.5,3.4,0,Pediatrics,4,Mon,26.9
15,1,5.5,6.3,0,Pediatrics,8,Mon,87.5
6,1,29.4,6.9,3,Emergency,23,Wed,178.8
4,1,16.9,5.4,0,Orthopedics,1,Tue,84.3
13,1,15.3,8.3,0,Orthopedics,5,Tue,204.8
13,1,19.4,5.5,1,Orthopedics,7,Wed,256.1
15,6,17.4,9.5,4,Emergency,12,Wed,61.1
6,2,13.5,6.1,0,Orthopedics,5,Mon,60.3
9,2,15.2,5.5,2,Orthopedics,23,Mon,74.6
6,3,16.5,5.7,1,Orthopedics,0,Sun,56.5
6,1,16.0,4.4,2,Orthopedics,22,Fri,103.6
18,1,12.6,11.6,0,General Medicine,12,Mon,230.0
13,1,7.8,7.9,2,ENT,0,Tue,110.1
9,4,13.1,8.0,2,General Medicine,2,Wed,47.3
3,1,10.8,8.8,0,Pediatrics,2,Sun,40.4
4,4,10.0,5.0,0,Pediatrics,6,Sun,15.5
6,1,14.2,4.4,0,Orthopedics,7,Sat,87.3
8,1,6.4,6.9,1,Dermatology,15,Mon,50.9
5,1,4.6,5.2,1,ENT,7,Thu,37.3
15,2,24.3,8.8,6,Emergency,17,Thu,198.4
11,2,17.2,4.3,1,Orthopedics,7,Fri,110.8
5,1,23.0,6.9,5,Emergency,6,Sat,132.5
6,2,8.5,4.0,1,General Medicine,6,Wed,32.2
11,3,16.5,4.4,0,Cardiology,7,Thu,62.6
8,2,7.8,5.6,0,Dermatology,20,Tue,20.0
5,1,19.1,3.8,1,Cardiology,5,Tue,108.9
3,1,17.7,4.7,4,Emergency,6,Wed,60.8
6,1,20.2,3.5,1,Orthopedics,22,Sat,132.2
9,6,14.6,7.6,1,General Medicine,15,Thu,29.5
10,5,8.5,3.1,1,Dermatology,4,Fri,19.8
10,6,12.9,5.0,1,General Medicine,20,Fri,24.0
7,2,7.3,6.6,1,Dermatology,4,Wed,26.4
5,2,6.0,5.2,0,Dermatology,3,Sun,24.0
15,2,4.0,14.2,0,Dermatology,10,Mon,39.9
8,3,20.6,9.2,1,Cardiology,16,Sun,69.2
7,3,20.2,9.3,3,Emergency,4,Mon,46.3
10,1,13.6,5.9,0,Pediatrics,18,Wed,136.7
2,1,19.7,4.9,1,Cardiology,3,Sat,42.4
11,5,11.9,10.3,0,General Medicine,18,Fri,36.7
3,5,8.3,3.6,2,Dermatology,2,Wed,8.4
9,6,6.8,5.8,0,ENT,11,Sun,15.1
10,7,4.4,7.6,0,Dermatology,15,Mon,13.6
6,3,5.0,7.7,0,Dermatology,6,Fri,22.9
6,2,12.1,8.6,0,Orthopedics,14,Thu,49.4
12,2,11.4,9.3,0,General Medicine,16,Tue,73.3
7,7,22.3,3.1,1,Emergency,15,Sun,7.2
13,5,20.1,7.5,2,Cardiology,9,Sat,63.0
11,6,7.4,9.4,0,General Medicine,18,Mon,25.8
10,4,22.6,9.9,3,Emergency,17,Mon,71.4
9,1,20.4,2.3,3,Emergency,7,Mon,189.3
12,5,20.1,9.0,0,Cardiology,17,Wed,71.5
2,4,9.5,6.9,0,Dermatology,22,Wed,7.3
10,2,7.0,4.2,3,General Medicine,19,Sat,48.7
12,2,12.6,8.7,1,General Medicine,17,Fri,89.7
11,4,14.4,8.7,0,Pediatrics,18,Mon,39.2
6,1,5.4,4.3,2,ENT,19,Thu,45.6
8,1,9.2,5.9,0,General Medicine,6,Sat,78.7
4,6,6.0,5.7,0,General Medicine,17,Sun,3.6
7,5,7.6,1.0,1,ENT,4,Wed,23.6
7,3,4.0,4.8,3,Dermatology,8,Mon,17.6
10,1,5.4,4.5,0,Dermatology,22,Tue,51.6
6,5,8.7,5.4,0,Dermatology,6,Wed,2.5
5,7,10.4,4.7,2,Dermatology,20,Thu,17.0
12,4,4.0,8.8,0,ENT,10,Wed,34.2
5,5,16.6,6.4,1,Cardiology,5,Mon,29.5
6,3,7.3,4.4,1,Dermatology,2,Wed,25.4
9,5,14.6,6.1,0,Orthopedics,13,Wed,29.6
17,6,14.4,10.3,2,General Medicine,10,Thu,65.1
15,2,10.4,8.3,0,Dermatology,12,Mon,78.4
6,4,12.7,5.5,2,Pediatrics,1,Sat,27.2
9,1,20.7,8.6,4,Emergency,6,Wed,200.5
7,1,14.2,4.1,0,Orthopedics,0,Wed,113.1
4,1,6.5,4.8,1,Dermatology,7,Sun,25.4
3,1,13.8,8.3,1,General Medicine,22,Sat,57.2
5,4,6.5,6.5,2,ENT,3,Mon,12.0
14,7,15.5,7.3,0,Cardiology,16,Tue,33.3
8,1,19.5,7.0,1,Cardiology,0,Mon,183.9
10,3,12.2,5.7,1,Pediatrics,13,Thu,48.7
6,1,20.0,3.5,2,Emergency,22,Wed,113.4
15,5,16.9,5.7,1,Orthopedics,8,Wed,65.3
3,5,7.2,3.7,1,Dermatology,4,Thu,1.3
13,1,14.6,2.7,1,Orthopedics,13,Thu,200.1
4,1,13.1,7.7,0,General Medicine,6,Mon,65.4
11,3,17.6,1.3,2,Emergency,21,Mon,57.2
9,7,12.2,7.0,0,Pediatrics,20,Sat,32.7
5,2,9.3,5.3,1,Pediatrics,15,Sun,24.0
10,4,19.5,7.2,2,Emergency,15,Sat,48.0
2,6,20.3,7.5,3,Emergency,14,Sun,20.7
12,6,22.5,11.2,3,Emergency,17,Thu,61.1
5,6,8.4,5.4,1,Orthopedics,11,Sat,14.7
2,4,4.2,3.0,1,Dermatology,23,Sun,1.0
5,5,18.1,4.4,0,Orthopedics,8,Sun,24.8
8,1,9.5,8.0,1,Dermatology,0,Tue,72.4
12,2,16.7,12.8,2,Cardiology,16,Tue,123.5
4,6,12.2,4.0,2,General Medicine,15,Wed,22.6
6,1,16.8,7.6,2,Orthopedics,23,Thu,113.3
7,5,22.7,6.4,1,Cardiology,9,Sun,43.3
15,1,8.7,9.1,1,Pediatrics,10,Wed,146.0
6,5,19.0,5.5,0,Orthopedics,13,Sat,20.4
9,3,19.7,1.2,4,Cardiology,9,Sun,76.1
10,5,9.2,6.4,3,General Medicine,18,Sun,29.6
10,3,8.2,6.5,0,Pediatrics,10,Tue,31.1
6,6,11.6,10.5,1,Dermatology,18,Tue,20.1
9,4,19.2,9.6,2,Orthopedics,10,Tue,71.9
5,4,8.9,7.6,1,ENT,5,Sat,29.3
5,5,21.3,9.0,0,Cardiology,23,Fri,41.3
11,3,19.1,7.8,2,Cardiology,12,Wed,83.6
13,6,14.8,9.6,1,Orthopedics,16,Mon,45.8
6,4,18.6,9.2,2,Cardiology,14,Thu,48.5
9,3,4.0,5.2,0,Dermatology,8,Sat,13.8
7,3,19.2,7.4,4,Emergency,23,Thu,61.4
6,6,8.4,9.3,0,Pediatrics,8,Tue,23.6
8,1,12.0,9.0,3,ENT,23,Fri,124.3
10,3,20.7,9.4,1,Emergency,10,Fri,67.8
5,1,11.3,8.2,3,General Medicine,0,Fri,82.9
6,1,11.3,6.1,0,Dermatology,0,Sun,67.4
8,1,13.5,9.5,0,Cardiology,23,Wed,133.4
10,1,17.1,9.3,3,Emergency,12,Fri,177.7
10,3,12.8,8.9,2,ENT,9,Sat,62.2
7,6,9.9,5.3,3,Dermatology,19,Tue,29.6
11,7,5.2,7.1,2,Pediatrics,14,Tue,39.1
8,2,12.7,7.9,0,General Medicine,15,Mon,66.6
19,3,16.2,10.5,6,Emergency,16,Wed,119.1
8,1,16.7,6.8,1,Cardiology,4,Mon,152.3
4,5,19.4,4.3,1,Cardiology,2,Sat,15.1
6,3,9.9,10.6,1,Pediatrics,17,Mon,33.4
3,1,9.8,7.2,3,Pediatrics,0,Fri,45.4
20,6,5.5,9.4,2,Dermatology,17,Fri,30.1
9,1,18.5,5.7,1,Orthopedics,3,Sun,181.6
8,5,10.5,3.1,1,ENT,6,Wed,31.1
14,4,12.6,10.0,1,Orthopedics,16,Wed,67.5
8,4,10.4,2.7,1,Pediatrics,14,Tue,25.0
13,4,9.1,7.4,0,Pediatrics,18,Thu,29.6
13,7,18.4,6.8,3,Emergency,14,Tue,42.2
8,1,20.4,6.0,11,Emergency,1,Mon,201.0
4,3,17.0,1.0,4,General Medicine,20,Sun,29.0
12,1,12.4,2.3,1,Orthopedics,5,Fri,153.4
4,3,19.7,5.4,0,Cardiology,3,Mon,26.6
13,3,17.6,2.5,0,Orthopedics,21,Fri,66.2
4,5,9.5,3.3,0,Dermatology,4,Wed,7.5
7,5,12.7,7.9,2,Pediatrics,12,Tue,31.4
9,4,11.8,10.8,1,General Medicine,11,Thu,39.7
5,5,16.5,4.0,0,Orthopedics,18,Sat,21.7
6,2,9.4,1.7,1,ENT,1,Mon,22.5
8,5,6.2,8.7,0,Pediatrics,2,Wed,13.6
7,1,4.9,8.0,0,Dermatology,9,Sun,40.2
9,3,15.2,9.7,0,General Medicine,11,Wed,60.4
10,7,10.6,8.9,3,General Medicine,18,Mon,46.0
7,5,17.0,10.2,0,Cardiology,14,Thu,37.3
10,1,20.3,6.6,0,Cardiology,3,Fri,214.4
5,4,14.6,4.4,0,Orthopedics,23,Sun,24.1
10,4,12.1,8.6,1,Pediatrics,11,Fri,49.9
7,3,11.7,6.9,1,General Medicine,23,Mon,32.6
5,4,5.9,2.7,3,ENT,23,Sat,18.4
5,4,18.1,6.4,1,Orthopedics,1,Sat,33.6
13,4,9.5,11.6,1,General Medicine,12,Fri,48.8
9,6,18.8,8.8,1,Orthopedics,10,Sun,35.3
8,6,21.7,6.2,7,Emergency,11,Sat,39.8
5,2,8.4,6.8,0,Pediatrics,7,Tue,23.6
5,6,21.8,3.4,8,Emergency,13,Wed,34.7
11,3,8.6,6.5,0,Pediatrics,11,Thu,41.3
9,4,7.7,7.5,0,Pediatrics,4,Thu,13.9
17,4,10.6,7.8,0,Pediatrics,6,Fri,68.3
7,1,17.3,2.5,1,Orthopedics,3,Fri,123.0
4,4,12.8,3.4,1,General Medicine,20,Mon,11.1
14,2,6.8,7.1,2,ENT,16,Thu,55.9
12,2,11.0,9.7,0,Orthopedics,9,Mon,76.4
8,7,7.5,8.1,0,Dermatology,9,Thu,7.6
9,4,14.7,3.7,0,Cardiology,1,Wed,36.3
7,1,17.7,5.4,1,Cardiology,6,Tue,131.9
5,3,17.9,3.5,2,Cardiology,22,Sun,42.6
6,3,12.1,7.8,1,Pediatrics,0,Tue,36.9
7,1,10.9,5.5,2,ENT,3,Mon,93.5
9,4,14.9,8.9,2,General Medicine,20,Wed,62.2
1,5,7.9,2.2,4,Dermatology,12,Sat,12.8
8,5,18.8,6.9,3,Emergency,0,Mon,29.0
19,4,9.3,13.2,2,Dermatology,11,Thu,68.6
10,2,19.3,8.7,2,Cardiology,17,Wed,117.1
7,4,16.1,3.6,1,Orthopedics,8,Sun,35.9
15,6,25.7,7.7,8,Emergency,9,Mon,91.6
9,2,12.0,3.1,1,Pediatrics,15,Mon,58.3
8,3,21.6,8.1,2,Cardiology,14,Thu,83.2
9,1,4.7,4.4,1,Dermatology,21,Tue,52.6
8,1,17.1,7.8,2,Emergency,5,Fri,140.5
6,1,17.7,6.8,2,Emergency,6,Tue,105.2
3,2,12.0,7.3,2,General Medicine,3,Thu,24.2
9,5,19.6,4.1,1,Emergency,15,Mon,33.8
9,4,12.8,9.7,1,General Medicine,12,Fri,44.9
15,1,14.0,6.0,1,ENT,8,Thu,226.4
4,1,19.7,9.4,2,Emergency,16,Mon,74.6
13,4,10.5,4.0,2,ENT,9,Tue,45.8
11,1,20.2,7.1,3,Emergency,4,Mon,226.5
7,2,18.2,13.5,1,Orthopedics,12,Mon,72.8
19,7,16.9,6.4,1,Orthopedics,10,Fri,48.6
12,3,14.8,10.9,2,Orthopedics,9,Wed,82.0
13,5,17.9,5.8,3,Orthopedics,10,Sat,81.0
8,2,10.8,3.9,0,ENT,21,Tue,55.7
3,3,20.6,2.8,0,Cardiology,5,Sat,13.0
11,1,8.1,8.9,1,Dermatology,6,Fri,100.3
5,3,17.0,6.6,2,Orthopedics,13,Fri,39.9
7,5,14.3,3.9,0,Orthopedics,1,Sat,28.7
7,2,6.9,2.9,5,Pediatrics,3,Fri,48.4
3,6,16.6,5.3,1,Cardiology,13,Sat,14.9
8,1,21.8,8.5,2,Emergency,12,Sat,182.8
6,3,21.6,6.6,7,Emergency,15,Thu,64.5
7,1,7.9,1.9,0,Pediatrics,2,Sat,59.4
4,1,22.1,5.3,0,Cardiology,20,Sat,94.8
11,7,6.0,10.0,1,ENT,11,Sat,25.5
4,4,9.5,5.7,0,ENT,3,Fri,16.9
7,1,10.8,8.1,1,General Medicine,7,Mon,96.9
5,1,9.6,5.6,0,ENT,5,Thu,59.9
15,4,8.2,8.6,0,General Medicine,10,Mon,48.4
15,3,7.0,9.4,0,General Medicine,11,Mon,34.1
14,7,7.2,8.3,0,ENT,10,Wed,26.9
8,4,14.0,8.1,1,General Medicine,11,Thu,35.5
4,3,15.6,6.0,1,Orthopedics,21,Thu,33.1
3,3,4.9,6.1,1,ENT,23,Sun,23.4
7,2,11.9,6.5,0,ENT,11,Sat,43.0
7,2,18.7,5.9,0,Cardiology,23,Wed,73.8
9,4,14.3,6.4,3,General Medicine,19,Wed,48.4
5,6,7.0,9.2,0,Dermatology,19,Fri,17.8
11,2,14.6,4.0,3,Emergency,5,Tue,83.6
8,1,24.5,7.6,3,Emergency,10,Sun,200.0
9,4,7.5,5.9,2,Dermatology,8,Sat,25.4
5,4,18.0,5.7,2,Orthopedics,2,Fri,39.0
8,4,18.8,8.5,1,Emergency,1,Tue,47.2
10,2,18.3,7.9,0,Cardiology,14,Fri,102.4
9,4,7.1,8.0,3,General Medicine,10,Sat,40.6
10,5,5.5,3.5,2,Dermatology,19,Mon,24.0
8,6,19.4,7.9,0,Orthopedics,16,Tue,34.4
14,1,22.6,4.7,5,Emergency,2,Thu,321.3
3,3,18.6,7.4,3,Orthopedics,20,Wed,40.2
10,7,21.5,10.8,3,Emergency,11,Fri,46.1
8,5,18.8,5.5,2,Cardiology,13,Wed,44.2
8,1,20.9,3.7,1,Cardiology,23,Sun,169.1
8,3,17.7,10.4,1,Orthopedics,15,Wed,67.9
10,1,8.9,6.4,2,Dermatology,0,Wed,110.4
4,4,12.3,6.9,0,General Medicine,4,Mon,20.9
14,3,20.9,8.5,2,Cardiology,10,Tue,110.8
7,4,11.9,8.7,0,Orthopedics,0,Tue,37.5
10,5,17.1,5.0,1,Cardiology,4,Sat,49.8
9,3,5.8,6.4,0,Pediatrics,19,Wed,28.6
9,5,6.1,6.5,1,ENT,3,Tue,24.3
6,1,15.6,5.2,0,Orthopedics,4,Wed,101.1
9,3,12.3,7.1,1,Pediatrics,12,Thu,58.8
6,4,15.5,4.2,1,Pediatrics,2,Sat,36.7
4,1,8.7,7.3,1,ENT,6,Sun,47.1
14,3,8.8,5.4,3,Pediatrics,22,Mon,62.0
3,2,14.8,6.3,0,Orthopedics,15,Sat,28.8
8,3,9.7,5.2,0,ENT,23,Wed,31.0
6,2,20.4,1.0,0,Orthopedics,8,Sat,61.1
8,7,15.0,5.0,1,Orthopedics,14,Mon,31.4
5,1,6.7,2.8,1,Pediatrics,5,Fri,39.7
8,2,16.2,7.8,1,Orthopedics,9,Sun,77.8
6,4,9.3,2.3,1,ENT,4,Mon,22.0
5,4,17.9,4.4,1,Cardiology,19,Sat,36.3
5,3,19.2,4.5,5,Emergency,4,Mon,50.0
3,1,14.2,3.0,1,Dermatology,4,Sun,41.5
9,2,10.5,8.0,1,General Medicine,11,Sat,64.1
10,2,10.4,6.1,2,Orthopedics,10,Sun,70.8
9,4,13.2,4.1,4,Orthopedics,7,Sun,51.8
7,5,7.5,5.8,1,ENT,8,Wed,11.2
9,1,6.2,5.2,2,Pediatrics,7,Wed,69.9
9,1,19.4,4.4,5,Emergency,21,Fri,186.4
6,5,19.8,2.7,2,Orthopedics,13,Tue,42.8
7,1,14.2,6.8,1,Cardiology,22,Wed,118.8
6,5,7.8,6.6,0,General Medicine,23,Mon,21.3
6,2,22.2,6.5,3,Emergency,15,Sun,86.0
11,3,19.4,6.8,3,Emergency,19,Tue,79.7
6,2,6.9,5.1,1,Dermatology,2,Wed,22.9
9,1,18.2,5.7,2,Orthopedics,22,Thu,184.7
14,7,10.3,10.1,1,General Medicine,11,Wed,36.1
7,5,4.3,8.5,1,ENT,17,Sat,22.8
11,3,20.4,3.4,4,Cardiology,5,Sun,89.4
10,1,19.8,8.2,4,Emergency,2,Fri,205.9
9,3,8.7,4.1,0,ENT,21,Sat,22.0
4,6,12.2,7.7,0,Cardiology,10,Mon,17.5
8,1,17.0,2.9,3,Emergency,3,Sun,132.6
7,6,7.4,5.4,2,Dermatology,15,Mon,31.9
9,1,14.8,6.0,1,Cardiology,1,Mon,151.9
14,5,14.9,11.3,1,General Medicine,10,Mon,56.5
17,6,11.8,12.8,2,General Medicine,16,Tue,52.3
12,5,17.3,5.9,3,Cardiology,17,Sat,56.4
10,1,20.9,6.2,1,Cardiology,10,Wed,215.9
7,4,10.3,3.0,2,General Medicine,8,Sat,24.0
9,6,13.2,5.4,3,General Medicine,20,Wed,37.8
9,1,9.0,6.6,2,ENT,4,Mon,93.0
6,1,10.5,2.4,1,Dermatology,1,Thu,58.8
5,4,13.3,8.1,0,General Medicine,3,Tue,34.0
12,4,19.9,4.2,0,Cardiology,19,Wed,61.4
11,4,10.5,9.6,1,General Medicine,11,Thu,40.9
9,2,6.3,4.0,2,Dermatology,0,Sat,46.1
6,2,7.7,4.7,0,Dermatology,4,Fri,35.0
17,1,21.9,8.7,5,Emergency,0,Tue,392.5
5,1,10.1,3.3,1,ENT,19,Sat,60.1
13,5,11.3,7.1,2,ENT,11,Fri,41.8
3,4,17.5,7.1,7,Emergency,1,Tue,40.9
3,1,5.0,6.0,0,ENT,5,Sat,19.1
5,3,16.6,3.8,3,Cardiology,14,Sat,35.6
8,2,6.1,6.4,0,Dermatology,14,Fri,24.3
9,2,6.2,7.9,1,ENT,19,Wed,34.7
7,1,7.4,5.6,1,Dermatology,0,Wed,52.5
7,4,14.2,5.5,1,Cardiology,1,Thu,43.8
9,4,18.3,7.6,2,Emergency,0,Tue,52.1
14,7,9.1,8.7,4,General Medicine,9,Wed,40.5
11,3,8.5,7.5,0,General Medicine,17,Mon,36.1
6,2,8.3,6.0,0,General Medicine,15,Tue,27.0
7,5,15.1,2.3,2,Cardiology,5,Sat,42.4
12,1,10.5,5.9,1,ENT,15,Mon,146.9
9,1,9.2,7.9,0,Pediatrics,15,Thu,88.0
8,4,10.3,3.6,1,Pediatrics,4,Thu,35.5
20,1,19.4,8.9,3,Emergency,17,Mon,397.0
5,4,9.9,7.5,0,Dermatology,10,Sat,18.9
8,5,10.5,4.1,1,ENT,1,Sun,29.5
13,7,19.6,11.8,0,Cardiology,9,Fri,49.3
16,2,14.4,9.1,0,Orthopedics,18,Fri,124.7
18,2,11.9,9.8,3,General Medicine,16,Tue,140.7
9,1,6.5,7.0,1,Pediatrics,6,Sat,70.6
7,4,17.9,7.3,2,Emergency,18,Sat,35.5
16,6,17.2,9.0,0,Orthopedics,9,Thu,68.0
8,2,7.3,8.1,2,ENT,11,Fri,50.4
8,1,8.2,3.9,2,ENT,2,Sun,79.2
6,1,16.8,6.7,2,Orthopedics,23,Fri,114.5
8,5,10.7,4.5,1,Pediatrics,20,Tue,22.3
7,1,9.0,8.6,0,ENT,4,Wed,75.2
8,1,11.3,10.6,1,General Medicine,13,Tue,103.1
9,7,20.4,9.0,3,Cardiology,18,Wed,47.4
3,7,18.0,2.9,6,Emergency,12,Sun,9.5
9,2,9.9,7.6,2,ENT,5,Tue,64.6
9,2,7.1,4.4,2,Dermatology,23,Sun,35.8
7,1,13.6,7.3,0,General Medicine,6,Tue,115.9
7,4,11.9,5.9,0,Pediatrics,8,Thu,23.3
14,6,10.3,7.9,0,Pediatrics,8,Thu,31.6
10,1,18.1,4.6,1,Orthopedics,21,Mon,190.6
15,6,12.1,9.8,1,Pediatrics,12,Tue,43.8
13,3,19.1,9.6,1,Emergency,17,Wed,72.8
6,1,10.6,6.8,2,Pediatrics,21,Mon,80.5
7,1,9.8,5.8,0,ENT,22,Sat,78.3
9,4,11.8,7.9,3,ENT,20,Thu,46.4
4,5,4.6,1.9,0,ENT,21,Sat,4.8
6,3,13.2,5.8,1,Pediatrics,22,Sun,35.6
8,1,10.3,6.4,0,Orthopedics,23,Wed,85.5
6,1,10.3,3.8,0,ENT,15,Sat,62.9
9,1,16.3,6.6,0,Orthopedics,3,Mon,163.8
7,1,8.4,6.5,1,ENT,2,Thu,73.5
8,4,13.7,6.2,1,General Medicine,19,Fri,44.1
13,1,8.4,2.5,0,General Medicine,7,Thu,109.7
5,2,5.6,4.5,1,Dermatology,19,Sat,24.3
7,1,5.8,3.8,1,ENT,22,Sun,56.5
10,2,10.0,6.7,3,General Medicine,15,Wed,68.1
14,6,23.1,8.9,2,Emergency,18,Tue,73.2
8,1,15.7,10.3,1,General Medicine,6,Fri,136.3
10,2,19.7,5.9,3,Emergency,10,Sun,95.9
6,1,8.5,1.2,0,Dermatology,23,Sun,43.0
6,1,25.7,4.0,6,Emergency,19,Sat,165.5
3,5,18.7,5.1,4,Emergency,4,Tue,23.0
10,4,13.0,6.4,4,Orthopedics,22,Tue,52.2
11,2,10.7,8.1,2,Dermatology,11,Fri,60.1
9,2,8.4,7.3,0,Pediatrics,20,Wed,43.4
10,1,15.1,9.0,1,Cardiology,12,Fri,163.9
5,1,12.6,4.9,0,Pediatrics,14,Sun,71.4
9,4,22.1,8.9,0,Cardiology,3,Thu,45.5
6,3,18.5,6.1,3,Emergency,8,Wed,39.5
7,4,17.9,3.6,2,Cardiology,17,Sun,43.4
10,6,14.7,5.0,2,General Medicine,20,Thu,38.9
7,1,12.7,3.2,0,Orthopedics,2,Fri,97.3
7,5,10.8,4.8,1,Dermatology,1,Mon,14.4
15,4,22.3,2.0,2,Cardiology,16,Thu,93.4
14,2,14.3,10.7,0,Cardiology,10,Wed,113.4
7,4,14.0,3.0,1,Cardiology,20,Mon,30.4
9,1,10.2,7.4,1,Orthopedics,1,Tue,106.9
12,3,7.4,4.7,0,ENT,8,Fri,29.9
8,3,5.2,5.5,0,ENT,0,Tue,23.4
10,6,23.3,12.3,2,Emergency,17,Mon,45.0
6,4,6.1,5.4,1,ENT,20,Mon,24.3
6,4,18.8,4.1,3,Emergency,3,Mon,37.0
6,1,9.1,5.0,4,Dermatology,7,Thu,76.7
12,3,9.5,3.5,1,General Medicine,20,Thu,38.5
3,4,15.0,7.7,0,Orthopedics,0,Fri,16.6
7,1,16.9,7.1,2,Orthopedics,22,Fri,136.5
9,1,21.3,5.4,1,General Medicine,21,Thu,200.1
6,2,11.1,5.7,0,Pediatrics,3,Sun,36.5
10,1,4.0,7.2,1,Dermatology,3,Tue,52.8
11,2,17.1,8.4,1,Orthopedics,16,Fri,101.6
8,3,10.9,6.5,1,Pediatrics,0,Mon,31.1
7,2,16.5,5.8,0,Orthopedics,12,Sat,58.9
4,1,9.7,4.7,0,Pediatrics,1,Wed,46.5
10,3,12.6,3.9,0,Pediatrics,12,Wed,55.5
4,6,11.2,5.4,0,General Medicine,8,Mon,25.1
13,3,8.9,9.0,2,Dermatology,16,Thu,50.9
7,1,8.6,3.2,0,Dermatology,21,Wed,53.3
6,2,18.3,8.0,3,Cardiology,11,Sun,76.7
10,3,8.0,5.5,0,ENT,15,Tue,34.3
11,4,23.3,6.8,3,Emergency,14,Wed,59.2
3,1,12.1,4.7,2,Dermatology,23,Sun,34.0
10,3,17.8,3.9,3,General Medicine,5,Sat,68.3
9,2,20.4,3.0,2,Emergency,5,Sat,95.7
14,5,12.7,7.5,2,General Medicine,9,Thu,51.0
9,6,12.9,2.9,1,General Medicine,17,Sun,23.5
6,6,12.6,8.9,0,Orthopedics,20,Tue,26.3
3,5,10.7,4.8,2,Dermatology,6,Sat,21.6
8,1,11.2,4.0,1,General Medicine,2,Fri,94.0
8,2,16.8,7.1,4,Orthopedics,14,Wed,92.4
8,2,6.6,3.6,0,Pediatrics,14,Tue,31.9
6,6,16.7,7.2,0,Orthopedics,8,Thu,30.5
8,2,23.9,6.8,5,Emergency,4,Mon,108.6
5,1,13.1,2.8,1,Orthopedics,20,Sat,64.0
5,4,8.7,2.8,1,Pediatrics,20,Tue,18.1
8,4,10.6,7.9,2,General Medicine,17,Wed,40.9
5,2,8.6,6.1,1,Pediatrics,13,Tue,32.2
8,1,16.1,2.8,0,General Medicine,6,Thu,128.1
17,3,9.4,7.6,0,ENT,9,Wed,54.7
8,2,12.2,8.6,0,Orthopedics,1,Tue,65.9
5,1,15.7,4.0,0,Cardiology,5,Sun,87.4
10,4,4.0,11.5,2,Dermatology,10,Sat,27.0
9,4,6.8,9.8,2,ENT,10,Wed,29.0
14,2,6.4,5.6,0,Pediatrics,1,Mon,55.3
5,2,11.5,2.3,1,Orthopedics,22,Sat,32.2
8,4,13.9,3.7,0,Orthopedics,6,Fri,21.6
12,5,4.9,9.2,0,Dermatology,12,Thu,23.2
14,4,14.6,8.0,1,Orthopedics,11,Fri,52.5
10,5,13.2,8.3,0,General Medicine,11,Mon,34.9
8,1,9.0,6.3,0,Dermatology,20,Thu,79.2
15,2,15.7,7.6,0,Orthopedics,17,Tue,128.1
9,2,4.5,7.7,3,General Medicine,20,Fri,45.6
6,6,7.6,6.8,1,ENT,9,Sun,26.2
7,1,13.8,4.8,0,Pediatrics,6,Thu,96.8
15,2,26.4,9.4,3,Emergency,10,Fri,206.4
13,5,10.4,1.4,1,Dermatology,13,Fri,27.4
6,5,15.2,4.9,1,Orthopedics,8,Sun,27.5
6,6,15.5,9.7,0,Cardiology,11,Mon,31.1
5,3,21.8,1.9,1,Cardiology,3,Wed,46.3
5,7,8.5,2.3,2,ENT,14,Tue,22.8
7,2,11.3,5.6,2,General Medicine,17,Sat,48.2
11,4,18.4,7.7,1,Orthopedics,12,Thu,65.8
3,2,4.0,4.1,1,Pediatrics,20,Sat,8.4
6,1,8.8,6.1,4,ENT,23,Thu,78.5
4,1,7.6,7.2,1,General Medicine,21,Sun,52.7
4,1,19.7,3.5,1,Cardiology,2,Sat,95.8
9,3,12.9,7.2,2,Dermatology,21,Mon,42.4
4,3,21.5,3.2,6,Emergency,8,Sun,34.8
10,3,20.9,7.1,0,Orthopedics,10,Sun,80.7
12,5,12.6,8.2,1,General Medicine,9,Mon,40.6
11,5,12.3,3.3,2,Dermatology,6,Wed,41.6
5,1,7.2,3.0,0,General Medicine,21,Sun,44.2
8,5,12.6,4.9,1,General Medicine,15,Sat,33.1
9,5,16.0,3.7,0,Emergency,23,Thu,11.9
11,1,21.1,6.1,1,Emergency,22,Thu,233.7
11,3,8.0,9.6,1,ENT,10,Mon,48.5
10,3,7.4,9.7,1,Dermatology,17,Thu,34.9
10,7,11.4,10.5,0,General Medicine,12,Fri,20.0
11,1,15.1,13.0,1,General Medicine,11,Wed,195.2
21,7,15.6,6.4,2,Orthopedics,17,Wed,55.6
8,5,12.6,5.5,1,General Medicine,16,Sat,21.7
7,1,20.0,5.9,6,Emergency,21,Thu,159.3
11,7,14.2,8.0,1,General Medicine,18,Tue,41.9
10,6,17.3,8.3,2,Cardiology,14,Wed,42.4
10,4,4.7,8.5,0,Dermatology,22,Thu,11.2
13,1,10.9,10.5,0,Dermatology,2,Tue,151.0
16,2,8.7,8.7,2,Pediatrics,18,Thu,99.2
8,6,18.8,4.0,2,Cardiology,9,Sun,48.2
10,2,20.3,5.8,1,Cardiology,10,Sat,118.0
14,4,4.8,7.0,1,Dermatology,18,Tue,26.0
9,5,12.5,7.6,1,Orthopedics,6,Thu,34.4
6,5,5.7,7.5,1,Pediatrics,21,Thu,18.3
9,1,7.0,10.5,2,Dermatology,11,Fri,76.4
7,6,23.2,8.4,4,Emergency,8,Sat,39.1
9,3,17.9,6.0,3,Cardiology,7,Thu,70.2
16,6,16.2,7.7,1,General Medicine,10,Wed,54.9
15,1,19.0,5.9,1,Cardiology,22,Fri,292.0
6,4,18.3,4.0,2,Emergency,2,Mon,24.2
7,3,18.0,7.6,1,Emergency,12,Fri,39.4
5,3,19.7,4.2,0,Orthopedics,20,Sun,39.4
8,1,12.3,10.0,1,Pediatrics,11,Fri,118.0
6,5,8.5,4.3,1,ENT,13,Thu,36.9
8,2,8.4,1.6,0,Dermatology,8,Sat,37.9
15,1,18.7,7.4,2,Emergency,3,Thu,288.7
3,1,4.4,4.2,0,General Medicine,15,Thu,26.3
4,2,15.3,4.5,1,Orthopedics,22,Sat,42.9
9,4,14.3,11.3,1,Cardiology,12,Tue,40.1
8,5,10.9,7.9,0,General Medicine,10,Sat,30.1
11,2,16.2,7.2,4,Emergency,3,Fri,96.9
4,4,11.4,8.2,1,General Medicine,22,Thu,22.0
8,4,6.0,6.5,1,ENT,20,Mon,14.8
4,1,20.2,2.0,0,Emergency,21,Sat,59.8
9,1,11.1,10.9,0,ENT,8,Tue,111.7
7,2,8.9,5.1,1,Dermatology,15,Sun,38.1
8,6,5.6,7.2,0,Pediatrics,10,Sat,16.3
13,1,4.0,6.3,3,Dermatology,5,Wed,64.0
11,1,11.2,2.6,2,Orthopedics,4,Thu,136.8
16,3,15.1,7.2,0,General Medicine,9,Mon,93.4
7,6,21.6,9.3,1,Orthopedics,13,Thu,43.5
9,4,13.0,2.1,0,Orthopedics,2,Mon,35.3
6,3,14.9,6.1,2,Cardiology,16,Sun,49.8
9,2,14.2,9.5,1,Pediatrics,10,Fri,68.4
5,2,16.7,5.3,1,Cardiology,21,Tue,54.5
7,1,14.8,8.2,6,Orthopedics,6,Sat,133.8
7,3,15.5,2.9,4,Orthopedics,1,Mon,66.6
8,3,6.9,4.5,2,ENT,7,Thu,38.8
6,3,12.7,6.6,0,Orthopedics,23,Mon,35.1
10,4,7.8,6.8,0,Dermatology,7,Mon,21.4
9,4,8.8,9.2,1,Pediatrics,16,Tue,21.8
12,5,14.7,6.5,5,Emergency,20,Wed,41.1
10,1,12.3,2.9,2,Orthopedics,6,Sat,131.7
3,2,11.6,3.5,1,General Medicine,15,Sun,27.8
4,2,8.3,2.1,2,Pediatrics,4,Sat,24.9
9,5,9.5,5.0,0,Dermatology,8,Sat,26.9
8,1,17.7,2.6,4,Emergency,7,Thu,141.9
7,4,15.4,6.3,1,Pediatrics,16,Wed,52.4
7,1,9.2,7.8,1,ENT,21,Tue,70.0
8,1,9.2,3.0,1,ENT,6,Sun,85.7
15,4,10.5,10.8,1,General Medicine,6,Thu,55.5
11,3,17.2,5.1,2,Cardiology,19,Thu,75.3
12,5,4.0,8.1,2,ENT,11,Mon,26.9
11,4,20.0,11.6,3,Emergency,12,Thu,61.1
9,3,13.9,11.0,2,Dermatology,16,Fri,59.5
9,2,14.7,5.6,0,General Medicine,3,Thu,68.3
2,6,5.1,5.8,1,Pediatrics,20,Fri,14.0
5,4,18.9,6.2,3,Cardiology,8,Sat,45.4
6,6,11.3,6.4,1,Pediatrics,15,Mon,23.9
9,3,22.6,5.6,0,Cardiology,10,Sun,71.3
8,4,9.6,5.9,2,General Medicine,18,Sat,42.7
8,3,18.9,9.9,0,General Medicine,14,Wed,51.8
6,5,12.3,3.6,1,General Medicine,4,Sat,25.9
8,5,12.5,5.4,1,Orthopedics,4,Mon,40.7
10,1,4.0,5.9,0,Dermatology,21,Wed,48.7
9,2,9.6,9.1,2,Pediatrics,12,Mon,55.7
9,1,20.6,4.5,4,Emergency,6,Fri,187.7
3,1,6.6,7.4,0,Pediatrics,3,Sat,28.0
9,1,13.9,5.3,1,General Medicine,3,Fri,128.3
8,1,16.6,7.0,2,Orthopedics,22,Fri,144.8
11,1,8.0,9.3,0,Dermatology,23,Tue,85.6
13,5,9.4,5.6,2,General Medicine,9,Sun,43.3
8,4,12.1,6.8,1,General Medicine,4,Tue,42.7
11,1,13.5,6.6,2,Dermatology,10,Thu,155.5
7,3,6.2,4.5,1,ENT,3,Fri,21.8
6,5,9.7,4.5,1,Orthopedics,13,Sat,15.3
3,2,6.9,3.4,0,Dermatology,15,Sun,12.8
8,3,5.6,7.5,2,Dermatology,23,Fri,22.6
5,3,9.4,5.0,1,Orthopedics,7,Fri,20.0
7,5,19.2,5.5,2,Cardiology,4,Wed,45.9
9,1,8.0,4.8,4,General Medicine,3,Thu,101.3
10,1,10.7,11.3,0,Orthopedics,9,Fri,121.5
9,3,11.5,5.6,2,ENT,14,Fri,39.1
9,3,14.2,4.7,2,Pediatrics,1,Fri,63.0
15,7,27.8,7.3,4,Emergency,18,Thu,59.6
9,5,15.3,6.9,1,Emergency,11,Tue,17.3
5,3,11.2,7.4,3,Pediatrics,19,Mon,37.2
11,2,10.8,8.9,1,Orthopedics,11,Wed,75.7
4,3,10.2,11.9,0,Pediatrics,3,Wed,25.2
6,3,17.5,4.9,1,Cardiology,0,Fri,52.8
5,1,5.6,1.1,0,General Medicine,13,Sun,30.7
11,7,16.6,8.6,0,Orthopedics,12,Fri,36.6
10,3,18.0,8.8,0,Cardiology,19,Sat,62.4
11,2,10.8,6.7,3,ENT,21,Fri,87.5
5,1,5.2,4.1,1,ENT,3,Sun,34.1
6,1,16.3,3.2,0,Pediatrics,7,Sun,95.7
6,4,8.8,5.4,0,Dermatology,4,Tue,10.7
10,2,10.0,8.4,1,ENT,2,Fri,72.4
8,1,12.1,4.3,1,Dermatology,0,Thu,102.8
10,1,18.0,4.3,2,Cardiology,1,Sun,191.4
9,3,17.3,9.3,2,Emergency,12,Fri,52.8
11,4,18.3,6.0,1,Orthopedics,3,Mon,64.4
7,1,7.5,5.4,1,Dermatology,4,Tue,49.8
8,1,12.9,3.1,0,Pediatrics,2,Mon,107.8
15,4,9.6,9.4,1,Pediatrics,17,Tue,48.6
8,1,24.5,5.5,0,Cardiology,15,Mon,194.2
2,1,17.8,6.7,0,Cardiology,23,Sat,41.6
9,2,6.1,5.7,0,Dermatology,2,Thu,20.4
7,1,16.0,5.9,2,Orthopedics,5,Fri,123.3
4,5,18.5,6.6,0,Emergency,10,Sun,1.0
5,4,12.3,7.0,2,Orthopedics,15,Fri,27.8
9,5,22.0,2.4,1,Cardiology,3,Thu,39.2
12,2,16.1,6.6,2,Emergency,5,Tue,97.3
5,4,21.0,2.9,2,Cardiology,10,Sat,36.7
15,1,13.8,5.3,0,ENT,0,Thu,214.2
13,1,18.9,7.6,3,Emergency,9,Sat,259.3
14,7,20.8,13.1,1,Emergency,18,Mon,53.6
14,2,15.4,7.0,0,Cardiology,12,Tue,114.3
9,2,18.4,7.3,1,Orthopedics,10,Mon,95.5
15,1,6.1,5.6,0,Pediatrics,11,Fri,91.8
11,3,20.9,4.6,2,Cardiology,22,Thu,89.1
14,3,20.0,13.6,5,Emergency,12,Wed,122.6
16,4,15.4,5.8,2,Cardiology,12,Wed,71.0
6,1,12.8,1.0,1,Orthopedics,22,Fri,94.0
3,1,13.4,6.0,0,General Medicine,3,Sun,35.4
5,1,11.4,5.9,0,Orthopedics,2,Sun,64.9
7,5,11.6,9.1,5,Pediatrics,10,Thu,42.0
12,3,20.4,6.3,5,Emergency,7,Fri,80.4
7,1,16.7,7.6,3,Cardiology,4,Mon,143.9
5,5,13.4,5.8,0,General Medicine,2,Sun,20.8
9,5,9.5,4.0,1,General Medicine,21,Mon,28.4
11,1,7.1,3.5,3,Dermatology,14,Wed,84.6
9,6,18.8,4.3,3,Emergency,16,Sat,35.0
5,4,4.1,2.7,1,Dermatology,2,Sun,4.6
6,6,10.9,7.4,2,General Medicine,8,Tue,33.6
5,7,7.2,8.1,1,General Medicine,14,Fri,15.9
12,7,8.2,8.3,0,Pediatrics,12,Tue,29.8
4,3,4.0,9.6,1,Dermatology,16,Mon,18.2
13,7,4.9,8.8,2,Dermatology,16,Wed,31.7
11,2,5.2,7.3,0,Dermatology,9,Fri,34.6
11,2,13.2,7.2,0,General Medicine,18,Tue,87.9
4,4,7.0,4.3,1,Pediatrics,6,Sun,18.2
14,5,16.2,7.5,1,Emergency,1,Fri,48.7
6,1,18.8,6.8,3,Emergency,21,Thu,118.4
3,4,13.6,5.6,1,Dermatology,0,Thu,16.4
8,4,6.9,8.8,1,General Medicine,6,Thu,36.2
7,2,14.0,9.1,0,General Medicine,2,Mon,60.6
10,5,13.0,3.0,0,General Medicine,5,Fri,20.2
13,4,15.2,3.9,0,ENT,9,Sat,56.4
4,2,8.8,3.1,1,Dermatology,3,Wed,28.4
9,4,9.1,10.8,0,ENT,11,Wed,33.8
10,3,10.1,3.6,0,Pediatrics,22,Sun,37.8
5,2,7.8,6.1,1,Dermatology,3,Fri,22.9
12,5,14.0,7.2,1,General Medicine,22,Wed,42.9
8,3,6.3,9.0,0,Dermatology,9,Mon,17.6
3,2,29.0,2.9,3,Emergency,14,Sat,42.8
12,5,10.5,6.8,5,Dermatology,10,Fri,40.1
8,2,19.4,5.5,7,Emergency,7,Fri,85.3
3,4,8.2,7.6,2,ENT,2,Tue,22.8
9,7,17.9,2.6,0,Cardiology,14,Tue,30.9
10,5,14.8,5.0,0,Orthopedics,21,Thu,26.3
5,6,21.9,2.4,0,Emergency,12,Sat,19.5
10,5,9.8,7.8,1,ENT,14,Wed,38.5
13,4,14.3,2.7,0,Pediatrics,15,Thu,51.2
9,7,17.1,3.1,5,Emergency,9,Sun,40.1
6,1,11.9,7.7,3,General Medicine,2,Tue,89.9
10,7,6.0,7.7,0,ENT,12,Tue,18.1
5,7,8.5,2.4,0,Pediatrics,20,Tue,1.0
6,3,7.4,5.3,1,ENT,7,Sun,25.8
11,7,17.3,6.2,2,Orthopedics,20,Thu,46.2
10,2,16.1,8.1,0,Cardiology,20,Sun,88.4
6,1,13.2,1.7,2,ENT,5,Sun,87.8
6,4,12.3,4.0,1,Dermatology,13,Wed,15.3
9,3,17.1,7.5,1,Orthopedics,17,Mon,73.5
13,7,16.6,11.0,2,Emergency,11,Wed,26.0
10,5,22.3,5.0,3,Cardiology,16,Thu,72.9
9,1,8.7,5.3,1,Pediatrics,21,Wed,83.9
6,5,11.0,6.5,0,General Medicine,15,Mon,10.9
2,6,11.5,6.5,2,Pediatrics,20,Sun,18.4
4,3,6.4,4.2,0,ENT,19,Wed,12.5
11,7,21.7,6.5,0,Cardiology,19,Fri,42.6
8,6,17.4,2.9,0,Orthopedics,20,Sun,22.6
7,4,26.9,3.5,1,Cardiology,5,Thu,64.6
9,1,8.9,5.7,1,Dermatology,0,Fri,89.8
9,5,8.6,5.4,1,ENT,3,Mon,26.4
5,3,18.0,6.9,0,General Medicine,5,Fri,36.6
12,6,6.4,10.2,1,General Medicine,16,Sat,44.4
10,6,18.7,7.1,3,Cardiology,12,Sun,49.9
8,7,14.6,8.9,1,Orthopedics,11,Mon,30.8
10,3,11.7,7.0,0,Dermatology,0,Tue,40.0
12,7,18.3,7.4,1,ENT,16,Mon,51.4
7,2,6.0,5.7,3,Dermatology,8,Sun,35.2
8,5,12.5,7.6,0,ENT,18,Tue,23.7
8,2,19.2,6.6,2,Orthopedics,2,Thu,95.6
5,3,12.9,5.5,0,ENT,7,Thu,32.1
5,5,9.7,5.4,2,ENT,1,Fri,20.3
5,5,10.1,7.3,0,Dermatology,6,Sun,17.3
6,1,7.1,4.1,2,Pediatrics,22,Wed,68.7
8,6,14.3,7.2,0,ENT,11,Sat,37.1
8,7,6.8,8.0,1,Pediatrics,10,Wed,28.5
11,3,5.1,7.7,0,Dermatology,6,Tue,23.9
8,3,7.2,3.3,1,Dermatology,6,Mon,22.6
11,5,7.3,8.2,0,ENT,16,Wed,32.8
5,5,21.3,4.1,5,Emergency,23,Thu,20.6
11,1,17.1,9.3,0,Cardiology,17,Sat,197.8
7,6,9.4,8.8,2,General Medicine,17,Sat,25.1
9,7,5.6,7.5,1,ENT,11,Thu,16.4
7,1,11.6,3.6,0,Dermatology,2,Wed,82.5
16,3,13.6,8.0,2,General Medicine,17,Tue,93.4
5,5,8.1,5.7,4,General Medicine,19,Sun,26.1
5,1,11.9,9.5,0,Pediatrics,12,Wed,60.9
4,1,7.0,3.4,2,Dermatology,2,Sat,41.7
13,3,13.3,11.2,1,Cardiology,17,Fri,76.6
8,5,16.3,4.8,1,Emergency,22,Sun,19.6
3,2,23.0,2.4,2,Emergency,5,Sun,24.7
7,5,22.1,1.8,1,Cardiology,3,Fri,39.0
10,7,11.1,13.1,0,ENT,17,Fri,26.6
10,3,12.8,5.4,1,Orthopedics,7,Mon,50.0
15,5,13.5,4.2,1,General Medicine,17,Mon,55.0
14,5,16.5,9.6,0,Orthopedics,16,Thu,61.0
7,1,4.0,2.6,2,ENT,6,Fri,41.9
5,1,11.7,6.7,2,Pediatrics,1,Sat,81.0
14,1,10.6,8.4,1,Pediatrics,13,Tue,155.5
9,2,19.0,8.5,0,General Medicine,9,Thu,101.3
6,3,14.0,2.0,2,Dermatology,20,Sun,38.7
7,7,19.8,7.0,3,Emergency,8,Mon,32.2
6,5,9.3,8.4,0,Dermatology,5,Wed,18.6
8,3,15.4,4.0,2,Orthopedics,20,Sun,54.3
17,3,7.6,8.2,0,ENT,17,Tue,56.5
6,7,15.9,4.5,2,Emergency,14,Wed,18.8
5,5,7.0,5.3,1,ENT,22,Thu,17.6
16,4,13.6,8.7,4,Orthopedics,18,Fri,86.4
11,1,18.6,5.0,2,Orthopedics,20,Tue,199.0
7,3,8.6,2.3,3,Dermatology,19,Sat,19.5
11,4,16.3,12.3,0,Cardiology,9,Tue,65.7
6,4,5.8,5.5,0,Dermatology,1,Wed,12.4
6,7,21.3,4.9,4,Emergency,14,Fri,27.8
13,5,11.1,9.4,1,General Medicine,18,Mon,41.3
4,2,4.8,4.7,1,Dermatology,23,Sat,4.0
9,4,12.2,8.9,0,Orthopedics,16,Fri,45.3
8,4,23.3,1.9,2,Cardiology,13,Sat,61.2
3,5,9.6,6.0,2,Pediatrics,13,Tue,28.5
6,1,18.3,6.3,2,Orthopedics,2,Wed,113.0
5,1,9.7,4.8,2,Orthopedics,0,Sun,68.6
7,4,15.5,6.5,1,General Medicine,1,Mon,44.8
8,4,10.3,6.4,0,Dermatology,21,Thu,26.8
17,7,12.7,6.9,1,Pediatrics,18,Thu,43.5
9,3,10.2,11.1,3,Orthopedics,6,Thu,52.1
8,3,10.1,9.9,1,Pediatrics,10,Thu,46.2
10,7,7.5,7.8,2,Pediatrics,11,Sat,25.6
4,5,11.5,7.2,0,Orthopedics,5,Tue,22.2
7,5,14.4,6.1,2,Emergency,10,Sun,17.7
8,1,16.8,2.2,3,Emergency,8,Sun,132.3
12,7,11.6,8.6,1,Orthopedics,16,Tue,29.0
9,5,20.4,4.4,0,Cardiology,18,Sun,41.8
6,1,18.2,3.0,1,Emergency,2,Tue,101.8
12,3,9.5,13.2,0,Pediatrics,11,Mon,61.5
8,1,23.6,7.6,5,Emergency,23,Wed,203.8
6,1,12.2,4.4,1,General Medicine,20,Sat,65.7
6,3,7.9,4.3,0,Pediatrics,19,Sat,35.9
8,5,15.6,10.2,2,Orthopedics,17,Fri,41.7
4,3,9.6,3.9,0,General Medicine,0,Sat,7.7
9,2,4.0,4.8,0,Dermatology,23,Tue,25.2
4,5,9.1,9.0,0,Dermatology,17,Sun,18.3
4,2,16.9,4.1,2,Orthopedics,21,Fri,44.9
6,3,7.4,8.3,0,Dermatology,21,Mon,12.6
15,4,7.6,6.0,3,Dermatology,6,Mon,44.3
3,5,6.7,6.5,0,Dermatology,0,Tue,4.4
10,4,12.6,5.3,2,Dermatology,15,Mon,41.2
10,5,9.9,6.7,1,ENT,11,Tue,32.2
4,1,11.6,2.7,2,General Medicine,0,Sun,46.2
6,4,22.9,6.6,3,Emergency,6,Tue,35.8
8,4,12.2,4.2,1,ENT,23,Fri,30.7
3,2,21.3,2.4,5,Emergency,8,Sun,39.4
5,4,22.9,7.4,6,Emergency,6,Tue,46.7
10,1,11.7,6.8,1,Pediatrics,15,Fri,119.0
1,4,15.1,3.4,0,Orthopedics,15,Thu,4.1
9,5,13.0,8.3,0,Pediatrics,7,Tue,31.7
5,5,9.2,6.7,1,General Medicine,20,Sun,19.8
6,1,17.1,5.4,2,Emergency,13,Fri,108.6
8,2,21.5,2.5,5,Emergency,3,Thu,98.2
10,4,18.0,1.4,1,Emergency,7,Sat,52.2
6,5,22.5,3.0,2,Emergency,20,Sun,17.2
8,5,9.8,6.5,1,ENT,2,Sat,33.0
5,1,24.2,4.5,0,Cardiology,0,Sun,128.5
9,4,17.0,3.5,4,Emergency,15,Wed,41.7
10,6,20.8,11.9,0,Cardiology,10,Wed,51.0
7,3,7.5,5.9,0,ENT,6,Tue,31.7
13,5,10.9,10.6,0,Pediatrics,11,Fri,39.3
6,1,10.2,3.5,1,Dermatology,4,Sat,70.5
8,5,9.2,2.1,2,Dermatology,8,Fri,22.1
10,1,10.5,2.5,0,ENT,5,Fri,108.6
3,7,19.3,2.5,1,Cardiology,14,Sat,29.5
15,4,9.3,9.6,0,Pediatrics,16,Tue,40.9
9,2,14.6,6.8,0,General Medicine,21,Wed,78.0
11,1,11.7,9.7,2,ENT,1,Fri,155.4
8,5,8.0,5.9,1,ENT,7,Mon,26.7
2,1,5.7,4.0,2,Dermatology,6,Sun,17.5
2,3,20.8,4.0,1,Emergency,13,Tue,9.2
10,3,18.6,8.1,0,Cardiology,12,Sat,63.7
11,5,4.0,8.9,1,Dermatology,21,Fri,13.3
5,3,8.7,2.9,0,Dermatology,22,Sat,18.2
6,4,7.6,6.0,3,Pediatrics,18,Sat,27.3
4,3,4.0,6.7,1,Dermatology,4,Thu,5.9
9,2,13.2,2.6,0,General Medicine,0,Sat,64.7
14,1,5.4,2.4,0,ENT,21,Wed,75.3
13,5,23.9,6.3,2,Emergency,22,Fri,65.6
2,2,11.4,5.3,0,ENT,6,Sun,29.1
9,5,20.7,4.1,6,Emergency,1,Mon,50.6
18,1,16.2,9.0,1,General Medicine,16,Wed,303.4
11,2,20.9,10.1,1,Cardiology,14,Mon,124.8
9,2,5.3,8.2,0,Dermatology,21,Thu,24.0
6,1,12.0,5.2,2,ENT,13,Sat,84.0
8,2,17.9,7.9,7,Emergency,18,Mon,85.4
11,6,20.8,10.3,0,Cardiology,18,Thu,56.2
5,1,7.7,2.7,1,ENT,0,Wed,44.1
5,1,11.2,4.0,1,Orthopedics,3,Sat,68.2
9,1,21.3,7.9,4,Emergency,18,Tue,204.6
2,1,10.6,7.5,1,General Medicine,4,Tue,37.0
6,5,13.2,1.6,1,Pediatrics,4,Mon,20.5
12,2,15.9,14.0,1,General Medicine,18,Wed,121.6
5,1,4.0,5.1,1,ENT,4,Thu,36.0
8,1,10.0,7.4,1,Pediatrics,3,Sun,94.4
8,1,17.0,7.4,0,Orthopedics,0,Thu,137.3
8,6,8.4,9.6,0,Dermatology,11,Tue,25.3
17,3,15.4,6.5,0,Orthopedics,15,Fri,91.9
16,1,10.8,9.1,1,Pediatrics,17,Mon,193.9
10,5,7.2,5.0,0,General Medicine,21,Wed,23.2
5,4,14.8,6.8,0,Pediatrics,15,Fri,21.3
16,3,22.0,8.6,2,Emergency,18,Tue,122.8
9,1,16.0,7.1,2,Cardiology,5,Fri,158.0
10,2,17.8,6.8,2,Emergency,8,Thu,86.8
7,3,12.6,3.4,1,Pediatrics,7,Sun,45.7
8,4,15.8,5.0,0,Orthopedics,1,Wed,30.2
4,5,11.1,4.7,2,Pediatrics,23,Sun,23.2
12,3,16.7,6.8,1,Orthopedics,5,Fri,84.7
13,3,18.7,5.3,2,Cardiology,10,Sat,95.9
9,3,4.0,4.0,0,Dermatology,8,Tue,6.7
13,5,13.8,6.5,2,Orthopedics,1,Mon,55.1
4,1,9.7,4.9,1,Dermatology,21,Sat,40.6
8,5,10.9,6.2,0,ENT,5,Thu,23.0
7,5,13.6,5.8,0,Orthopedics,2,Wed,13.7
4,3,19.9,5.8,2,Emergency,8,Sun,32.4
9,2,21.5,4.1,1,Cardiology,3,Wed,109.4
9,1,14.2,4.3,3,Pediatrics,23,Thu,149.2
6,3,21.0,3.1,1,Emergency,4,Sat,29.1
10,1,22.7,4.0,2,Emergency,7,Sun,217.8
8,1,13.1,2.9,1,General Medicine,6,Sun,115.0
8,5,22.1,4.8,2,Emergency,0,Fri,35.3
6,2,20.0,7.8,3,Emergency,0,Mon,77.9
10,3,6.2,8.8,1,Dermatology,12,Mon,34.1
13,1,15.6,7.6,1,Pediatrics,5,Fri,210.0
6,2,14.4,6.0,0,ENT,2,Thu,44.6
15,1,18.1,4.6,2,Cardiology,6,Mon,286.5
10,1,10.2,8.2,0,ENT,6,Fri,115.8
7,1,9.5,5.5,0,ENT,10,Sun,80.0
8,1,9.2,6.7,1,ENT,23,Mon,87.6
13,5,18.3,5.7,3,Cardiology,7,Sat,62.6
9,7,12.5,8.6,1,ENT,16,Wed,27.9
15,4,14.8,8.5,1,Cardiology,18,Wed,62.4
8,5,10.2,2.6,3,General Medicine,1,Sat,38.7
8,4,14.8,9.2,1,General Medicine,12,Tue,45.0
15,3,20.6,7.5,5,Emergency,10,Tue,98.1
6,5,23.9,5.7,5,Emergency,12,Sun,44.1
10,3,9.3,5.3,0,ENT,4,Wed,37.2
17,3,11.2,7.9,3,Pediatrics,11,Tue,81.7
9,3,7.5,6.5,2,Dermatology,2,Fri,34.9
9,3,14.2,8.3,1,Pediatrics,22,Tue,57.9
6,3,17.7,5.7,3,Orthopedics,14,Sat,58.6
14,5,11.7,2.1,1,Orthopedics,0,Mon,41.9
6,5,14.0,9.1,1,General Medicine,12,Thu,33.6
4,1,11.2,10.4,0,Dermatology,22,Wed,50.1
12,7,18.0,6.5,0,Cardiology,17,Sun,44.4
9,5,17.2,5.3,1,Orthopedics,6,Thu,29.3
8,4,22.0,6.7,1,Cardiology,21,Sun,57.8
9,2,11.8,5.9,2,General Medicine,4,Tue,61.6
7,2,19.2,8.3,0,Cardiology,5,Thu,75.6
9,1,16.7,3.9,0,Cardiology,3,Sat,158.3
11,3,16.7,6.8,1,Orthopedics,22,Tue,71.4
12,3,5.3,5.0,0,Dermatology,17,Sun,20.9
7,6,12.1,8.3,2,Pediatrics,12,Sat,37.0
8,4,16.8,8.9,3,General Medicine,16,Fri,48.6
4,4,15.5,6.3,3,Cardiology,6,Tue,39.5
3,3,24.2,6.1,0,Emergency,1,Sat,15.2
8,7,15.1,5.1,1,Orthopedics,20,Sat,35.6
10,4,10.3,5.7,2,General Medicine,23,Wed,35.7
8,4,19.6,3.2,2,Emergency,0,Fri,39.3
5,1,18.3,5.8,1,Cardiology,1,Mon,105.2
6,1,9.0,5.3,0,Pediatrics,13,Wed,49.7
9,2,12.6,6.0,1,ENT,1,Tue,70.0
7,6,14.4,8.6,1,Orthopedics,17,Thu,34.9
4,4,21.2,8.5,4,Emergency,22,Thu,29.3
5,1,21.6,7.1,4,Orthopedics,6,Thu,140.4
9,5,17.7,5.3,1,Cardiology,7,Fri,34.7
2,6,16.8,5.6,1,Cardiology,20,Sun,9.2
10,7,9.1,8.9,3,Pediatrics,8,Tue,32.0
9,1,21.6,4.7,2,Cardiology,5,Tue,202.8
8,2,11.9,5.5,0,General Medicine,2,Tue,56.3
6,3,10.0,2.8,1,ENT,20,Sun,31.9
10,3,6.1,6.7,2,Dermatology,22,Mon,24.1
9,1,19.3,10.2,2,Emergency,1,Mon,175.9
10,7,18.1,8.4,2,Orthopedics,19,Tue,41.8
9,5,5.8,3.6,1,Pediatrics,3,Sat,21.3
7,5,12.9,7.3,0,Cardiology,3,Fri,19.4
11,7,7.7,8.8,0,ENT,9,Sun,14.7
12,4,19.0,5.7,2,Emergency,10,Tue,56.7
4,4,11.4,4.0,0,General Medicine,20,Wed,17.7
13,4,9.5,10.9,4,Pediatrics,16,Thu,64.8
3,2,10.2,3.1,1,Pediatrics,3,Mon,37.7
4,5,8.9,4.3,1,Pediatrics,14,Sun,12.5
5,2,22.2,5.7,0,Cardiology,21,Sat,57.7
12,2,22.6,6.6,0,Emergency,15,Tue,131.5
7,3,11.8,4.0,0,General Medicine,5,Sat,33.3
7,1,10.9,8.8,0,Dermatology,3,Thu,87.9
12,1,4.0,10.7,2,ENT,10,Wed,66.4
8,7,10.2,10.7,0,ENT,11,Sun,19.5
5,3,11.7,3.8,2,ENT,8,Thu,36.7
11,2,10.5,4.9,1,General Medicine,2,Tue,67.9
4,3,9.8,4.1,2,Dermatology,2,Sat,27.3
11,2,8.3,8.9,0,Pediatrics,12,Sat,56.4
3,1,19.2,7.5,1,Cardiology,22,Tue,71.4
5,4,5.2,5.2,0,ENT,14,Fri,3.0
4,5,11.9,7.0,0,ENT,10,Fri,13.4
10,5,15.2,3.8,0,Orthopedics,22,Tue,39.9
9,7,15.9,12.5,0,Orthopedics,16,Thu,48.1
12,7,17.9,6.3,2,Cardiology,17,Sat,55.1
2,6,15.4,6.4,1,General Medicine,13,Tue,27.3
9,6,8.9,4.3,1,Dermatology,18,Sat,16.5
2,4,15.0,6.4,0,General Medicine,12,Sat,17.9
6,3,16.5,2.5,3,Cardiology,14,Sun,50.1
5,2,10.9,6.3,1,ENT,14,Wed,35.7
12,6,16.9,8.3,2,General Medicine,18,Tue,52.0
2,1,25.0,2.8,5,Emergency,21,Sun,59.9
8,5,7.5,8.4,1,Orthopedics,7,Thu,21.0
7,1,12.6,11.6,1,General Medicine,16,Thu,109.0
5,2,4.7,7.0,1,ENT,0,Thu,27.2
5,2,17.0,5.4,1,Cardiology,12,Thu,48.0
8,1,7.5,3.9,1,ENT,21,Fri,63.6
8,7,10.0,4.0,0,Dermatology,15,Wed,10.9
4,1,17.7,9.8,2,Cardiology,6,Wed,91.8
5,7,5.9,8.1,1,Dermatology,14,Wed,9.3
8,7,16.7,8.7,0,Orthopedics,8,Fri,38.1
7,5,15.0,4.8,2,Cardiology,10,Sat,51.4
9,5,7.8,2.9,1,Pediatrics,5,Thu,42.7
12,5,8.0,8.0,2,ENT,14,Fri,34.4
9,5,9.5,1.5,1,Pediatrics,4,Wed,20.0
9,2,9.7,6.5,0,ENT,10,Sat,46.5
5,1,8.7,7.2,0,Dermatology,22,Wed,52.6
17,3,18.3,6.8,3,Emergency,18,Wed,103.6
21,7,20.9,12.0,9,Emergency,9,Mon,101.6
8,1,12.4,5.4,2,General Medicine,23,Tue,117.0
6,5,12.2,4.9,0,General Medicine,0,Sat,27.5
12,5,15.5,7.1,0,Emergency,23,Mon,36.2
3,4,16.5,6.4,2,Orthopedics,8,Tue,30.2
7,6,13.8,3.1,1,General Medicine,19,Sat,22.0
6,1,17.3,2.6,1,Orthopedics,22,Sun,116.4
6,3,8.5,6.8,0,Dermatology,14,Wed,29.3
4,3,18.3,7.3,1,Orthopedics,14,Wed,38.5
12,3,13.5,11.0,0,General Medicine,17,Thu,69.1
5,1,6.8,3.9,1,Dermatology,5,Sat,29.6
6,1,9.9,6.2,1,Pediatrics,4,Thu,66.3
6,3,13.3,4.2,0,Orthopedics,8,Tue,27.7
10,2,9.1,11.0,2,General Medicine,11,Thu,63.7
22,7,11.1,7.3,5,ENT,17,Tue,74.0
6,1,17.3,7.2,0,Cardiology,6,Fri,109.8
6,6,22.1,8.0,4,Emergency,13,Mon,34.2
8,1,20.6,8.0,1,Orthopedics,0,Fri,178.3
5,5,13.2,3.3,3,Pediatrics,0,Mon,32.9
3,5,7.1,1.1,1,Pediatrics,23,Sun,6.6
8,1,8.3,4.2,1,Pediatrics,20,Fri,67.0
8,1,19.7,3.9,0,Cardiology,20,Mon,169.0
8,5,13.3,8.4,3,General Medicine,7,Sun,45.5
13,4,19.0,9.7,1,Orthopedics,12,Fri,83.4
9,5,6.9,6.5,2,Dermatology,16,Fri,30.0
7,1,4.2,4.0,1,Dermatology,6,Mon,28.8
9,1,6.2,12.1,1,ENT,17,Tue,76.5
9,3,23.6,8.9,4,Emergency,16,Sat,78.0
7,6,8.5,6.4,1,Dermatology,9,Thu,3.1
8,2,11.5,10.6,1,ENT,10,Fri,59.5
2,1,19.0,3.6,4,Emergency,7,Sun,39.0
9,6,9.8,5.6,0,General Medicine,19,Wed,26.1
13,2,10.0,3.3,1,Dermatology,23,Wed,66.7
9,1,11.1,3.4,1,Orthopedics,23,Sat,111.5
9,5,9.5,6.9,0,Dermatology,18,Mon,24.2
16,5,24.9,8.5,5,Emergency,8,Thu,87.9
10,5,11.3,4.4,2,Cardiology,18,Sat,29.4
7,1,9.2,8.3,3,General Medicine,5,Tue,89.2
3,5,15.0,5.2,0,Orthopedics,21,Wed,7.6
7,5,13.6,2.2,3,Orthopedics,6,Thu,29.1
19,5,19.7,7.7,3,Emergency,9,Mon,87.5
8,1,26.7,3.5,2,Emergency,2,Mon,209.6
11,1,16.1,6.9,0,Cardiology,1,Tue,173.1
12,6,19.4,3.8,1,Emergency,9,Sun,23.9
8,6,15.1,5.0,0,Cardiology,13,Tue,33.3
3,4,10.8,4.7,0,Orthopedics,0,Sat,17.7
11,4,9.3,3.5,3,Dermatology,20,Wed,33.6
6,5,4.2,6.8,1,ENT,2,Sat,18.5
8,1,14.1,6.3,1,Cardiology,23,Wed,129.9
7,5,18.1,4.2,1,Cardiology,6,Sun,29.0
12,7,10.8,5.8,3,ENT,9,Wed,40.3
3,3,5.4,3.0,0,Dermatology,3,Sat,1.0
7,7,15.8,3.5,0,Cardiology,19,Sat,22.6
13,6,7.1,6.4,1,General Medicine,17,Thu,33.5
7,1,13.5,7.6,4,General Medicine,1,Fri,127.0
7,2,10.1,5.9,2,Pediatrics,2,Mon,49.3
13,2,18.0,4.1,1,Cardiology,14,Thu,130.5
12,7,5.1,5.1,1,ENT,20,Wed,21.7
4,5,10.4,4.1,0,Dermatology,2,Sun,4.9
6,3,8.5,8.0,1,Pediatrics,5,Sun,22.8
9,1,10.7,4.8,0,Dermatology,13,Sat,104.5
6,4,7.0,2.4,1,ENT,2,Sun,17.3
3,1,13.0,2.7,0,General Medicine,7,Sun,40.8
8,1,12.7,3.2,0,Orthopedics,0,Sat,108.9
14,1,17.9,10.0,1,Orthopedics,11,Fri,279.1
14,1,16.4,9.6,5,Emergency,17,Tue,233.3
10,7,20.9,7.0,3,Emergency,9,Sat,46.7
10,1,4.3,5.6,2,Dermatology,6,Tue,52.3
14,4,16.7,5.7,1,Cardiology,10,Tue,70.0
11,5,19.9,7.2,1,Cardiology,12,Sun,50.6
7,3,11.6,4.2,2,Orthopedics,3,Mon,30.6
10,4,9.4,6.9,0,Dermatology,2,Mon,29.5
9,4,14.3,3.3,3,General Medicine,4,Thu,46.0
7,1,4.0,5.8,2,Pediatrics,23,Fri,39.4
13,5,13.4,10.3,0,General Medicine,17,Mon,42.0
3,3,21.4,9.8,1,Cardiology,3,Wed,26.1
10,1,12.8,4.7,0,Orthopedics,7,Tue,132.4
15,4,7.4,11.7,0,Pediatrics,9,Wed,42.7
11,3,10.1,7.9,0,Orthopedics,4,Tue,50.8
11,5,17.1,5.1,4,Emergency,20,Fri,46.1
7,3,21.1,5.8,1,Cardiology,22,Thu,60.4
2,1,6.7,2.9,1,Dermatology,5,Sun,9.5
6,4,21.5,4.4,3,Emergency,0,Mon,40.0
6,1,18.1,1.1,2,Emergency,6,Sat,101.0
4,4,14.7,2.0,1,Orthopedics,13,Sun,22.3
6,6,23.7,1.0,2,Emergency,19,Thu,13.6
10,7,24.0,6.1,5,Emergency,8,Fri,51.9
9,1,20.5,8.9,8,Emergency,6,Thu,219.1
7,5,14.4,6.4,0,Orthopedics,5,Fri,24.2
5,3,7.6,4.2,5,Pediatrics,0,Sun,47.4
9,1,11.4,4.7,3,ENT,0,Thu,126.2
11,1,19.6,12.7,3,Emergency,10,Fri,240.6
5,2,23.9,6.2,0,Emergency,14,Sun,60.3
9,1,13.0,3.4,0,Cardiology,0,Thu,120.8
8,1,8.7,10.1,2,Pediatrics,4,Tue,82.5
6,1,14.6,9.0,3,Orthopedics,21,Fri,112.8
8,1,10.5,3.8,1,ENT,23,Fri,83.3
5,3,14.1,7.5,1,Cardiology,15,Tue,42.7
9,6,14.6,5.9,1,Orthopedics,12,Sat,34.5
8,7,17.9,2.0,0,Orthopedics,13,Mon,19.7
13,7,12.9,4.1,1,General Medicine,8,Wed,31.7
6,2,16.0,5.6,3,Orthopedics,4,Sat,74.9
10,5,6.6,10.2,3,ENT,9,Fri,40.0
7,4,9.3,14.4,1,Pediatrics,16,Fri,37.6
6,5,16.9,6.3,4,Emergency,15,Fri,26.8
13,6,15.0,5.3,6,General Medicine,16,Tue,64.1
7,3,10.3,2.2,1,ENT,14,Sun,35.6
4,1,18.4,5.0,1,Cardiology,1,Wed,86.8
5,7,8.5,3.5,1,Dermatology,15,Sat,3.4
4,3,23.6,3.4,4,Emergency,21,Sun,39.9
6,4,24.1,6.5,0,Cardiology,15,Tue,38.7
5,5,9.2,8.9,1,ENT,13,Fri,24.4
5,1,9.2,6.7,2,ENT,5,Mon,50.6
6,6,19.2,2.0,1,Cardiology,19,Fri,23.8
11,6,14.4,9.6,0,Pediatrics,10,Thu,34.4
13,1,20.3,2.3,0,Cardiology,6,Mon,260.3
12,2,11.2,7.6,0,Pediatrics,11,Fri,74.3
5,3,20.3,7.6,1,Cardiology,2,Sun,52.7
11,4,10.3,1.8,0,ENT,22,Mon,26.2
10,1,5.8,10.1,1,Pediatrics,16,Sun,65.9
6,1,13.2,5.1,2,Pediatrics,7,Sat,102.9
8,4,5.6,6.5,0,Dermatology,19,Thu,12.0
7,1,14.7,1.3,1,Orthopedics,1,Sun,116.6
5,3,7.7,9.0,1,Pediatrics,9,Wed,21.8
2,4,8.2,3.0,0,ENT,15,Sat,14.3
3,4,8.7,4.1,1,Dermatology,0,Fri,15.8
13,2,12.1,8.6,1,Dermatology,17,Fri,93.0
5,6,6.7,8.7,1,Dermatology,19,Sat,18.8
7,2,24.4,5.6,4,Emergency,14,Sun,99.6
7,3,4.2,3.6,0,ENT,4,Sat,13.6
12,2,11.3,9.6,0,Orthopedics,17,Fri,78.3
6,2,17.5,3.2,5,Emergency,8,Sun,65.9
12,6,12.3,10.2,1,Pediatrics,17,Thu,51.4
9,3,12.2,3.4,1,Orthopedics,15,Fri,62.6
13,5,4.3,7.5,0,Dermatology,2,Tue,16.5
12,1,25.4,2.8,3,Emergency,2,Wed,300.8
7,1,14.6,3.5,0,Orthopedics,0,Sun,106.0
8,1,12.5,8.0,0,Dermatology,1,Thu,100.2
5,1,23.1,9.5,3,Emergency,7,Thu,123.9
2,1,10.4,1.0,1,Dermatology,0,Sat,21.1
6,1,15.8,3.5,2,General Medicine,22,Wed,108.8
5,1,8.2,5.9,1,ENT,21,Tue,54.6
4,3,6.5,7.3,1,Pediatrics,4,Mon,23.6
8,1,9.6,4.6,2,Dermatology,7,Tue,76.7
10,1,10.9,8.8,2,General Medicine,17,Thu,123.8
6,6,21.8,4.1,3,Emergency,15,Sat,17.8
9,1,12.7,5.7,2,Pediatrics,13,Wed,133.4
9,3,12.6,5.8,0,Orthopedics,23,Thu,33.4
8,2,8.2,6.0,1,Pediatrics,15,Tue,52.0
11,6,7.7,9.5,2,Dermatology,16,Sat,32.6
17,4,18.8,8.5,2,Orthopedics,12,Thu,99.8
14,6,5.6,11.5,1,Dermatology,12,Tue,19.6
9,1,17.5,5.9,0,General Medicine,6,Fri,164.5
15,2,13.1,7.6,2,Cardiology,12,Wed,106.3
10,1,24.9,3.6,2,Emergency,22,Sun,251.4
12,7,20.7,5.5,2,Emergency,9,Tue,35.5
3,5,11.6,2.0,0,Pediatrics,3,Sun,19.1
6,5,16.7,4.5,1,Orthopedics,14,Fri,38.7
14,6,8.1,9.2,0,Orthopedics,18,Mon,31.6
7,4,17.2,7.5,1,Cardiology,23,Sat,48.2
3,1,17.6,3.5,1,Cardiology,13,Sat,71.0
11,7,15.6,6.9,0,General Medicine,18,Thu,24.2
8,5,7.8,7.7,2,Dermatology,6,Tue,23.3
13,6,14.3,9.4,0,Pediatrics,10,Thu,41.7
10,5,20.5,11.3,3,Orthopedics,10,Fri,71.6
7,2,9.8,7.9,3,Dermatology,7,Mon,52.4
10,3,9.6,10.1,2,ENT,17,Wed,53.4
6,2,11.9,6.7,0,Orthopedics,21,Fri,36.0
9,1,21.9,7.9,4,Emergency,7,Thu,203.9
5,2,14.1,6.0,2,Orthopedics,3,Sun,54.5
4,3,22.2,7.9,2,Cardiology,19,Tue,47.2
4,7,5.7,6.1,2,Pediatrics,20,Sat,16.4
8,1,8.0,5.9,2,Pediatrics,22,Wed,78.1
9,1,20.9,4.4,1,Cardiology,6,Tue,202.6
12,6,23.2,6.4,0,Cardiology,17,Sun,57.2
11,3,10.2,8.2,1,Dermatology,17,Fri,42.9
15,4,18.9,7.1,0,Orthopedics,18,Thu,91.4
12,2,20.6,9.2,7,Emergency,19,Wed,148.2
5,1,14.2,4.2,0,ENT,22,Sun,72.1
14,4,12.8,6.9,2,General Medicine,11,Mon,56.9
6,1,9.7,8.7,1,Dermatology,1,Mon,70.9
5,3,9.8,6.2,2,ENT,4,Tue,37.8
11,1,14.4,8.0,2,Orthopedics,21,Fri,183.8
9,6,19.4,5.3,1,Cardiology,20,Mon,44.7
6,1,15.9,5.4,1,Orthopedics,0,Sat,108.7
8,1,10.5,7.3,0,ENT,8,Tue,87.0
12,2,11.4,6.2,0,Cardiology,5,Fri,82.1
7,2,15.6,2.9,0,Cardiology,7,Sat,59.9
5,1,8.6,5.0,3,Pediatrics,15,Sun,66.1
7,3,10.7,10.2,0,Orthopedics,12,Wed,38.9
14,3,15.4,6.6,3,Cardiology,11,Mon,90.9
11,6,20.3,11.1,1,Cardiology,10,Sat,54.3
1,6,16.1,9.3,4,Orthopedics,15,Thu,31.9
5,2,12.1,6.6,1,ENT,16,Sun,41.6
7,5,12.9,7.7,1,Pediatrics,1,Tue,22.8
10,1,21.1,6.0,3,Cardiology,3,Fri,242.5
9,4,12.3,4.7,1,General Medicine,8,Mon,32.3
10,2,22.2,10.9,1,Cardiology,10,Thu,117.3
10,1,6.4,4.4,1,Dermatology,23,Mon,65.9
2,2,12.0,4.9,2,Dermatology,21,Sat,14.4
6,2,11.8,4.7,1,ENT,15,Fri,62.6
9,1,10.1,4.3,0,Dermatology,0,Mon,90.2
4,5,12.1,6.3,0,General Medicine,2,Thu,23.0
6,5,13.1,11.1,0,Orthopedics,10,Wed,29.9
6,5,9.1,6.5,1,ENT,14,Fri,9.7
8,7,4.0,6.1,0,Dermatology,15,Thu,13.2
4,4,12.2,2.4,3,ENT,3,Thu,20.1
2,1,6.7,3.8,0,Dermatology,21,Sat,15.8
7,7,8.9,6.2,0,Pediatrics,11,Thu,7.5
5,4,4.6,4.3,0,Pediatrics,14,Sat,12.2
3,4,9.0,4.2,2,General Medicine,0,Sun,18.9
2,7,17.0,4.1,1,ENT,19,Sat,12.5
5,1,7.2,4.1,1,ENT,13,Sun,44.8
9,4,13.2,7.0,2,Pediatrics,5,Fri,42.5
7,1,4.2,7.1,0,Dermatology,7,Thu,19.1
13,6,4.0,6.7,1,Dermatology,8,Thu,20.3
7,3,15.0,7.9,1,Orthopedics,0,Tue,55.3
7,1,10.2,1.0,0,Pediatrics,22,Sat,74.5
11,7,6.2,4.0,2,Dermatology,19,Fri,8.7
10,2,9.0,5.1,1,ENT,21,Sun,52.6
9,3,7.7,6.0,0,Pediatrics,8,Fri,31.7
8,7,13.7,4.3,1,Pediatrics,13,Thu,18.6
14,4,24.1,9.9,0,Cardiology,10,Wed,99.6
13,2,21.2,7.8,0,Cardiology,11,Sun,152.3
2,7,5.9,2.7,0,Pediatrics,14,Sat,1.0
8,1,21.4,5.0,2,Emergency,10,Sun,177.1
14,5,13.3,5.7,0,Orthopedics,18,Fri,40.7
12,1,13.3,5.8,1,Orthopedics,1,Thu,169.2
7,4,14.1,5.9,0,General Medicine,4,Mon,31.8
9,1,20.3,3.9,4,Emergency,21,Mon,195.8
7,3,10.4,5.0,1,Pediatrics,21,Fri,32.8
4,4,20.2,5.9,1,Emergency,19,Tue,24.3
6,4,15.3,7.8,0,Cardiology,8,Mon,27.3
12,5,17.0,5.5,6,Emergency,10,Sat,70.2
5,1,9.2,4.2,2,Pediatrics,0,Fri,50.6
7,1,9.4,9.0,2,Pediatrics,6,Mon,88.1
12,3,9.2,10.4,0,Dermatology,17,Thu,42.0
5,2,10.7,3.4,4,Dermatology,8,Thu,27.8
5,7,17.5,10.4,3,Cardiology,11,Mon,39.6
10,2,12.5,5.0,2,General Medicine,2,Fri,80.2
11,3,22.8,11.1,9,Emergency,11,Wed,123.9
16,6,14.2,5.5,1,Orthopedics,17,Sun,45.6
12,1,21.3,2.4,3,Emergency,13,Mon,256.2
6,6,20.7,3.1,2,Emergency,13,Sat,22.1
5,1,7.0,4.2,0,Dermatology,21,Mon,34.2
5,1,5.2,2.9,0,ENT,5,Sat,26.2
9,1,6.2,1.0,0,ENT,7,Sat,57.8
5,1,21.1,5.8,0,Cardiology,14,Wed,122.0
11,4,7.2,4.9,2,General Medicine,11,Tue,30.4
10,5,20.3,5.7,1,Orthopedics,23,Mon,50.3
7,1,6.0,1.2,0,Dermatology,1,Wed,32.2
8,1,4.0,3.8,3,Dermatology,2,Fri,44.4
6,1,16.4,5.3,2,Cardiology,8,Sat,118.8
9,3,4.0,10.4,0,ENT,11,Tue,15.0
9,1,6.9,4.4,1,General Medicine,21,Mon,69.6
7,1,18.3,10.1,2,Cardiology,11,Thu,154.3
18,7,13.3,5.3,1,Cardiology,10,Fri,41.7
5,1,15.5,6.2,1,Emergency,4,Sun,69.8
13,2,15.2,8.7,3,Orthopedics,10,Sat,117.5
9,6,10.2,8.6,3,Pediatrics,12,Thu,41.5
7,5,16.5,5.1,0,Orthopedics,14,Fri,30.1
4,1,10.7,1.3,0,Pediatrics,14,Fri,51.0
12,7,17.8,8.9,0,Cardiology,10,Thu,38.6
4,2,10.7,7.3,0,ENT,3,Fri,30.8
9,4,10.7,6.7,0,Dermatology,3,Tue,26.7
8,3,20.2,4.5,1,Emergency,3,Sat,50.8
8,6,13.5,1.3,0,General Medicine,14,Sun,10.2
7,3,4.0,6.3,0,Pediatrics,20,Thu,17.1
7,1,13.7,4.3,1,Orthopedics,21,Thu,107.6
4,4,14.3,8.8,1,Pediatrics,7,Thu,9.6
6,4,6.3,5.4,0,Dermatology,1,Sat,7.7
4,1,13.5,6.5,4,General Medicine,15,Tue,77.8
13,1,12.7,6.1,0,General Medicine,0,Wed,175.3
5,3,18.1,4.1,2,Emergency,15,Fri,36.1
14,3,21.4,7.4,4,Emergency,9,Fri,123.1
7,6,8.6,9.8,2,Pediatrics,20,Wed,30.9
11,4,13.5,4.2,0,Orthopedics,15,Mon,46.2
12,1,16.5,9.0,5,Cardiology,17,Thu,227.6
11,4,15.4,9.2,1,Cardiology,9,Fri,62.0
7,2,17.0,4.2,6,Emergency,20,Sat,72.9
10,5,13.5,9.4,1,Orthopedics,12,Mon,54.3
10,5,12.2,9.7,1,General Medicine,15,Mon,49.0
14,5,13.9,6.3,0,Orthopedics,8,Wed,47.5
8,3,16.7,10.0,2,Cardiology,10,Thu,62.4
13,5,25.7,5.4,1,Cardiology,20,Mon,78.6
8,2,20.2,8.6,0,Cardiology,9,Tue,88.5
5,1,15.0,6.9,3,Emergency,0,Wed,81.9
17,4,8.8,11.8,0,Dermatology,9,Tue,39.5
8,2,10.9,11.6,2,Pediatrics,9,Fri,74.1
14,5,25.5,2.7,4,Orthopedics,10,Mon,87.4
8,5,10.0,1.0,1,ENT,1,Sun,25.3
6,4,21.3,10.2,1,Orthopedics,3,Tue,34.7
6,1,13.8,4.9,0,Orthopedics,7,Thu,83.9
13,3,7.7,5.5,0,Pediatrics,10,Sun,50.8
9,4,6.5,4.8,1,Pediatrics,0,Fri,27.1
14,5,10.6,3.7,0,Dermatology,9,Sun,39.3
10,4,5.3,4.5,0,Dermatology,7,Mon,13.4
6,5,6.1,3.1,1,Dermatology,0,Sat,8.2
11,4,16.5,5.0,0,Orthopedics,6,Mon,57.5
10,5,11.0,4.0,0,General Medicine,6,Fri,28.0
6,1,10.5,7.8,1,Pediatrics,3,Wed,75.5
9,5,11.2,6.1,0,Orthopedics,18,Sat,38.2
9,1,10.8,6.3,0,Cardiology,1,Mon,115.5
6,4,23.9,4.4,2,Emergency,13,Sun,42.8
8,4,23.5,5.0,5,Emergency,15,Thu,55.5
9,6,11.3,4.6,1,General Medicine,19,Thu,7.1
4,5,9.3,3.0,0,ENT,13,Thu,7.2
6,7,12.2,7.4,0,Orthopedics,13,Mon,18.4
12,5,9.2,8.7,0,Pediatrics,18,Wed,27.7
6,2,25.3,8.5,0,Cardiology,20,Fri,83.0
3,2,17.4,5.0,2,General Medicine,5,Sun,44.9
7,3,15.8,7.4,0,Orthopedics,19,Sun,38.6
9,4,12.3,8.2,0,Cardiology,11,Thu,31.6
11,1,11.6,4.1,1,Pediatrics,2,Tue,133.9
4,7,8.2,9.7,2,ENT,14,Thu,24.2
12,5,16.8,8.3,1,Cardiology,23,Thu,65.6
12,2,8.0,2.3,1,Dermatology,3,Wed,47.0
8,4,15.8,6.9,0,Pediatrics,0,Wed,48.4
3,4,12.4,5.6,2,General Medicine,21,Sun,24.1
13,1,21.0,5.6,0,Cardiology,14,Wed,282.9
6,1,11.3,3.4,1,Pediatrics,5,Mon,81.6
5,7,10.2,3.8,1,ENT,19,Sat,30.4
7,2,14.0,9.4,1,General Medicine,9,Fri,59.7
4,3,7.8,4.6,1,ENT,7,Wed,22.6
6,5,15.9,7.4,3,Emergency,6,Fri,29.9
9,7,16.8,1.0,0,General Medicine,14,Sun,15.2
6,5,10.4,4.6,2,Orthopedics,3,Sun,16.5
4,6,8.9,8.1,1,Dermatology,8,Sat,4.1
8,1,23.5,7.2,2,Cardiology,7,Fri,192.1
7,1,11.0,8.9,0,Pediatrics,1,Mon,83.8
15,7,11.8,8.7,2,Pediatrics,18,Thu,48.2
3,1,9.8,4.6,0,Dermatology,0,Sat,26.6
5,1,23.5,3.3,7,Emergency,23,Sat,133.1
5,1,19.1,3.4,1,Orthopedics,2,Sat,101.1
7,1,13.7,5.2,2,Cardiology,8,Sun,115.6
5,3,12.0,4.1,0,Dermatology,2,Thu,24.0
6,6,9.8,7.7,2,Pediatrics,8,Mon,29.1
5,5,7.7,7.0,1,Pediatrics,14,Thu,29.3
5,3,4.8,3.6,0,Dermatology,2,Wed,5.8
8,4,10.8,8.2,1,Pediatrics,12,Sat,39.1
10,5,6.3,10.5,0,Dermatology,18,Sat,17.8
17,4,18.2,10.8,1,Cardiology,10,Wed,87.7
5,1,20.0,2.1,2,Emergency,2,Wed,98.7
8,4,12.9,13.8,3,General Medicine,16,Tue,54.4
10,1,22.4,1.6,2,Emergency,4,Mon,217.6
7,1,13.5,2.6,0,Pediatrics,0,Wed,99.5
10,5,15.5,5.5,1,General Medicine,10,Tue,42.7
10,4,12.6,5.4,0,Dermatology,6,Tue,32.1
5,1,17.2,1.0,0,Cardiology,0,Sun,75.7
15,4,5.8,4.5,0,Dermatology,18,Fri,17.5
5,5,11.7,4.6,2,General Medicine,14,Thu,24.5
5,4,10.5,4.5,2,General Medicine,21,Tue,28.0
10,2,14.1,5.7,2,Cardiology,11,Sat,86.6
12,2,19.2,9.9,2,Emergency,10,Fri,114.3
8,6,17.1,8.9,0,Orthopedics,20,Thu,31.6
6,1,11.6,5.9,1,Dermatology,1,Thu,57.0
3,2,19.7,6.9,4,Emergency,8,Thu,40.9
7,3,23.2,3.6,7,Emergency,19,Sat,77.0
4,1,18.0,6.5,1,Cardiology,7,Sat,91.6
8,1,4.0,9.0,2,ENT,21,Thu,44.0
10,1,13.9,4.8,1,Cardiology,6,Fri,142.5
7,5,10.2,3.6,0,ENT,9,Sun,24.7
7,1,12.6,4.8,1,Cardiology,21,Wed,104.9
3,4,14.0,3.2,1,Cardiology,5,Sun,16.6
8,1,13.4,5.5,1,Cardiology,23,Fri,119.0
11,1,8.4,6.0,1,ENT,1,Tue,106.7
9,4,8.7,3.7,0,Dermatology,6,Sun,11.3
16,1,14.9,3.4,8,Emergency,14,Fri,262.5
13,1,11.3,5.5,1,ENT,14,Wed,162.9
6,3,12.0,6.5,3,General Medicine,21,Tue,42.5
8,1,5.0,7.2,0,ENT,23,Sun,59.3
9,7,15.1,5.1,0,Orthopedics,16,Sat,23.6
7,3,9.7,5.9,1,General Medicine,15,Mon,23.6
15,1,9.7,5.7,1,General Medicine,7,Fri,155.5
8,3,5.2,4.9,2,ENT,19,Mon,19.6
4,5,19.9,5.0,0,Emergency,15,Wed,9.7
9,1,17.2,2.2,1,Cardiology,0,Thu,168.3
9,1,17.2,6.8,1,Cardiology,19,Tue,160.2
12,1,11.6,7.3,2,General Medicine,8,Thu,160.8
13,4,9.7,8.1,2,ENT,11,Thu,53.0
13,1,11.4,9.9,1,General Medicine,11,Fri,159.7
7,4,4.0,1.0,1,Dermatology,19,Sat,6.1
5,5,7.8,8.9,0,Dermatology,6,Tue,14.4
10,4,17.1,4.7,4,Emergency,9,Sat,50.2
8,4,13.4,5.4,0,Pediatrics,0,Tue,30.9
12,4,11.3,7.8,0,Pediatrics,8,Mon,39.1
14,1,18.0,3.0,0,Orthopedics,2,Thu,247.8
11,4,6.4,5.0,0,Dermatology,13,Wed,12.8
13,3,12.7,4.5,0,Pediatrics,21,Tue,56.7
9,7,16.6,10.0,1,Emergency,11,Wed,27.5
9,1,9.9,2.3,1,Pediatrics,21,Sun,85.5
9,1,9.3,7.5,1,General Medicine,23,Fri,95.7
5,2,11.8,4.7,2,Pediatrics,1,Sat,51.6
9,3,13.2,5.8,0,Dermatology,12,Tue,27.1
11,6,10.0,10.6,1,ENT,12,Mon,37.1
11,3,10.5,12.7,2,Orthopedics,9,Wed,59.4
5,5,7.0,2.3,2,ENT,19,Sat,17.9
10,6,18.2,5.2,1,ENT,9,Sun,40.1
12,3,20.5,3.4,4,Cardiology,1,Mon,109.3
8,3,15.7,5.8,1,Cardiology,13,Thu,50.2
10,1,14.8,8.1,0,General Medicine,4,Wed,155.7
6,1,10.4,2.8,1,Pediatrics,8,Sat,67.2
15,2,25.9,7.1,0,Cardiology,12,Tue,205.4
12,1,12.2,11.5,3,General Medicine,17,Thu,170.3
5,1,17.2,2.6,2,Cardiology,6,Sat,98.8
10,1,11.8,7.5,1,General Medicine,9,Thu,135.7
1,3,6.8,3.7,2,Dermatology,1,Sat,8.9
15,5,9.9,5.5,0,General Medicine,9,Fri,31.1
3,6,8.6,4.3,1,General Medicine,13,Fri,1.0
6,4,7.6,9.7,1,ENT,14,Tue,34.9
11,1,12.3,5.6,4,Pediatrics,7,Sun,162.0
9,1,14.2,7.2,0,Orthopedics,1,Tue,130.9
4,1,13.3,5.4,3,Orthopedics,13,Sun,70.2
5,2,6.0,5.4,0,Pediatrics,15,Sun,33.2
9,2,10.1,5.2,0,Dermatology,2,Thu,41.4
11,7,13.8,6.1,2,ENT,12,Sun,43.3
10,1,7.5,4.9,1,Pediatrics,2,Sat,94.4
10,5,7.1,5.3,1,ENT,10,Sat,22.6
8,2,6.2,8.6,2,ENT,15,Mon,36.7
16,6,20.5,5.6,0,Cardiology,17,Mon,62.7
11,1,12.1,8.4,1,ENT,17,Mon,145.9
11,2,20.5,11.2,1,Emergency,18,Mon,116.5
6,5,14.4,6.2,0,Cardiology,5,Sat,21.2
8,4,16.2,5.0,1,Orthopedics,20,Tue,38.8
6,6,18.7,6.6,0,Cardiology,8,Mon,30.1
7,2,9.0,4.8,2,Dermatology,8,Sun,28.3
16,6,5.9,13.3,1,ENT,18,Tue,37.3
4,1,8.7,2.6,1,General Medicine,7,Sat,38.1
7,2,13.1,4.6,2,Cardiology,1,Sun,59.8
6,3,11.5,8.2,1,Dermatology,17,Thu,21.7
5,7,13.6,7.2,1,Pediatrics,15,Sun,33.9
3,1,15.1,3.9,4,Emergency,13,Sun,52.2
3,5,5.6,4.8,2,Dermatology,3,Tue,18.1
4,7,5.6,7.5,1,Dermatology,15,Tue,4.7
4,1,14.7,4.4,1,General Medicine,4,Wed,64.3
4,4,9.3,6.4,0,ENT,13,Thu,17.4
9,6,22.6,7.6,0,Cardiology,12,Sat,43.1
10,1,8.1,5.5,1,ENT,18,Tue,94.1
12,1,4.0,4.4,1,Dermatology,23,Tue,51.8
15,2,12.8,9.8,1,Orthopedics,4,Wed,111.1
9,4,15.3,6.4,3,Cardiology,2,Tue,54.7
4,7,12.2,1.9,1,ENT,13,Sun,12.5
9,2,13.8,6.3,1,Dermatology,22,Wed,66.3
7,5,9.5,1.0,1,Dermatology,3,Sun,10.1
10,7,12.9,9.3,1,Orthopedics,11,Mon,39.1
11,1,20.8,9.8,2,Emergency,9,Mon,227.7
3,3,7.1,4.0,0,General Medicine,7,Sat,4.4
11,7,17.4,4.5,2,Cardiology,15,Tue,40.7
6,1,4.0,9.6,2,ENT,7,Mon,46.6
12,3,13.4,8.3,3,General Medicine,11,Fri,96.8
8,3,17.5,2.2,1,Cardiology,20,Tue,49.3
14,5,11.5,8.7,1,ENT,9,Mon,47.1
8,2,11.2,8.3,2,ENT,0,Wed,60.5
13,4,10.3,9.2,2,General Medicine,21,Thu,52.9
11,1,13.0,1.0,3,Pediatrics,6,Thu,160.3
16,7,6.4,7.3,2,Pediatrics,18,Fri,26.8
9,2,16.9,8.3,1,ENT,18,Mon,92.1
14,3,11.0,9.3,2,Orthopedics,12,Wed,65.5
7,4,11.2,3.3,2,ENT,2,Wed,29.0
6,4,11.7,7.1,2,Dermatology,22,Wed,34.1
11,3,8.5,10.9,0,Dermatology,16,Thu,37.1
9,5,6.9,7.2,3,Pediatrics,10,Tue,32.3
12,4,17.7,5.9,2,Emergency,20,Fri,59.5
12,3,6.9,7.9,3,Pediatrics,18,Sun,62.1
16,3,12.0,12.5,0,General Medicine,18,Fri,85.3
5,4,14.4,8.1,2,General Medicine,4,Wed,35.9
10,6,11.5,5.0,3,Pediatrics,15,Thu,32.1
7,5,20.2,6.9,3,Emergency,6,Fri,29.0
8,1,5.8,3.7,0,Pediatrics,1,Sat,44.7
13,4,14.1,4.5,0,ENT,8,Wed,47.1
8,1,14.5,7.0,0,Orthopedics,2,Mon,124.0
8,4,10.9,7.0,0,General Medicine,2,Fri,28.8
11,2,18.7,9.0,1,Cardiology,17,Fri,116.1
19,5,7.0,11.0,1,General Medicine,12,Mon,46.6
12,7,17.8,8.4,0,Cardiology,9,Fri,43.7
5,4,17.4,5.8,0,Cardiology,4,Mon,29.9
9,6,17.5,9.4,0,Cardiology,18,Fri,40.8
5,5,13.7,4.8,1,Pediatrics,15,Sat,40.9
10,7,4.2,4.2,1,Dermatology,14,Mon,13.5
4,3,8.9,8.0,0,ENT,4,Sat,27.8
11,3,8.2,7.3,1,Pediatrics,2,Mon,47.5
9,1,17.4,6.0,0,Cardiology,2,Tue,161.6
15,3,14.5,6.0,2,General Medicine,0,Fri,93.3
8,1,19.6,5.8,5,Emergency,23,Wed,164.9
8,3,7.2,7.1,0,Dermatology,8,Sun,15.7
4,3,8.0,6.1,1,Orthopedics,15,Sun,28.6
6,1,11.4,5.5,0,ENT,23,Sun,87.4
8,4,4.1,11.0,3,ENT,22,Mon,30.9
8,3,7.6,7.2,1,ENT,7,Tue,36.5
18,1,9.4,7.2,0,General Medicine,11,Tue,170.1
9,3,13.2,10.5,2,Emergency,11,Fri,56.3
7,1,20.4,7.1,4,Emergency,0,Thu,150.8
10,6,18.7,9.1,2,Emergency,18,Sat,36.7
5,2,21.5,7.5,3,Emergency,13,Tue,58.4
10,3,21.6,6.3,4,Emergency,8,Tue,80.1
8,7,9.8,7.9,2,Dermatology,13,Fri,14.6
6,6,13.5,5.6,2,General Medicine,17,Fri,23.2
9,5,19.5,7.0,1,Cardiology,0,Fri,47.5
10,3,12.9,7.1,4,Pediatrics,15,Wed,69.7
7,3,11.1,3.3,1,Pediatrics,20,Thu,40.1
9,4,8.6,6.5,0,Dermatology,17,Sun,22.7
12,5,7.5,4.7,1,Dermatology,14,Fri,36.8
8,5,18.8,3.3,0,Cardiology,2,Sun,37.3
12,5,9.6,10.8,2,Dermatology,17,Thu,43.1
8,7,13.5,6.9,0,General Medicine,18,Mon,19.5
8,1,9.5,5.8,1,Pediatrics,11,Sat,93.2
8,7,26.4,4.1,2,Emergency,13,Thu,31.4
5,3,22.6,6.5,0,Cardiology,14,Mon,54.5
3,1,15.5,6.7,2,Cardiology,2,Mon,54.5
12,1,18.0,3.4,2,Cardiology,6,Wed,213.4
5,3,14.8,5.3,0,Pediatrics,19,Tue,31.7
9,1,5.3,5.6,3,Dermatology,23,Fri,66.1
8,1,4.3,6.2,0,Dermatology,6,Fri,42.5
11,2,17.0,10.9,2,ENT,9,Wed,115.2
8,2,13.5,4.1,1,Orthopedics,21,Mon,76.2
4,1,4.0,5.2,0,ENT,3,Mon,21.4
6,1,17.5,6.8,0,Emergency,6,Sun,98.2
8,5,7.7,7.6,1,ENT,1,Wed,27.6
9,5,20.4,4.1,0,Cardiology,5,Mon,35.7
6,4,10.1,5.8,0,Pediatrics,15,Fri,22.2
6,4,13.8,5.0,1,Cardiology,8,Sun,27.1
3,1,6.2,7.8,1,Orthopedics,23,Mon,35.5
3,5,10.5,4.8,0,ENT,21,Sun,10.9
3,1,12.2,5.0,0,General Medicine,21,Sat,41.9
6,2,13.6,9.9,1,Pediatrics,17,Tue,54.8
2,1,6.1,6.4,1,Dermatology,16,Sat,21.3
14,7,14.2,5.8,3,Orthopedics,12,Wed,55.6
7,1,16.4,5.0,1,Cardiology,23,Fri,119.8
3,1,16.1,8.5,0,Cardiology,2,Mon,58.9
12,1,19.1,10.7,2,Cardiology,17,Tue,255.3
5,1,6.6,4.2,1,Dermatology,3,Sat,39.5
8,2,4.9,3.7,0,Pediatrics,8,Sat,33.1
8,5,11.9,4.5,1,Dermatology,6,Mon,11.7
8,4,10.6,4.3,1,Pediatrics,14,Tue,26.7
13,2,17.0,10.9,0,Orthopedics,18,Fri,122.8
8,3,12.9,3.6,0,ENT,1,Sun,41.9
8,2,19.4,6.6,3,Emergency,14,Fri,81.1
6,4,9.4,10.8,1,Pediatrics,5,Fri,29.3
7,5,5.7,6.2,2,ENT,1,Wed,22.8
13,1,14.6,7.5,0,General Medicine,10,Mon,196.4
8,4,7.3,6.0,0,General Medicine,13,Sat,29.5
2,1,8.6,6.4,1,Dermatology,4,Sat,26.1
9,6,9.5,5.1,3,Dermatology,9,Thu,26.6
8,1,11.0,8.5,3,Orthopedics,22,Thu,112.5
8,3,12.7,4.2,1,ENT,8,Tue,35.3
9,1,9.0,9.2,0,Orthopedics,23,Thu,89.1
8,4,6.0,8.6,0,Pediatrics,20,Tue,19.1
13,2,17.9,6.3,1,Cardiology,8,Wed,134.7
10,1,17.1,4.3,0,Orthopedics,13,Mon,185.0
10,2,4.0,11.2,1,Dermatology,17,Fri,28.6
11,5,17.2,9.8,2,Orthopedics,11,Tue,65.0
10,7,17.5,4.8,0,Orthopedics,9,Sat,32.1
13,5,16.8,7.0,0,Cardiology,7,Thu,50.9
5,3,8.4,1.9,0,Dermatology,3,Sun,8.3
10,1,13.5,6.5,0,Pediatrics,0,Tue,141.4
6,7,24.6,6.6,1,Emergency,8,Tue,17.1
5,7,16.5,7.0,0,Cardiology,19,Tue,11.8
7,2,6.5,8.4,1,ENT,5,Fri,35.6
8,2,19.5,5.0,3,Emergency,4,Mon,81.4
5,4,14.8,4.7,1,Cardiology,7,Fri,20.6
2,3,13.8,4.3,2,Pediatrics,14,Sat,19.5
14,1,9.5,7.6,0,Dermatology,5,Fri,134.2
10,4,12.0,5.6,1,General Medicine,5,Mon,32.6
4,1,21.4,2.8,0,Cardiology,2,Thu,96.0
11,4,22.3,5.5,6,Emergency,7,Thu,77.0
9,2,17.9,6.3,1,Orthopedics,5,Wed,82.2
6,3,10.7,4.4,0,ENT,19,Thu,30.4
3,5,22.2,1.0,1,Cardiology,21,Sat,14.3
4,2,5.9,4.8,0,Pediatrics,8,Sat,9.6
5,4,16.6,3.4,1,Orthopedics,2,Wed,28.2
8,2,22.7,7.9,2,Cardiology,2,Wed,118.8
2,1,11.0,10.6,1,General Medicine,7,Tue,38.7
15,5,13.3,7.2,1,Orthopedics,11,Wed,48.8
15,7,13.9,9.7,0,Orthopedics,12,Thu,45.6
11,1,8.0,6.6,1,Dermatology,7,Fri,90.3
5,4,15.2,2.9,2,General Medicine,8,Tue,39.8
11,3,8.0,1.2,4,Dermatology,6,Tue,41.3
14,3,18.4,6.3,2,Orthopedics,12,Mon,105.4
12,2,10.4,8.4,2,ENT,16,Mon,70.5
6,1,20.8,10.9,1,Cardiology,1,Mon,142.1
14,3,15.1,10.1,0,Orthopedics,11,Tue,76.3
8,5,19.3,4.2,0,Emergency,15,Fri,19.1
8,5,6.0,4.5,0,Pediatrics,16,Sat,16.3
5,5,4.7,2.8,1,General Medicine,13,Sun,9.4
12,3,6.8,5.2,1,Dermatology,12,Thu,29.7
13,6,4.0,7.2,1,ENT,16,Thu,29.7
3,4,19.7,7.2,3,Emergency,9,Sun,6.9
6,7,20.0,5.5,2,Cardiology,13,Tue,36.3
5,1,12.1,5.2,0,General Medicine,7,Fri,65.2
5,6,4.0,8.0,5,General Medicine,10,Sat,28.9
16,2,16.7,3.7,1,Cardiology,2,Thu,139.0
6,2,11.6,6.9,1,Pediatrics,8,Tue,48.4
8,1,23.7,3.7,4,Emergency,3,Fri,198.4
7,1,13.5,5.9,3,General Medicine,5,Sun,109.8
9,4,19.9,9.1,3,Emergency,10,Tue,54.4
10,4,11.3,9.3,1,Pediatrics,12,Thu,31.4
7,3,17.5,5.7,0,General Medicine,22,Mon,53.4
6,1,10.0,7.1,0,Pediatrics,0,Tue,69.9
4,1,5.5,2.5,0,Pediatrics,21,Sat,16.1
8,3,13.5,8.0,0,Orthopedics,7,Thu,52.4
11,5,12.7,8.5,1,Orthopedics,17,Tue,44.2
13,2,14.4,10.0,0,Cardiology,16,Wed,107.1
11,3,15.8,7.3,0,Cardiology,23,Mon,61.6
4,1,20.2,2.7,1,General Medicine,2,Sat,80.9
4,1,8.9,5.2,0,General Medicine,23,Sun,36.8
10,1,8.4,4.5,1,Pediatrics,1,Mon,110.4
11,1,18.3,2.8,1,Pediatrics,21,Tue,206.3
4,6,13.6,4.6,0,General Medicine,15,Sat,18.6
9,7,15.9,10.6,1,Orthopedics,11,Sun,41.8
11,5,19.5,5.0,1,Cardiology,9,Sat,63.6
8,1,15.5,5.2,1,Orthopedics,2,Sat,136.9
11,3,13.5,5.8,0,Orthopedics,19,Sun,49.0
16,3,18.9,6.7,0,Cardiology,17,Wed,106.2
4,1,19.5,3.0,2,Cardiology,22,Sun,85.1
8,2,9.8,8.8,0,Orthopedics,17,Sun,52.4
12,1,8.5,7.3,1,Pediatrics,22,Tue,119.7
5,5,9.8,6.1,1,Orthopedics,21,Mon,26.0
9,6,9.2,5.8,0,General Medicine,10,Thu,25.9
16,1,19.4,5.1,0,Cardiology,16,Sat,330.6
6,1,18.6,5.2,2,Emergency,6,Sat,116.9
12,1,14.2,1.0,0,Orthopedics,19,Mon,162.4
8,1,4.0,7.6,0,General Medicine,14,Wed,37.1
4,5,4.8,8.6,1,ENT,10,Sat,28.5
12,3,8.4,9.6,3,General Medicine,15,Mon,54.5
6,2,4.7,6.7,0,Pediatrics,6,Sat,23.9
6,2,10.4,6.8,2,Pediatrics,14,Wed,44.2
9,6,20.1,10.6,2,Emergency,11,Mon,28.0
3,1,22.4,5.3,3,Emergency,7,Tue,72.6
6,1,21.8,3.1,0,Cardiology,23,Sat,141.8
3,5,13.1,5.1,0,ENT,1,Sun,12.7
11,3,10.1,7.4,2,ENT,18,Mon,40.5
7,4,9.6,5.1,2,ENT,5,Thu,29.9
14,3,18.8,10.4,0,Cardiology,5,Tue,98.9
3,1,17.0,4.5,1,Emergency,3,Fri,45.2
5,1,8.8,4.7,0,Dermatology,2,Sat,41.3
4,1,10.5,1.0,2,General Medicine,2,Sun,41.7
11,7,11.3,4.4,0,Orthopedics,19,Wed,18.2
9,2,14.6,4.4,1,Emergency,22,Wed,54.2
5,6,7.7,5.8,0,Orthopedics,14,Wed,18.2
3,1,9.2,2.4,0,Pediatrics,0,Sat,30.8
8,1,18.0,5.4,4,Emergency,20,Thu,155.6
2,2,6.7,5.0,0,ENT,14,Mon,10.7
9,2,14.5,5.9,2,Cardiology,12,Sun,77.1
9,1,13.3,2.7,3,Orthopedics,22,Mon,132.8
8,2,8.7,3.2,3,General Medicine,9,Sun,45.7
9,2,15.3,7.5,3,Orthopedics,8,Tue,93.2
8,7,20.2,7.8,0,Cardiology,18,Thu,21.5
12,2,18.5,9.4,1,Emergency,12,Wed,109.6
9,1,18.3,9.8,3,Orthopedics,17,Fri,185.8
15,3,7.7,9.1,0,Pediatrics,16,Wed,47.6
7,6,9.2,3.3,2,Orthopedics,20,Wed,25.2
7,4,24.1,1.9,4,Emergency,7,Thu,34.9
7,1,11.9,3.3,0,Cardiology,1,Sun,89.5
11,5,13.3,9.0,1,Orthopedics,11,Tue,45.2
13,1,11.3,8.8,1,ENT,15,Tue,164.7
9,1,12.7,9.9,0,ENT,19,Mon,129.3
3,4,14.5,4.9,2,Orthopedics,6,Sat,23.3
13,4,18.3,8.8,3,Emergency,17,Fri,67.8
7,1,15.3,5.8,3,ENT,19,Fri,134.2
4,2,14.8,5.9,0,General Medicine,19,Mon,26.0
4,3,18.2,2.8,4,Orthopedics,19,Sat,52.4
7,1,21.4,6.9,0,Emergency,23,Sat,156.5
2,3,16.8,3.3,0,Orthopedics,15,Sun,20.5
6,4,18.8,4.8,1,Cardiology,8,Sun,36.7
9,1,8.6,9.6,2,ENT,10,Tue,97.0
16,2,4.0,4.3,2,ENT,17,Fri,51.4
7,2,16.0,3.9,3,Emergency,5,Wed,62.4
6,5,12.0,6.7,0,Pediatrics,14,Fri,24.7
8,5,21.6,8.4,0,Cardiology,13,Wed,38.6
9,2,18.5,6.4,0,Cardiology,15,Fri,99.9
8,1,6.7,7.6,1,Pediatrics,10,Sun,70.7
12,2,9.6,6.8,1,ENT,17,Fri,72.5
3,2,13.1,4.3,1,General Medicine,1,Sun,35.2
12,5,12.3,3.9,1,Cardiology,17,Sun,37.6
8,7,19.5,7.5,2,Orthopedics,19,Mon,41.7
5,3,12.6,4.3,0,Pediatrics,21,Sun,23.1
7,4,4.8,7.7,1,Dermatology,22,Sat,15.5
13,6,9.7,6.0,1,Pediatrics,8,Wed,35.9
4,2,9.0,2.8,0,Pediatrics,1,Fri,22.0
2,2,11.9,6.7,1,Dermatology,15,Fri,19.9
3,1,18.3,3.3,3,Emergency,2,Sat,54.6
1,5,8.4,6.1,1,General Medicine,6,Sat,2.1
10,2,9.6,7.5,0,Pediatrics,16,Mon,65.1
7,3,5.9,8.5,1,ENT,14,Mon,23.0
8,3,10.9,3.2,2,Dermatology,14,Tue,41.3
5,7,19.7,11.8,6,Emergency,18,Thu,37.4
5,1,14.4,1.5,2,Cardiology,3,Sat,84.6
16,2,9.8,7.4,0,General Medicine,18,Fri,86.0
6,5,18.6,7.4,7,Emergency,14,Mon,41.9
9,7,9.0,10.6,0,Pediatrics,10,Sat,18.5
8,5,7.0,9.2,1,General Medicine,11,Thu,34.1
10,7,5.5,6.2,1,ENT,12,Wed,23.8
6,4,9.8,1.0,2,ENT,13,Sat,26.7
4,3,15.8,7.9,1,General Medicine,8,Wed,39.2
6,1,8.4,9.3,0,Pediatrics,5,Fri,64.2
8,1,9.2,8.2,0,ENT,4,Tue,76.8
7,6,16.9,6.3,0,Pediatrics,8,Wed,31.1
8,3,9.7,4.5,1,ENT,6,Thu,32.7
11,6,9.1,10.0,2,Orthopedics,12,Fri,39.9
4,1,10.6,4.9,1,ENT,21,Sun,48.6
3,1,18.6,10.0,0,Cardiology,2,Wed,55.3
3,1,13.6,5.2,2,Orthopedics,7,Sun,52.5
3,4,11.5,6.0,1,Orthopedics,1,Sat,17.0
6,5,11.4,5.8,0,ENT,23,Wed,29.1
11,5,9.8,7.0,1,Cardiology,16,Mon,38.6
12,4,7.7,5.9,2,ENT,5,Tue,56.1
15,6,7.9,4.2,0,ENT,9,Fri,25.3
9,6,7.8,6.3,0,Pediatrics,17,Sat,18.7
6,1,19.6,6.6,1,Emergency,22,Fri,113.9
4,7,14.2,3.1,3,Cardiology,13,Sat,24.0
4,5,9.6,6.7,0,Dermatology,6,Mon,11.6
8,5,28.7,11.1,1,Emergency,16,Thu,44.5
7,2,17.2,6.6,1,Emergency,16,Sun,56.1
3,6,10.2,5.8,0,ENT,15,Wed,8.7
8,2,8.4,3.4,2,Dermatology,1,Sun,41.1
11,6,18.6,8.5,1,Cardiology,16,Mon,58.7
8,1,6.6,8.1,1,Dermatology,0,Sun,68.7
4,1,15.0,2.6,1,Orthopedics,21,Sat,85.9
10,2,9.6,4.7,2,ENT,21,Fri,62.9
8,1,14.4,7.9,2,General Medicine,13,Fri,140.7
8,4,22.2,2.7,4,Emergency,15,Sun,47.3
10,3,13.8,7.8,1,Pediatrics,1,Wed,63.0
11,5,6.8,4.1,0,ENT,20,Tue,18.8
7,4,12.5,4.2,1,General Medicine,6,Sun,44.5
7,1,9.5,7.9,1,Pediatrics,6,Mon,80.1
10,2,22.6,6.5,5,Emergency,16,Fri,122.3
3,1,4.0,7.5,3,Dermatology,22,Tue,30.0
8,2,13.3,8.1,0,Pediatrics,11,Sun,60.4
9,3,12.9,5.8,1,General Medicine,12,Sun,62.6
6,7,11.6,8.6,0,Dermatology,13,Thu,17.7
7,4,20.1,5.7,3,Emergency,6,Thu,51.9
10,1,9.5,5.8,3,Pediatrics,14,Thu,115.3
9,3,7.0,7.4,0,ENT,23,Wed,31.8
12,4,8.8,8.8,1,Pediatrics,9,Sun,42.9
14,2,4.0,3.3,3,Dermatology,18,Wed,41.1
7,6,14.5,2.1,0,Orthopedics,18,Sun,23.9
4,1,10.4,3.4,0,General Medicine,20,Fri,49.2
5,1,15.3,7.5,0,Orthopedics,17,Sun,81.4
11,3,15.9,6.4,1,Cardiology,22,Fri,70.7
11,4,9.0,2.5,4,Dermatology,17,Sat,37.7
5,3,11.6,9.9,1,General Medicine,23,Thu,32.7
13,5,14.5,10.1,7,Emergency,17,Thu,53.9
4,7,9.1,5.5,0,ENT,20,Tue,4.2
6,1,22.5,7.0,1,Emergency,21,Tue,130.5
7,4,22.7,5.4,3,Emergency,23,Mon,41.7
16,3,7.3,8.2,2,Pediatrics,14,Wed,65.8
9,2,7.5,9.0,1,General Medicine,17,Sun,45.3
9,2,11.3,7.3,2,Dermatology,23,Sun,53.9
14,4,11.2,10.0,4,Pediatrics,9,Fri,60.0
10,2,7.1,6.2,1,Pediatrics,2,Wed,46.6
9,1,15.5,8.1,2,Cardiology,21,Thu,162.1
6,1,20.1,7.6,2,Emergency,15,Sat,128.8
11,5,10.6,8.5,1,Dermatology,10,Mon,31.7
6,7,17.0,9.2,0,Cardiology,17,Sun,37.7
5,5,5.5,3.1,0,Pediatrics,0,Sun,6.4
9,7,9.3,4.7,0,Orthopedics,11,Sun,10.6
11,1,6.5,6.7,2,ENT,6,Mon,85.7
6,4,7.5,2.7,4,Pediatrics,6,Sun,23.8
11,3,14.6,2.2,1,Cardiology,23,Fri,58.1
13,4,16.2,5.6,2,General Medicine,13,Thu,66.1
6,1,10.3,10.8,0,Orthopedics,3,Tue,84.6
6,6,7.8,2.3,1,Pediatrics,8,Thu,8.6
12,1,15.4,7.7,0,ENT,5,Wed,206.8
4,4,17.6,3.7,5,Emergency,21,Sun,29.3
9,5,9.9,4.6,0,Pediatrics,6,Wed,35.2
6,7,12.2,4.3,1,Dermatology,8,Tue,20.1
6,7,8.6,4.4,0,ENT,8,Sun,9.6
13,4,21.2,5.4,0,Emergency,4,Tue,58.5
10,6,18.0,7.5,3,Emergency,18,Sun,35.3
9,1,9.4,8.6,1,General Medicine,13,Sun,96.8
12,3,4.0,9.5,0,Dermatology,10,Wed,32.1
21,1,8.3,7.8,1,ENT,9,Fri,186.7
3,3,13.1,7.1,0,General Medicine,16,Sat,10.5
4,2,15.8,4.7,2,Pediatrics,2,Thu,44.0
8,5,18.4,5.1,4,Emergency,22,Fri,35.2
9,5,21.6,4.6,2,Cardiology,13,Mon,51.0
4,4,17.8,7.9,2,Orthopedics,5,Thu,35.8
11,6,12.8,10.8,2,Orthopedics,12,Thu,46.0
6,6,8.1,5.7,2,Dermatology,20,Thu,27.1
12,1,10.1,1.3,1,Pediatrics,4,Sun,130.4
5,7,5.8,4.5,2,Pediatrics,12,Sat,4.9
9,4,8.2,5.9,2,ENT,14,Fri,27.0
10,2,17.5,8.3,7,Emergency,19,Wed,108.4
6,3,9.3,1.0,0,Pediatrics,13,Wed,24.0
11,4,9.5,9.5,0,Pediatrics,17,Mon,39.6
10,5,17.8,10.4,1,Cardiology,18,Thu,45.9
9,1,8.2,7.4,1,Pediatrics,21,Tue,90.5
7,4,5.8,5.6,4,ENT,8,Sun,36.6
8,3,4.7,8.4,1,Pediatrics,16,Sat,33.2
3,4,14.8,3.8,0,General Medicine,5,Sun,12.7
4,1,10.1,5.7,0,Pediatrics,20,Sun,51.4
9,3,23.1,2.3,2,Emergency,22,Wed,66.6
8,2,19.5,5.1,4,Emergency,7,Wed,76.1
9,4,17.9,6.7,1,Cardiology,13,Fri,57.4
9,3,14.2,5.0,1,Orthopedics,19,Thu,53.0
7,1,6.9,4.0,1,Dermatology,0,Tue,55.8
9,2,10.7,7.7,1,Pediatrics,16,Fri,48.2
6,5,8.1,7.3,0,ENT,19,Thu,17.6
10,2,11.9,4.0,2,ENT,20,Sun,68.4
5,1,13.1,5.9,1,ENT,4,Tue,84.0
14,4,13.9,9.8,0,Pediatrics,18,Thu,58.8
12,5,12.6,9.5,1,Dermatology,18,Thu,41.1
5,1,5.6,7.1,0,ENT,0,Sun,35.1
12,2,23.6,11.4,3,Emergency,16,Fri,154.6
7,6,10.3,6.9,0,Pediatrics,15,Mon,20.4
13,1,9.3,5.5,0,ENT,23,Wed,124.2
5,5,5.8,6.9,0,Dermatology,1,Sun,12.2
6,2,8.9,9.4,0,Pediatrics,23,Tue,37.8
6,6,4.0,2.9,0,Dermatology,13,Wed,1.0
10,2,13.7,5.9,0,General Medicine,6,Tue,73.0
7,2,7.4,6.0,0,Dermatology,9,Sat,33.0
15,7,7.4,7.1,0,ENT,18,Mon,26.6
3,1,14.0,5.0,0,Pediatrics,23,Wed,40.1
5,3,12.0,5.3,0,General Medicine,7,Fri,26.2
6,4,5.2,6.4,2,Dermatology,23,Sun,27.7
8,3,9.9,3.3,1,Pediatrics,15,Tue,30.6
11,4,23.1,6.5,0,Cardiology,4,Wed,72.3
4,6,11.6,4.5,2,General Medicine,14,Mon,15.5
4,2,22.4,8.5,4,Emergency,19,Thu,53.7
6,1,15.8,4.4,5,Cardiology,1,Sun,119.3
7,1,21.5,7.9,3,Emergency,1,Wed,160.6
7,1,10.6,6.2,1,Pediatrics,0,Tue,82.7
6,4,10.0,2.8,0,Pediatrics,13,Wed,27.6
5,1,7.5,3.2,0,ENT,1,Sun,35.5
9,1,8.2,9.5,0,ENT,22,Thu,86.6
5,2,4.0,7.2,2,Dermatology,3,Fri,12.7
5,1,15.2,8.2,2,Emergency,1,Sat,79.5
6,3,4.0,7.3,0,Dermatology,6,Sat,18.3
7,3,7.4,7.8,1,General Medicine,18,Fri,32.7
8,4,14.1,3.4,0,Orthopedics,21,Thu,25.1
6,1,18.5,8.3,3,Emergency,6,Thu,130.0
19,5,14.8,11.1,0,Cardiology,12,Tue,76.0
16,3,23.6,9.1,5,Emergency,18,Wed,139.8
4,1,17.2,1.3,1,Cardiology,19,Sat,74.9
5,1,14.7,4.9,2,General Medicine,3,Mon,88.3
3,6,13.6,4.6,1,Cardiology,20,Sat,7.0
5,7,9.2,7.6,0,Dermatology,20,Thu,6.3
15,1,11.9,7.0,1,ENT,17,Wed,191.7
11,2,13.2,11.1,1,General Medicine,12,Mon,98.1
9,5,8.6,7.9,1,Pediatrics,9,Sat,25.1
5,4,7.1,7.6,0,Dermatology,21,Mon,11.9
6,4,21.0,7.1,5,Emergency,20,Thu,50.6
7,1,8.2,4.7,1,Dermatology,12,Tue,65.7
8,4,15.3,6.9,1,General Medicine,17,Sun,51.3
14,4,6.2,8.2,1,ENT,9,Tue,39.9
9,6,10.9,7.5,1,Dermatology,17,Sat,26.3
6,4,9.9,2.8,0,ENT,2,Fri,20.2
6,1,9.6,2.0,0,ENT,21,Mon,67.7
4,7,17.4,7.5,1,Cardiology,12,Sat,19.2
5,3,13.2,2.4,2,Pediatrics,14,Sun,37.4
14,3,7.3,1.7,1,Pediatrics,4,Tue,37.7
9,7,4.5,4.2,1,Dermatology,12,Sun,7.7
6,3,12.1,3.9,1,General Medicine,0,Sat,34.2
6,1,9.9,6.5,0,General Medicine,21,Sat,67.3
8,2,15.9,9.1,0,Orthopedics,17,Wed,71.0
7,7,13.7,7.8,2,Dermatology,10,Mon,25.2
7,1,9.2,5.5,0,ENT,20,Thu,70.8
4,5,9.6,5.7,0,ENT,19,Sat,17.9
10,2,22.7,7.1,0,Cardiology,2,Fri,122.3
11,5,13.1,7.4,0,General Medicine,1,Fri,40.3
5,5,18.2,7.7,1,Orthopedics,6,Sat,33.6
9,1,11.2,6.1,0,General Medicine,0,Wed,104.4
8,7,7.8,7.4,1,Dermatology,13,Mon,19.0
7,6,6.0,2.0,3,Dermatology,12,Sun,1.6
9,7,11.3,9.4,0,Pediatrics,12,Fri,37.4
6,2,16.4,3.3,0,Orthopedics,1,Thu,66.3
7,5,17.1,4.7,1,Orthopedics,22,Fri,34.9
7,1,21.3,3.3,2,Emergency,23,Sat,142.1
7,1,17.6,4.2,2,Cardiology,14,Sat,138.9
3,2,9.6,4.8,1,Dermatology,0,Fri,11.4
11,2,22.4,5.5,2,Cardiology,9,Sat,146.1
7,7,9.4,10.3,0,ENT,17,Wed,24.9
11,5,14.0,9.2,1,Cardiology,17,Fri,41.6
9,2,7.0,4.1,1,Pediatrics,5,Sun,33.4
8,1,20.7,6.0,3,Emergency,19,Tue,155.5
7,1,6.4,5.5,0,ENT,23,Thu,54.2
12,5,6.5,11.0,3,Dermatology,12,Fri,26.3
13,1,18.4,8.8,6,Emergency,9,Thu,256.5
11,5,11.2,10.8,0,Pediatrics,12,Sun,37.4
9,1,16.8,6.9,1,General Medicine,0,Wed,159.9
14,3,4.5,10.5,1,ENT,12,Tue,29.5
4,1,18.1,5.4,0,Orthopedics,0,Mon,79.0
9,1,20.9,5.3,3,Cardiology,0,Sat,207.0
6,4,10.8,8.0,0,Pediatrics,13,Fri,25.0
27,3,14.4,9.4,1,Orthopedics,12,Fri,155.0
13,1,17.3,5.2,3,Orthopedics,23,Thu,254.3
11,2,15.2,11.2,0,Orthopedics,12,Wed,95.8
5,5,7.5,8.1,0,Dermatology,23,Sun,17.3
9,2,4.0,3.0,2,ENT,19,Fri,26.8
10,6,19.4,3.3,1,Cardiology,8,Sun,31.3
5,5,16.2,4.1,3,General Medicine,22,Sat,35.4
10,4,13.8,5.6,2,Cardiology,11,Sat,40.8
15,3,7.3,5.9,2,Pediatrics,14,Thu,58.3
11,1,13.6,4.0,1,Orthopedics,2,Tue,157.9
10,1,14.2,7.9,1,Orthopedics,5,Fri,153.2
6,3,9.8,6.4,0,General Medicine,12,Sat,21.3
14,3,18.8,6.5,0,Orthopedics,6,Thu,95.5
7,5,16.0,5.4,0,Pediatrics,14,Mon,26.6
5,1,8.7,2.8,2,Dermatology,1,Sun,40.1
5,1,18.0,2.9,4,Emergency,6,Sat,93.1
6,6,12.5,9.2,0,General Medicine,15,Wed,23.5
9,7,5.6,4.0,0,ENT,14,Thu,14.9
10,1,8.4,5.2,1,ENT,23,Mon,90.7
4,3,16.6,1.0,0,Orthopedics,21,Sun,22.7
5,3,20.0,7.0,0,Cardiology,19,Tue,38.9
13,5,9.7,7.8,0,Dermatology,0,Wed,26.6
7,6,13.6,2.5,0,Orthopedics,14,Wed,16.6
8,3,12.4,4.6,2,General Medicine,5,Tue,48.0
5,1,13.9,4.4,3,Orthopedics,6,Fri,84.9
4,1,12.6,3.5,1,Pediatrics,5,Sun,56.7
12,4,16.2,7.4,1,Orthopedics,10,Sat,67.5
11,2,15.0,5.9,0,Pediatrics,2,Thu,89.6
10,1,11.0,9.0,2,Pediatrics,12,Mon,133.8
3,1,17.4,1.3,5,Emergency,3,Sun,49.5
10,5,8.4,8.9,0,General Medicine,12,Tue,37.2
8,1,9.5,6.1,0,ENT,15,Sun,84.9
9,2,4.0,6.2,2,Dermatology,4,Wed,27.6
4,1,7.8,2.0,0,ENT,2,Thu,38.0
7,4,18.2,8.5,1,Emergency,19,Thu,40.8
17,3,9.6,11.7,3,General Medicine,17,Thu,75.2
6,1,15.4,7.1,2,Orthopedics,6,Tue,97.1
4,1,6.9,7.9,0,Pediatrics,21,Thu,38.3
3,1,4.2,7.0,0,ENT,5,Wed,11.6
6,1,10.5,5.5,2,ENT,22,Sat,71.2
9,1,18.9,4.9,2,Emergency,2,Thu,181.1
10,3,16.0,5.8,0,Orthopedics,15,Sun,53.6
6,1,10.5,1.5,1,Pediatrics,0,Wed,60.9
8,1,21.6,5.7,4,Emergency,4,Wed,184.6
5,3,9.6,10.8,1,ENT,9,Mon,37.5
5,2,9.7,7.1,1,Dermatology,2,Sat,40.1
14,3,23.1,9.8,0,Cardiology,10,Mon,110.6
13,5,19.0,8.4,1,Cardiology,5,Tue,61.5
8,5,16.7,4.1,1,Orthopedics,2,Sun,39.5
9,2,8.3,7.3,1,Dermatology,23,Fri,42.5
9,1,4.3,7.4,0,Pediatrics,23,Thu,55.9
6,4,19.6,1.0,2,Emergency,23,Sat,20.8
7,3,14.0,5.8,0,Pediatrics,3,Sat,37.8
7,6,19.4,6.5,0,Cardiology,9,Sun,28.4
4,5,13.5,6.4,2,Orthopedics,7,Fri,33.5
11,1,10.1,7.8,3,ENT,7,Thu,134.8
13,4,5.7,7.9,0,ENT,9,Mon,25.6
12,2,22.1,9.1,2,Emergency,12,Wed,131.4
13,1,6.5,9.1,3,Dermatology,11,Fri,103.6
11,1,10.5,6.8,0,Pediatrics,7,Tue,125.9
9,3,6.9,1.7,2,Pediatrics,23,Fri,32.3
4,1,20.6,7.3,3,Emergency,23,Mon,88.4
9,5,10.8,7.4,1,Cardiology,7,Mon,34.1
10,1,10.7,3.4,1,General Medicine,5,Wed,111.2
16,4,5.7,7.5,1,Dermatology,12,Tue,31.8
3,7,6.8,6.5,1,ENT,8,Sun,13.8
9,1,4.0,4.0,2,General Medicine,23,Wed,42.6
9,1,5.9,12.0,0,Dermatology,10,Wed,62.9
6,1,9.8,4.1,3,ENT,0,Wed,75.8
8,4,6.3,7.9,0,ENT,3,Wed,14.4
6,1,21.4,2.3,0,Emergency,1,Sun,121.5
10,4,20.7,8.0,0,Cardiology,9,Sat,58.5
7,3,18.9,6.5,1,Cardiology,7,Tue,56.0
5,5,10.1,6.5,0,ENT,20,Tue,13.4
5,4,10.8,3.9,0,Pediatrics,21,Mon,17.2
8,1,11.6,6.0,1,Pediatrics,3,Tue,117.0
5,5,6.0,4.4,0,Dermatology,22,Fri,9.1
9,6,7.4,2.4,1,Pediatrics,14,Sun,16.5
5,5,15.5,8.6,0,Cardiology,7,Thu,18.7
8,1,12.0,14.7,2,Pediatrics,9,Mon,119.4
14,6,7.4,7.5,1,Pediatrics,10,Mon,27.4
13,2,8.1,6.8,1,ENT,4,Wed,67.1
8,6,6.7,7.9,0,Dermatology,20,Tue,9.4
6,1,18.5,4.7,1,Cardiology,0,Fri,125.1
7,2,13.8,4.2,1,General Medicine,1,Mon,56.2
9,4,11.8,6.0,2,Pediatrics,6,Tue,33.2
4,4,4.6,6.0,1,Pediatrics,3,Thu,22.2
7,3,21.0,1.0,1,Emergency,1,Tue,36.9
9,5,14.8,9.5,3,Orthopedics,9,Wed,45.3
12,4,15.5,10.6,2,Orthopedics,9,Tue,66.8
9,4,10.9,7.0,1,General Medicine,3,Mon,39.3
6,2,15.6,5.5,0,Cardiology,19,Wed,50.1
9,5,22.9,3.1,2,Emergency,21,Wed,41.7
9,4,14.3,7.2,2,Orthopedics,17,Sun,43.4
9,7,12.6,4.8,0,ENT,12,Sun,28.9
16,1,9.9,5.4,1,Pediatrics,22,Thu,158.6
9,4,9.9,6.0,0,Pediatrics,8,Wed,26.3
17,4,5.9,10.6,0,Dermatology,10,Wed,39.0
4,2,11.9,8.1,2,General Medicine,0,Fri,38.1
10,2,20.7,9.4,1,Cardiology,16,Wed,116.6
8,1,14.6,4.3,0,Orthopedics,2,Sat,112.5
5,7,12.6,5.7,1,General Medicine,15,Sun,25.6
11,1,22.9,7.2,1,Cardiology,18,Wed,263.6
8,1,16.4,4.6,3,Emergency,5,Mon,137.9
11,5,9.2,8.9,1,General Medicine,14,Mon,37.0
3,2,8.9,7.1,3,Dermatology,7,Sun,18.4
14,7,12.9,5.5,2,Cardiology,9,Wed,29.2
19,1,9.5,8.0,0,Dermatology,12,Wed,182.0
6,1,9.6,7.9,0,General Medicine,5,Fri,77.6
5,6,18.6,5.0,2,Emergency,19,Sun,12.5
15,2,14.5,8.7,0,General Medicine,9,Wed,129.7
7,2,16.2,6.6,3,Emergency,11,Wed,53.3
5,2,4.0,3.2,0,ENT,19,Sun,17.5
8,5,8.6,4.3,0,Orthopedics,5,Mon,22.9
6,4,12.8,9.0,1,General Medicine,10,Sat,26.1
6,1,11.5,4.5,2,ENT,23,Thu,71.2
16,6,8.8,9.3,0,General Medicine,9,Mon,43.2
9,3,12.2,6.8,0,ENT,2,Tue,39.2
11,1,7.8,5.8,0,Dermatology,6,Fri,94.8
10,5,10.1,4.1,1,Pediatrics,22,Sat,24.7
10,7,12.7,6.4,1,Pediatrics,18,Tue,36.2
8,6,4.6,5.2,2,Pediatrics,19,Fri,19.4
1,1,11.9,3.6,2,Pediatrics,6,Sun,29.4
4,3,6.4,4.8,0,General Medicine,20,Fri,18.6
14,3,5.1,11.8,2,Pediatrics,9,Fri,54.6
7,7,4.5,9.8,0,ENT,19,Tue,24.7
8,1,16.7,8.0,1,Orthopedics,21,Fri,151.2
8,1,9.9,9.0,3,Dermatology,4,Fri,94.9
8,1,10.5,4.7,1,Dermatology,22,Mon,78.0
6,5,7.7,5.6,1,Dermatology,15,Wed,13.9
5,1,16.7,4.6,0,Cardiology,17,Sun,87.4
11,6,16.3,6.5,0,Orthopedics,18,Sun,46.9
9,1,19.4,4.2,2,Emergency,4,Tue,180.5
10,3,10.4,4.2,0,Pediatrics,17,Sat,40.5
7,1,17.6,1.0,1,Cardiology,5,Thu,131.7
5,4,17.6,6.9,0,Cardiology,6,Fri,41.1
2,3,13.9,8.4,1,Dermatology,2,Thu,14.0
8,2,20.5,6.3,0,Cardiology,4,Sun,91.2
7,5,9.2,7.5,1,Dermatology,23,Thu,16.5
7,5,18.6,7.6,7,Emergency,7,Fri,52.7
6,4,15.0,8.4,1,Orthopedics,9,Fri,33.5
17,2,22.7,5.8,3,Emergency,11,Thu,186.7
10,1,10.3,4.1,1,Pediatrics,17,Sun,119.7
7,7,18.6,5.4,3,Emergency,13,Tue,21.6
7,5,4.8,2.0,0,Pediatrics,12,Sun,17.5
7,4,6.7,7.1,0,Dermatology,20,Fri,22.8
3,1,16.9,7.1,2,Orthopedics,11,Sun,69.1
15,4,16.0,10.1,5,Emergency,18,Wed,68.4
9,5,16.2,7.8,0,General Medicine,21,Thu,41.1
11,2,18.5,5.4,1,Cardiology,16,Mon,110.2
12,1,24.0,2.6,5,Emergency,0,Sun,310.0
8,1,11.6,1.9,0,General Medicine,6,Sat,98.2
8,3,4.0,4.9,3,Pediatrics,14,Wed,37.5
9,3,10.6,7.6,3,General Medicine,11,Mon,54.6
7,4,12.8,1.7,1,Orthopedics,6,Fri,37.0
5,3,12.2,7.4,0,Orthopedics,8,Fri,33.3
10,3,10.2,8.7,1,ENT,1,Thu,46.6
6,3,7.0,4.5,1,Pediatrics,5,Tue,30.7
8,2,5.4,5.0,2,Pediatrics,18,Sun,26.5
9,4,7.8,7.7,1,Pediatrics,0,Thu,39.9
3,7,22.2,4.1,3,Emergency,20,Sat,20.9
8,1,18.9,5.3,1,Emergency,8,Sun,150.4
11,5,7.0,4.0,1,Pediatrics,19,Thu,21.2
6,5,8.5,7.2,1,Pediatrics,6,Mon,16.3
13,4,15.0,5.0,2,General Medicine,19,Sun,67.9
5,2,21.2,5.1,5,Emergency,13,Fri,67.8
7,1,10.3,4.1,0,ENT,20,Sun,65.4
7,3,9.1,1.7,1,Dermatology,1,Fri,20.0
4,1,9.7,3.6,1,Orthopedics,19,Sun,37.8
6,4,8.3,4.3,1,ENT,6,Sun,21.2
7,6,14.7,5.2,1,General Medicine,8,Tue,24.1
12,1,4.0,4.3,1,ENT,1,Tue,57.4
10,3,4.0,8.8,1,ENT,22,Tue,21.4
4,4,11.4,6.7,0,Orthopedics,15,Sat,27.6
5,4,6.4,6.1,1,ENT,23,Tue,9.3
14,1,8.8,6.7,1,ENT,13,Thu,140.7
7,2,13.8,1.0,1,Cardiology,3,Sat,60.1
11,3,11.2,3.8,0,Pediatrics,8,Thu,37.8
10,4,18.4,8.1,0,General Medicine,10,Mon,52.9
10,5,18.0,3.9,3,Emergency,3,Wed,37.9
8,2,5.4,8.0,5,Pediatrics,22,Mon,40.6
6,1,13.4,4.8,1,Orthopedics,22,Wed,88.7
7,5,10.3,1.8,5,ENT,13,Sat,27.8
13,7,10.1,10.0,2,Pediatrics,14,Thu,37.6
17,6,16.9,12.7,3,Orthopedics,16,Fri,71.3
7,5,7.8,10.5,0,ENT,16,Mon,24.7
2,5,9.7,1.0,1,ENT,1,Sat,6.7
17,7,16.4,12.0,1,ENT,12,Wed,60.1
13,2,10.5,11.9,1,General Medicine,18,Wed,82.0
7,2,17.6,2.5,2,Cardiology,19,Fri,52.5
9,4,19.0,1.5,3,Cardiology,14,Mon,54.8
5,3,16.2,4.9,1,ENT,21,Thu,28.0
14,7,12.2,6.7,1,Pediatrics,14,Wed,42.2
14,1,10.0,11.9,0,Pediatrics,9,Tue,146.6
12,7,6.3,2.5,2,Dermatology,10,Sun,23.0
13,4,12.7,12.6,2,ENT,16,Wed,67.9
10,3,7.4,2.7,0,Dermatology,21,Mon,23.8
13,4,14.2,7.7,1,Pediatrics,5,Thu,66.8
4,1,18.9,4.1,3,Emergency,7,Sun,62.5
11,2,7.9,8.5,1,Pediatrics,15,Fri,56.8
12,3,4.3,9.8,2,ENT,18,Fri,36.6
7,7,11.2,6.2,1,Pediatrics,9,Sun,20.0
2,6,14.2,7.4,2,Emergency,15,Mon,6.6
6,2,18.4,4.4,0,Orthopedics,0,Thu,59.2
11,4,4.0,5.8,1,Dermatology,7,Wed,8.5
6,2,9.2,3.3,0,Orthopedics,22,Fri,34.5
9,1,7.5,5.7,0,Dermatology,13,Sat,66.4
7,7,20.5,8.4,0,Cardiology,20,Mon,32.2
12,4,11.3,6.9,0,General Medicine,5,Tue,42.5
5,5,12.0,4.6,1,Pediatrics,6,Sun,27.3
7,3,9.6,5.4,1,ENT,23,Thu,43.7
10,5,11.7,10.8,0,Pediatrics,23,Wed,25.9
11,5,14.4,5.9,0,Pediatrics,21,Tue,45.4
7,3,15.6,2.9,2,Cardiology,7,Wed,51.8
8,6,10.1,7.1,0,Pediatrics,19,Mon,24.2
18,5,5.8,9.1,0,General Medicine,11,Tue,37.7
6,3,12.8,10.2,2,ENT,20,Tue,56.2
5,2,7.7,6.0,2,ENT,20,Mon,30.7
3,5,7.8,3.6,1,Dermatology,10,Sun,27.9
9,4,18.7,7.6,2,Emergency,7,Sat,36.5
7,4,9.6,4.8,1,General Medicine,23,Sun,24.7
9,5,16.9,7.9,3,Orthopedics,10,Tue,55.7
10,5,11.4,13.5,2,Pediatrics,10,Wed,44.0
8,3,18.0,5.9,0,Emergency,15,Tue,39.6
14,1,22.9,4.9,1,Cardiology,22,Thu,333.5
7,5,14.2,7.9,2,General Medicine,3,Tue,38.8
12,1,13.5,7.9,0,ENT,23,Tue,182.1
12,4,6.1,8.1,2,General Medicine,10,Sun,44.3
7,5,7.8,8.7,0,Pediatrics,0,Wed,18.3
5,4,10.6,1.0,1,Dermatology,7,Sat,15.4
7,7,14.0,10.7,1,Cardiology,11,Tue,36.6
8,5,6.4,6.5,1,Dermatology,16,Sun,4.6
7,1,14.6,6.3,0,Cardiology,13,Fri,111.1
2,1,8.9,3.2,2,Dermatology,3,Sun,22.3
11,6,16.7,8.2,2,Cardiology,11,Thu,48.1
5,2,8.7,3.7,2,General Medicine,5,Sun,45.5
11,2,16.9,6.3,1,General Medicine,6,Wed,109.7
11,5,9.7,4.6,1,Dermatology,17,Thu,28.6
10,4,13.6,7.4,1,General Medicine,19,Mon,42.7
7,5,15.3,8.0,0,Orthopedics,3,Tue,38.1
4,1,14.3,5.1,0,General Medicine,14,Sat,56.7
9,2,16.4,10.2,3,Orthopedics,10,Wed,97.2
9,1,4.0,7.9,0,ENT,8,Mon,48.1
14,5,15.6,9.5,3,Pediatrics,17,Wed,68.7
7,2,23.1,10.4,0,Cardiology,5,Wed,91.1
9,4,18.5,6.3,2,Emergency,18,Sat,38.0
17,7,6.9,11.0,0,General Medicine,9,Mon,40.6
13,2,8.6,4.2,0,General Medicine,2,Mon,53.5
1,6,6.7,3.9,1,Pediatrics,19,Sat,15.6
10,2,8.8,8.2,0,Dermatology,20,Mon,47.2
3,3,13.6,5.7,3,Orthopedics,13,Wed,26.9
11,4,7.1,7.9,0,ENT,17,Fri,27.1
11,4,13.8,6.7,1,General Medicine,3,Thu,48.5
3,1,7.6,6.1,2,Dermatology,8,Mon,26.1
5,4,14.8,2.3,1,General Medicine,8,Sat,33.9
17,3,8.7,8.2,0,ENT,18,Mon,61.2
7,6,15.0,6.4,0,Pediatrics,8,Tue,19.1
8,3,26.7,4.1,4,Emergency,17,Mon,72.6
7,1,15.6,6.1,1,Orthopedics,7,Thu,109.8
14,2,9.0,4.2,1,Pediatrics,14,Fri,73.8
6,4,14.7,5.5,2,Orthopedics,5,Fri,34.4
8,7,15.1,3.5,2,General Medicine,13,Mon,20.3
10,4,12.6,5.3,0,Pediatrics,1,Wed,31.8
8,5,4.0,12.6,1,ENT,17,Tue,21.7
8,2,16.6,4.0,2,Orthopedics,0,Wed,74.0
9,5,13.8,4.7,1,Orthopedics,23,Tue,49.7
7,2,8.8,3.4,2,Dermatology,20,Sat,43.7
4,6,11.9,1.0,1,General Medicine,13,Sat,5.4
7,1,13.7,1.0,2,Orthopedics,21,Sat,109.0
9,4,4.9,7.1,0,Pediatrics,19,Tue,18.5
10,1,13.2,4.8,1,Cardiology,3,Mon,142.6
16,5,14.1,12.6,1,Orthopedics,17,Mon,61.9
5,3,11.5,4.4,1,General Medicine,9,Sat,32.3
6,2,11.7,7.9,2,General Medicine,20,Sun,60.7
9,6,8.7,2.5,0,Dermatology,20,Tue,11.8
5,1,9.5,3.8,0,General Medicine,22,Sun,46.3
14,6,4.0,7.2,1,Dermatology,10,Thu,17.2
11,2,22.9,7.5,3,Emergency,4,Tue,136.8
13,5,19.6,4.7,1,Cardiology,3,Wed,66.1
10,1,12.8,4.9,0,Orthopedics,3,Tue,132.5
5,2,10.6,4.0,1,Dermatology,23,Sat,21.5
4,6,16.9,11.1,2,Emergency,14,Tue,24.5
7,3,12.6,8.7,1,General Medicine,8,Tue,42.9
7,3,20.7,5.3,5,Emergency,10,Sat,62.0
6,1,18.0,4.0,3,Emergency,4,Wed,122.0
5,1,13.4,4.2,0,General Medicine,13,Tue,75.7
8,7,8.1,4.1,0,General Medicine,10,Sat,18.2
7,5,7.9,6.2,1,Dermatology,19,Sun,16.6
8,2,11.9,4.5,2,General Medicine,0,Thu,65.2
7,2,5.6,6.6,1,ENT,22,Sat,18.7
6,1,13.9,6.6,2,General Medicine,1,Sat,85.5
8,2,12.3,8.7,0,ENT,10,Fri,61.0
7,1,9.8,1.2,1,Pediatrics,8,Sat,64.6
15,1,12.2,10.5,1,General Medicine,17,Mon,209.9
9,7,11.1,3.5,3,General Medicine,15,Mon,36.7
11,3,9.7,4.2,0,Pediatrics,4,Sun,50.4
15,1,16.4,12.0,1,Cardiology,11,Mon,262.5
4,6,12.0,1.4,0,General Medicine,12,Sat,11.6
8,5,7.2,8.4,1,Dermatology,11,Wed,20.1
6,1,13.9,2.9,0,ENT,0,Sat,84.7
3,1,14.3,5.1,3,Orthopedics,4,Fri,54.8
17,6,17.1,6.1,2,Emergency,12,Mon,47.0
14,1,4.0,10.1,2,ENT,6,Wed,71.4
11,5,11.9,6.3,1,ENT,13,Fri,40.8
5,2,14.2,1.0,3,Pediatrics,3,Sun,45.4
12,6,5.4,7.0,2,ENT,17,Sat,34.9
4,2,19.7,6.5,2,Cardiology,4,Sun,50.2
6,1,21.5,4.0,5,Emergency,15,Sun,137.2
7,5,17.9,7.5,0,Cardiology,20,Sun,36.3
7,7,5.6,1.8,0,ENT,8,Fri,7.4
9,4,16.4,8.3,1,Orthopedics,3,Wed,47.4
5,3,15.9,5.5,1,General Medicine,0,Thu,41.7
4,1,16.1,2.4,1,General Medicine,8,Sat,69.4
7,1,21.5,7.6,2,Emergency,2,Wed,158.9
5,5,10.5,5.7,1,Dermatology,21,Sat,15.9
6,5,9.5,9.0,4,Orthopedics,23,Fri,41.9
8,1,10.7,8.9,0,ENT,23,Tue,99.2
5,3,13.8,4.3,1,General Medicine,22,Sun,22.2
4,6,10.9,1.0,0,General Medicine,14,Sat,19.6
5,1,18.2,2.4,1,Cardiology,7,Fri,88.5
5,7,7.3,5.5,4,ENT,10,Tue,34.2
11,4,15.3,5.1,3,Emergency,6,Tue,42.8
9,4,9.8,4.7,2,Dermatology,20,Sat,30.4
10,6,15.6,10.1,2,Pediatrics,10,Mon,42.4
10,1,5.3,10.1,1,Dermatology,9,Thu,70.2
13,2,18.2,7.3,1,Cardiology,16,Fri,126.4
5,1,4.0,8.7,0,Dermatology,8,Tue,18.8
5,4,10.6,7.4,0,Pediatrics,8,Sun,30.3
7,4,10.0,4.0,1,General Medicine,5,Thu,34.6
7,1,11.5,5.8,0,General Medicine,1,Mon,87.0
12,1,22.9,7.4,4,Emergency,0,Wed,277.8
20,1,12.8,11.9,1,General Medicine,9,Wed,272.3
2,1,19.6,7.2,3,Emergency,23,Tue,42.3
10,2,5.2,3.0,1,Dermatology,6,Sun,34.3
10,4,12.1,3.9,0,Pediatrics,15,Wed,44.5
5,1,16.6,3.8,2,Emergency,7,Thu,84.2
6,1,14.0,5.5,0,Pediatrics,7,Thu,89.3
8,1,10.3,5.0,1,Pediatrics,3,Tue,85.9
5,5,5.9,3.4,1,ENT,13,Thu,17.3
6,1,10.4,7.4,1,Orthopedics,15,Wed,79.9
7,3,14.0,5.3,1,Orthopedics,8,Mon,34.8
5,2,8.9,9.9,1,Pediatrics,12,Wed,37.1
15,3,10.4,6.4,0,ENT,11,Fri,63.9
12,4,8.9,8.0,0,General Medicine,6,Mon,34.3
10,6,12.4,8.0,2,Pediatrics,16,Sat,38.4
7,3,10.4,8.3,3,Cardiology,13,Fri,51.8
7,4,18.2,5.8,2,Cardiology,1,Wed,47.2
21,1,6.8,8.5,1,ENT,11,Fri,143.9
9,6,10.3,10.3,3,Pediatrics,9,Wed,46.7
10,2,12.6,8.6,1,ENT,19,Fri,80.1
15,1,10.7,6.0,2,Dermatology,7,Tue,161.4
9,3,16.0,2.9,3,Orthopedics,22,Fri,69.0
8,3,14.0,5.1,2,Pediatrics,14,Mon,46.2
7,1,22.1,8.7,0,Cardiology,3,Mon,170.5
14,1,13.6,10.5,0,ENT,9,Tue,195.0
6,3,10.2,6.6,1,General Medicine,21,Tue,35.8
11,2,20.2,5.1,0,Cardiology,6,Thu,119.0
14,1,12.3,12.4,2,Pediatrics,16,Tue,189.1
7,2,18.0,6.9,2,Cardiology,18,Tue,79.7
11,6,23.1,9.0,7,Emergency,16,Mon,75.5
3,1,18.1,5.2,1,Cardiology,2,Sun,76.2
7,7,4.0,5.1,2,Dermatology,8,Sat,11.3
4,7,18.8,4.4,1,Orthopedics,8,Tue,26.2
6,6,18.2,7.7,4,Emergency,8,Mon,19.0
7,5,4.0,5.4,0,Dermatology,21,Sat,15.1
12,4,29.6,6.4,2,Emergency,0,Fri,95.5
8,4,4.8,7.2,0,Dermatology,12,Sun,23.2
12,1,10.9,4.9,4,ENT,23,Tue,149.8
11,3,14.8,9.7,2,Cardiology,21,Wed,70.9
6,3,18.7,8.7,5,Emergency,14,Mon,60.0
10,5,5.9,4.7,0,Dermatology,23,Wed,14.5
12,2,12.0,8.7,1,Orthopedics,9,Tue,86.6
15,4,14.6,8.3,0,General Medicine,14,Mon,69.7
8,6,18.8,7.3,0,General Medicine,13,Thu,38.1
9,2,10.0,4.5,0,Pediatrics,1,Sun,50.8
9,4,6.7,4.1,2,General Medicine,0,Fri,33.7
5,1,6.9,2.5,1,Pediatrics,21,Sat,44.2
5,1,9.5,4.4,3,General Medicine,4,Sat,64.8
6,1,20.3,7.6,2,Emergency,8,Sun,115.4
11,6,10.8,8.4,2,General Medicine,14,Mon,35.3
9,5,15.3,7.3,2,ENT,13,Tue,46.2
17,4,14.7,10.6,1,Orthopedics,12,Fri,70.5
9,1,12.4,1.0,2,Pediatrics,23,Sat,113.1
5,7,8.5,7.0,0,ENT,18,Sat,5.9
3,2,19.9,4.9,4,Emergency,22,Sat,36.3
7,7,6.9,3.1,1,Dermatology,15,Wed,9.2
4,1,20.0,10.5,0,Emergency,23,Wed,69.6
12,1,7.5,7.0,1,ENT,14,Mon,96.6
7,6,9.1,7.2,1,ENT,13,Wed,30.4
7,6,8.3,4.6,0,Pediatrics,19,Tue,18.7
5,5,14.8,4.8,2,Dermatology,20,Sun,26.9
6,1,9.2,6.4,1,Dermatology,1,Mon,53.8
6,1,11.7,9.9,1,Pediatrics,21,Wed,89.2
5,4,14.5,8.3,1,Orthopedics,16,Sun,29.4
5,4,4.6,4.7,0,ENT,21,Sun,2.4
8,4,8.0,6.0,0,General Medicine,17,Wed,15.5
5,3,7.5,3.6,1,Dermatology,22,Thu,21.9
10,1,9.4,1.0,0,Pediatrics,6,Thu,84.6
4,1,13.2,3.6,1,General Medicine,4,Sat,76.5
4,4,15.6,5.3,1,Orthopedics,4,Sat,14.4
10,1,6.6,6.2,1,Dermatology,6,Thu,78.7
7,2,18.0,7.4,2,Pediatrics,5,Wed,81.3
10,4,19.0,13.4,2,Cardiology,10,Wed,76.2
14,3,6.7,4.2,1,Dermatology,4,Fri,39.1
4,3,10.9,2.4,1,General Medicine,3,Sat,27.5
13,5,10.2,9.3,0,Dermatology,12,Mon,32.1
5,1,14.3,1.1,2,Orthopedics,19,Sat,83.1
5,1,11.9,5.9,2,ENT,3,Thu,76.4
14,3,9.7,8.1,2,Pediatrics,12,Tue,66.6
2,1,10.8,3.5,2,General Medicine,15,Mon,34.9
16,7,4.0,6.5,2,Dermatology,16,Wed,26.4
10,1,11.1,5.0,0,Dermatology,2,Tue,104.7
16,1,16.7,7.7,2,Emergency,17,Mon,274.0
7,1,11.3,5.3,0,ENT,0,Wed,82.3
6,4,16.2,6.9,4,Cardiology,5,Sat,49.0
8,4,12.6,6.3,4,Pediatrics,7,Sat,62.3
6,2,18.8,6.8,1,Orthopedics,20,Tue,76.6
11,1,6.7,7.4,1,ENT,4,Fri,77.1
11,4,12.5,7.0,1,Orthopedics,18,Thu,44.2
7,1,24.7,5.5,2,Cardiology,23,Sat,182.8
9,3,11.4,4.0,0,Pediatrics,23,Tue,42.9
14,2,20.2,7.2,0,Cardiology,7,Mon,157.0
7,2,5.9,9.7,1,Pediatrics,2,Wed,30.4
1,4,8.9,6.3,0,General Medicine,5,Sun,8.3
14,5,12.6,10.8,1,General Medicine,18,Thu,53.1
6,4,16.9,3.9,0,Cardiology,4,Mon,26.4
8,2,12.0,4.2,1,Orthopedics,15,Sun,57.8
5,2,12.8,4.8,2,General Medicine,8,Sat,50.6
14,4,12.9,11.2,0,Cardiology,18,Thu,61.5
10,3,10.9,2.9,2,Pediatrics,14,Sat,44.6
5,6,9.3,5.9,0,General Medicine,14,Tue,24.2
14,2,14.1,12.4,2,General Medicine,18,Fri,108.5
4,2,18.3,4.4,1,Cardiology,22,Sun,33.0
8,7,21.6,1.6,2,Emergency,8,Thu,16.8
16,3,14.0,6.9,1,Pediatrics,12,Mon,89.0
5,4,8.0,3.0,0,Pediatrics,15,Sat,7.2
8,4,7.1,2.3,1,Pediatrics,19,Sat,35.4
9,1,18.6,7.0,1,Orthopedics,11,Sat,180.7
5,2,13.1,8.4,0,Dermatology,8,Fri,36.8
6,1,18.8,8.8,1,Orthopedics,20,Mon,133.6
11,5,4.0,8.9,1,ENT,22,Mon,14.3
5,6,21.8,3.2,4,Emergency,13,Sat,31.6
6,1,17.2,3.9,2,Emergency,2,Sat,93.7
11,1,20.7,6.0,2,Cardiology,6,Mon,235.1
14,7,8.2,15.0,2,ENT,11,Fri,43.3
11,7,19.0,10.0,5,Emergency,16,Thu,43.5
11,4,6.8,8.9,0,Dermatology,16,Wed,29.0
7,5,13.2,4.4,1,Orthopedics,19,Fri,25.3
8,5,8.2,6.8,2,General Medicine,0,Sun,34.5
7,4,10.9,4.0,0,General Medicine,11,Sat,27.6
10,3,20.4,9.7,1,Emergency,16,Tue,70.8
4,4,22.5,6.0,0,Cardiology,23,Thu,29.8
3,5,16.5,3.7,3,Orthopedics,3,Sun,23.9
11,4,14.1,10.0,2,Orthopedics,21,Tue,57.6
8,4,8.9,5.5,1,Pediatrics,0,Sat,28.6
7,3,4.0,8.2,0,Dermatology,4,Thu,19.1
8,5,7.8,3.8,2,ENT,20,Thu,26.1
9,1,20.4,11.2,3,Emergency,18,Tue,190.3
6,1,13.2,7.1,0,Orthopedics,23,Sun,92.0
12,6,16.4,6.7,1,Cardiology,14,Thu,42.0
10,7,4.6,5.2,2,General Medicine,14,Fri,29.5
11,6,15.8,7.5,1,Emergency,12,Thu,30.2
17,5,14.7,9.2,1,Cardiology,12,Mon,73.3
10,7,15.8,6.0,0,Cardiology,12,Sat,29.7
6,2,5.9,4.9,0,Orthopedics,7,Wed,27.4
8,1,9.4,7.1,2,Pediatrics,20,Tue,91.7
4,2,19.7,4.7,3,Emergency,8,Sat,38.6
6,7,19.2,5.3,1,Cardiology,14,Tue,31.1
8,7,7.7,8.4,1,ENT,16,Fri,19.4
16,4,14.5,5.7,5,General Medicine,12,Thu,81.2
8,1,15.4,4.0,2,Pediatrics,14,Sat,125.3
5,1,4.0,3.6,0,Dermatology,1,Mon,27.4
4,4,8.3,3.5,1,General Medicine,7,Sat,14.3
8,5,13.0,9.7,1,General Medicine,10,Tue,34.0
9,6,9.8,2.7,0,Dermatology,9,Sun,9.5
9,4,11.3,5.5,1,Orthopedics,21,Wed,33.8
7,4,15.1,6.8,1,Pediatrics,21,Mon,34.3
11,1,15.2,6.0,0,Cardiology,17,Thu,167.4
6,2,9.3,4.8,0,Pediatrics,8,Mon,37.2
7,1,14.0,3.4,1,General Medicine,1,Tue,102.3
5,5,16.3,8.1,1,General Medicine,18,Sat,35.9
14,2,9.0,4.8,2,General Medicine,21,Thu,77.4
16,2,12.2,7.7,1,Pediatrics,11,Fri,98.6
6,6,8.7,5.9,3,ENT,19,Sun,31.5
9,1,10.6,5.5,1,Orthopedics,22,Thu,106.1
10,1,10.2,9.6,0,General Medicine,13,Thu,113.7
5,4,8.4,7.1,3,General Medicine,5,Mon,35.1
11,4,20.0,6.9,0,Cardiology,0,Wed,58.5
6,7,4.0,7.3,1,Dermatology,18,Sat,18.8
8,7,16.3,8.6,1,Orthopedics,13,Mon,30.7
10,1,12.0,1.0,0,General Medicine,3,Wed,130.7
15,5,11.0,7.4,0,Pediatrics,1,Mon,34.7
8,4,18.0,2.6,0,Cardiology,23,Sun,32.8
14,1,7.4,3.6,2,Pediatrics,7,Thu,116.4
10,3,21.1,5.7,2,Emergency,7,Fri,72.5
10,5,8.4,5.8,1,Dermatology,15,Fri,22.3
9,2,13.4,2.5,2,Orthopedics,8,Tue,72.4
10,2,27.7,3.6,3,Emergency,21,Mon,145.3
13,2,11.4,6.2,0,Orthopedics,16,Wed,80.1
12,5,13.5,4.3,0,General Medicine,8,Tue,31.1
13,2,21.8,7.0,5,Emergency,6,Wed,163.2
7,4,19.1,5.2,3,Emergency,20,Wed,43.7
4,5,15.7,4.8,1,Orthopedics,14,Sat,28.4
11,5,10.3,4.4,1,ENT,22,Wed,24.7
9,3,9.8,8.7,0,Pediatrics,8,Tue,34.6
5,4,7.3,3.3,1,ENT,0,Sun,20.2
5,2,8.7,7.8,0,ENT,21,Mon,42.0
10,2,7.2,6.1,0,ENT,5,Tue,52.1
10,2,22.1,4.4,3,Cardiology,20,Wed,126.9
8,7,11.6,13.3,0,ENT,17,Mon,24.3
2,2,18.2,6.7,1,Cardiology,5,Sun,23.8
9,7,5.8,8.6,1,Dermatology,18,Wed,14.9
7,3,9.0,6.0,3,Pediatrics,1,Sat,56.9
15,2,16.2,9.0,0,Cardiology,9,Mon,126.2
13,5,14.7,5.5,0,Orthopedics,8,Thu,44.8
7,5,13.2,4.6,1,Cardiology,15,Mon,23.2
7,6,10.3,9.0,2,General Medicine,12,Tue,32.5
6,7,11.7,6.6,1,Orthopedics,14,Wed,11.0
4,1,17.9,6.7,2,Emergency,11,Sun,65.6
13,6,17.5,10.2,0,General Medicine,17,Wed,44.1
5,3,8.0,4.2,0,ENT,3,Sat,11.0
11,7,9.6,6.4,1,ENT,17,Mon,21.5
8,1,17.3,6.8,1,Cardiology,1,Tue,150.7
6,3,13.9,4.5,4,General Medicine,2,Fri,57.5
17,2,10.8,5.6,0,General Medicine,17,Thu,97.3
4,1,8.3,5.5,1,Pediatrics,3,Thu,39.1
16,1,9.9,7.9,1,General Medicine,18,Fri,175.2
8,1,9.8,4.2,1,General Medicine,3,Mon,93.2
8,2,14.5,3.3,1,Pediatrics,3,Fri,58.8
4,1,11.1,4.7,3,Pediatrics,22,Sun,57.2
5,1,6.1,2.8,3,Dermatology,4,Sat,36.7
6,3,11.5,4.0,0,ENT,21,Tue,26.0
8,7,15.4,6.7,2,General Medicine,8,Wed,32.4
10,7,6.9,3.7,2,ENT,19,Sun,23.0
6,3,11.1,4.8,0,General Medicine,22,Sat,25.8
7,1,15.0,3.8,0,Orthopedics,2,Sun,113.0
9,1,9.7,4.8,1,General Medicine,7,Sun,95.0
6,5,10.5,3.0,1,General Medicine,13,Thu,10.6
9,7,10.5,8.8,3,General Medicine,20,Mon,39.3
10,2,17.6,2.4,0,Cardiology,4,Tue,85.5
10,1,27.2,7.6,1,Cardiology,4,Wed,282.1
14,2,12.3,3.8,0,Orthopedics,8,Sat,95.2
6,1,4.6,10.2,0,ENT,4,Tue,42.1
8,1,10.9,6.0,2,Dermatology,6,Wed,94.3
5,4,8.5,5.5,0,Dermatology,3,Sat,19.1
8,3,8.1,1.8,2,ENT,19,Tue,38.1
3,6,20.6,8.4,0,Cardiology,19,Fri,12.4
7,4,14.3,6.8,0,Cardiology,3,Thu,15.9
8,6,10.9,2.6,4,Pediatrics,12,Sun,33.5
8,5,17.4,4.6,4,Cardiology,15,Thu,48.2
5,1,12.1,5.3,0,General Medicine,15,Thu,71.9
10,2,20.2,6.3,2,Emergency,23,Sat,109.7
5,6,22.2,3.6,1,Orthopedics,15,Sun,36.1
8,7,6.5,3.6,1,Dermatology,16,Sat,22.8
9,4,17.5,5.0,2,Emergency,0,Fri,31.8
6,1,19.6,5.2,1,Cardiology,1,Sun,136.7
7,5,23.1,3.9,1,Emergency,14,Sun,16.0
1,4,13.9,5.4,0,Cardiology,21,Sat,1.0
8,6,13.2,4.0,1,General Medicine,9,Wed,18.7
9,1,8.5,9.6,1,General Medicine,15,Fri,92.5
4,5,7.9,5.9,2,General Medicine,5,Tue,23.8
14,4,19.3,9.6,2,Emergency,10,Thu,69.6
15,7,16.0,10.7,0,Cardiology,18,Thu,46.5
8,6,11.1,6.7,1,Orthopedics,15,Sun,27.8
7,2,15.4,8.2,1,Cardiology,2,Thu,67.8
5,2,8.4,2.6,1,Pediatrics,21,Sun,21.5
5,1,21.9,1.0,3,Emergency,22,Sat,108.3
6,5,17.1,7.2,3,Emergency,11,Sat,35.0
6,3,12.2,8.3,0,General Medicine,8,Tue,33.3
11,4,4.0,7.3,1,Dermatology,12,Sat,10.6
7,2,14.3,1.8,1,Orthopedics,19,Tue,66.8
8,2,14.2,13.1,0,General Medicine,10,Fri,72.9
9,5,18.6,4.9,4,Emergency,0,Thu,38.8
5,5,13.6,7.7,0,General Medicine,1,Tue,32.4
5,5,4.2,1.0,0,Pediatrics,19,Sun,1.0
8,5,8.7,9.1,1,General Medicine,18,Sun,30.5
13,1,19.7,11.0,1,Cardiology,18,Fri,262.6
5,4,10.9,5.1,0,ENT,3,Mon,15.3
16,5,20.6,8.6,2,Orthopedics,4,Tue,75.4
12,7,14.1,9.3,0,General Medicine,9,Tue,34.4
5,1,15.5,5.9,0,General Medicine,5,Sun,87.5
13,5,17.1,8.8,3,Emergency,9,Wed,50.9
8,4,8.0,4.6,0,Dermatology,13,Mon,19.7
3,1,15.9,9.6,5,Emergency,6,Fri,64.1
4,4,21.3,5.1,1,Cardiology,2,Sun,25.3
10,5,17.1,6.2,1,Cardiology,9,Thu,51.4
11,2,9.5,9.3,0,Dermatology,17,Thu,62.0
3,4,4.0,7.4,1,ENT,14,Tue,19.9
2,1,10.4,6.4,0,Cardiology,7,Sun,24.8
10,1,20.3,10.3,1,Orthopedics,7,Mon,209.6
7,3,28.4,5.4,0,Cardiology,14,Sun,72.9
8,3,13.1,4.5,1,General Medicine,4,Tue,49.9
12,1,14.6,5.6,0,Pediatrics,20,Mon,179.7
9,5,5.8,8.6,1,Dermatology,20,Wed,15.8
6,2,15.3,4.6,2,Emergency,0,Mon,46.3
10,2,17.0,6.4,1,General Medicine,23,Mon,86.2
7,1,11.6,5.0,0,General Medicine,0,Tue,75.7
14,2,11.4,8.4,1,General Medicine,11,Fri,98.0
5,4,13.0,5.8,0,Dermatology,16,Sat,19.1
8,3,14.0,6.5,1,Orthopedics,7,Tue,51.5
6,3,11.5,5.7,0,Orthopedics,4,Fri,30.5
9,1,7.8,2.8,0,General Medicine,1,Wed,65.2
13,4,20.0,11.5,1,Emergency,17,Thu,63.3
6,1,20.6,8.2,1,Cardiology,0,Wed,135.5
4,4,7.1,6.7,0,Dermatology,11,Sun,13.2
12,6,8.7,11.5,0,ENT,9,Thu,28.2
4,5,9.7,7.5,0,General Medicine,23,Thu,19.5
4,2,6.4,5.8,2,Dermatology,22,Sun,18.0
4,4,22.7,6.7,0,Cardiology,19,Fri,39.6
10,5,8.6,10.5,0,ENT,17,Tue,30.6
8,1,7.7,3.9,1,Pediatrics,13,Tue,72.4
8,3,12.9,5.4,0,Dermatology,8,Wed,38.8
9,1,19.2,3.1,3,Emergency,3,Mon,158.0
12,2,14.5,3.6,3,Orthopedics,23,Fri,105.3
14,2,11.2,11.5,2,General Medicine,9,Thu,99.7
7,1,4.0,9.8,0,Dermatology,10,Mon,32.9
7,1,18.7,5.0,1,Emergency,3,Wed,128.2
4,1,18.6,2.3,1,Cardiology,6,Sat,78.2
4,5,7.7,1.4,0,ENT,15,Sun,15.6
12,7,12.9,3.9,2,Pediatrics,10,Sun,45.5
4,5,9.0,3.0,1,General Medicine,14,Sun,15.6
10,1,20.8,1.0,2,Emergency,5,Fri,206.9
11,3,16.4,6.0,4,Cardiology,1,Sun,81.2
6,4,12.8,4.8,1,Pediatrics,21,Sun,22.2
18,7,13.5,9.8,2,ENT,10,Fri,57.0
7,4,15.6,7.3,1,General Medicine,8,Wed,33.5
2,1,12.2,4.1,0,General Medicine,6,Sun,25.1
8,1,9.9,6.4,0,Pediatrics,15,Wed,86.4
3,4,17.6,5.9,1,Cardiology,13,Tue,23.6
10,1,11.7,11.9,0,Orthopedics,9,Mon,131.2
11,1,12.7,4.2,1,Pediatrics,22,Thu,154.8
6,1,8.6,7.7,0,Orthopedics,21,Mon,66.6
10,1,13.8,3.8,1,Orthopedics,4,Mon,152.0
6,4,22.8,3.7,0,Cardiology,15,Tue,39.7
6,1,13.1,3.0,1,Cardiology,23,Thu,78.3
11,3,21.4,5.1,5,Emergency,11,Thu,87.6
11,4,10.2,6.5,4,Dermatology,0,Thu,43.1
8,5,13.2,3.9,1,Orthopedics,3,Thu,30.6
11,2,16.8,6.9,2,Emergency,16,Sun,100.5
9,1,12.9,9.3,1,Cardiology,21,Tue,133.2
5,1,8.5,5.1,1,Pediatrics,3,Thu,51.9
7,3,12.6,6.7,0,Orthopedics,13,Fri,41.7
9,4,4.0,11.1,1,Dermatology,11,Tue,20.8
9,1,10.9,6.6,1,Dermatology,6,Tue,104.1
10,4,12.3,6.2,3,Orthopedics,15,Mon,54.5
10,3,11.3,2.6,1,Pediatrics,21,Wed,47.5
5,2,7.3,6.2,0,Pediatrics,5,Tue,21.8
10,1,13.5,7.2,0,General Medicine,1,Tue,135.5
8,4,9.6,9.6,0,ENT,8,Tue,31.7
9,3,21.0,5.3,1,Cardiology,7,Fri,71.4
6,4,13.1,8.7,0,Cardiology,17,Sat,27.5
17,6,6.6,7.8,3,ENT,12,Thu,37.0
8,5,10.7,7.9,1,Dermatology,0,Mon,24.9
5,7,6.0,2.5,2,Dermatology,8,Sat,10.5
12,2,10.8,9.2,0,General Medicine,17,Tue,72.3
12,2,10.6,7.7,0,ENT,11,Mon,67.7
4,2,19.0,6.0,2,Emergency,13,Thu,28.0
12,3,8.3,6.0,1,Dermatology,6,Wed,39.5
11,3,14.6,6.2,0,Orthopedics,7,Wed,65.3
9,1,13.9,2.6,1,Orthopedics,3,Sun,133.2
6,1,15.8,5.9,1,Emergency,1,Mon,82.3
6,1,10.5,6.7,2,General Medicine,0,Mon,74.1
5,2,19.6,5.3,0,Cardiology,14,Fri,49.0
9,4,11.0,4.3,1,General Medicine,3,Wed,28.4
5,4,21.4,2.7,2,Emergency,13,Sat,18.6
6,5,11.0,8.0,1,General Medicine,22,Mon,22.8
18,7,13.4,9.0,2,General Medicine,16,Wed,66.9
9,2,13.1,8.8,2,Orthopedics,13,Tue,74.1
9,1,6.4,5.5,2,Pediatrics,2,Mon,60.7
9,5,20.5,8.7,0,Cardiology,11,Thu,53.4
7,1,11.6,5.3,1,Orthopedics,21,Sat,92.5
17,6,12.9,10.1,0,Orthopedics,9,Tue,53.6
5,5,18.0,6.9,2,Cardiology,19,Sat,33.7
11,3,12.5,4.7,2,Cardiology,17,Thu,67.5
11,2,18.2,7.0,3,Emergency,6,Thu,106.4
2,1,16.0,2.1,0,Cardiology,3,Sun,40.1
4,1,17.1,5.8,1,Cardiology,0,Wed,84.9
8,4,8.2,3.8,1,ENT,6,Tue,22.7
4,1,8.5,4.6,0,Pediatrics,7,Sat,40.7
7,4,8.4,3.9,3,ENT,15,Mon,38.3
6,6,24.3,1.0,2,Emergency,13,Sun,21.5
8,2,22.0,4.0,0,Orthopedics,11,Sat,98.7
14,4,11.4,8.6,2,Pediatrics,17,Sun,72.8
15,1,14.0,10.3,0,Orthopedics,18,Thu,218.8
14,1,7.2,11.5,0,Pediatrics,17,Fri,113.0
5,5,6.7,1.0,0,ENT,21,Sun,1.0
7,6,19.2,9.6,7,Emergency,8,Mon,40.5
10,4,12.3,10.8,1,ENT,19,Wed,43.4
11,3,8.8,6.9,0,General Medicine,10,Thu,42.8
9,2,16.0,6.7,0,Orthopedics,4,Fri,78.6
5,2,7.4,4.7,1,ENT,3,Fri,24.6
7,1,17.8,5.7,1,Orthopedics,2,Sun,134.4
12,1,7.8,9.3,1,ENT,22,Thu,105.2
7,1,6.6,4.0,0,ENT,4,Tue,49.5
9,5,12.8,3.4,0,Orthopedics,20,Tue,18.3
7,3,14.1,5.8,1,ENT,18,Sat,52.1
11,5,14.8,16.3,1,Orthopedics,10,Thu,54.5
11,1,15.2,7.7,1,General Medicine,21,Fri,176.6
7,1,16.0,7.0,0,Orthopedics,21,Thu,118.5
7,1,19.7,6.3,0,Cardiology,22,Sat,140.3
13,3,10.8,11.3,1,General Medicine,11,Tue,71.0
7,1,19.6,6.7,1,Emergency,7,Tue,125.4
3,5,14.7,4.1,1,Cardiology,1,Sat,18.3
11,5,8.9,4.8,1,General Medicine,20,Thu,39.0
5,4,19.2,4.6,9,Emergency,20,Sat,45.8
8,2,6.9,11.3,1,Dermatology,12,Mon,27.3
5,1,11.5,8.2,1,General Medicine,1,Tue,70.3
7,7,12.2,3.1,2,Pediatrics,19,Sun,22.7
4,1,20.5,4.0,1,Orthopedics,7,Sat,89.7
14,7,14.9,3.6,1,Cardiology,13,Mon,34.3
4,7,9.0,6.3,1,Dermatology,15,Sat,13.2
6,1,13.1,7.0,2,Orthopedics,3,Mon,100.1
4,1,4.0,5.5,0,ENT,1,Mon,19.0
3,4,19.0,3.4,2,General Medicine,1,Sun,27.5
7,5,8.7,4.1,0,ENT,23,Mon,12.6
9,1,18.7,6.2,4,Emergency,22,Wed,189.7
14,7,20.6,12.0,0,Cardiology,10,Mon,61.8
18,4,25.1,7.4,1,Cardiology,10,Fri,137.3
14,6,15.8,6.2,1,Orthopedics,9,Mon,53.6
9,4,27.5,6.2,2,Emergency,8,Wed,54.6
7,5,11.8,8.4,1,General Medicine,13,Wed,26.1
8,7,17.9,7.9,0,Orthopedics,8,Fri,34.1
9,2,9.5,8.4,1,General Medicine,14,Thu,54.8
13,3,17.5,8.0,4,Emergency,9,Tue,90.5
6,4,18.8,7.8,3,Cardiology,15,Thu,48.4
10,1,23.9,6.7,1,Emergency,22,Thu,240.8
7,1,7.4,5.5,1,ENT,4,Wed,74.3
6,3,20.7,6.1,2,Cardiology,1,Thu,48.7
12,6,19.1,10.6,1,Cardiology,12,Wed,45.2
8,3,9.1,7.1,1,Pediatrics,2,Wed,35.2
7,3,20.1,5.3,1,Cardiology,5,Sat,57.0
16,3,6.6,10.3,1,ENT,18,Tue,48.3
18,7,23.1,8.2,3,Emergency,10,Wed,68.4
3,6,17.3,3.4,3,Cardiology,13,Mon,22.6
12,4,22.2,7.6,4,Emergency,18,Fri,71.8
6,3,20.6,7.8,5,Emergency,3,Fri,57.2
13,6,18.3,6.2,3,Cardiology,11,Fri,63.7
9,1,7.8,6.0,0,Cardiology,0,Tue,79.0
11,4,10.3,9.3,0,General Medicine,11,Thu,50.9
6,1,7.0,7.5,2,Pediatrics,5,Wed,57.0
8,1,21.7,1.7,3,Emergency,21,Sat,166.8
5,3,11.3,1.5,0,General Medicine,6,Wed,22.2
9,4,10.0,4.9,1,Orthopedics,4,Wed,21.7
6,3,10.7,7.1,0,ENT,0,Thu,41.8
6,5,9.5,7.0,0,Pediatrics,3,Sat,29.8
8,1,19.8,4.7,0,Emergency,5,Fri,157.1
6,1,10.4,2.5,1,ENT,5,Sat,55.4
13,2,12.8,9.5,0,General Medicine,17,Wed,91.8
6,4,16.0,8.4,3,Pediatrics,21,Sat,45.9
8,1,10.7,5.1,0,Dermatology,20,Sun,87.5
5,1,20.2,7.1,2,Emergency,22,Thu,106.6
10,5,21.0,9.9,2,Emergency,21,Fri,53.2
2,3,7.4,8.2,1,Dermatology,10,Sun,23.5
10,4,10.5,6.6,2,General Medicine,9,Sat,46.8
9,7,10.6,3.8,0,Dermatology,15,Tue,12.4
6,2,16.8,4.3,1,General Medicine,7,Sat,59.5
6,2,11.5,7.4,1,General Medicine,14,Thu,51.8
10,1,10.6,3.9,1,ENT,23,Tue,107.9
8,1,15.3,7.9,1,Cardiology,4,Wed,134.6
8,4,10.9,6.1,0,ENT,18,Sun,39.0
10,3,5.2,3.8,0,Dermatology,22,Sun,20.9
8,7,12.6,4.4,1,General Medicine,12,Sat,30.1
7,4,19.3,4.9,2,Cardiology,8,Sun,49.5
6,5,12.0,7.4,0,Dermatology,6,Fri,24.2
7,1,11.8,2.1,0,Cardiology,4,Sat,88.4
5,2,22.8,7.0,1,Cardiology,7,Tue,80.7
13,3,21.6,10.8,0,Cardiology,17,Wed,104.2
8,7,21.6,10.7,4,Emergency,12,Tue,34.1
5,5,11.1,4.7,3,General Medicine,5,Sun,18.3
8,3,23.2,5.4,1,Emergency,13,Fri,57.2
5,7,13.7,3.7,2,Dermatology,19,Sun,22.7
6,3,7.2,3.2,0,Dermatology,0,Wed,20.8
12,2,19.4,4.7,2,Orthopedics,0,Wed,130.2
15,1,21.0,5.4,2,Cardiology,23,Fri,337.4
5,1,18.8,7.4,4,Orthopedics,17,Thu,120.5
13,5,12.4,6.3,0,Pediatrics,13,Wed,32.8
10,1,20.1,9.0,1,Emergency,21,Wed,206.0
9,5,14.5,9.3,1,Cardiology,14,Thu,37.8
12,3,6.6,7.8,0,Dermatology,12,Mon,28.1
10,1,14.1,9.5,2,General Medicine,5,Tue,168.1
7,7,7.4,8.3,1,Dermatology,19,Mon,24.2
12,7,4.0,7.6,0,ENT,18,Tue,18.6
5,1,18.2,7.0,5,Emergency,7,Tue,100.2
11,2,8.7,9.0,0,General Medicine,17,Mon,52.1
17,5,18.8,4.9,1,Cardiology,17,Mon,76.7
4,4,20.6,1.6,0,Cardiology,2,Sat,24.2
13,2,18.7,7.4,1,Cardiology,3,Tue,132.4
11,7,7.6,2.9,1,General Medicine,14,Thu,22.6
6,4,16.9,9.6,0,Cardiology,14,Mon,37.7
7,3,11.9,6.2,3,Orthopedics,15,Sun,44.0
14,5,8.6,7.4,1,ENT,8,Tue,30.6
9,7,12.3,1.1,1,Pediatrics,20,Sat,20.9
10,5,18.3,11.1,0,Cardiology,10,Fri,47.9
8,4,9.1,6.1,1,ENT,4,Sat,27.6
12,5,16.8,7.8,1,General Medicine,2,Fri,53.1
7,4,5.4,7.9,0,Dermatology,21,Thu,13.9
6,7,11.4,9.8,3,Dermatology,16,Sat,25.3
9,1,11.2,4.8,1,General Medicine,11,Sat,114.1
5,1,19.6,5.6,0,General Medicine,5,Wed,102.7
3,2,8.9,2.4,0,Dermatology,2,Sun,13.2
6,4,4.6,5.8,0,Pediatrics,3,Sun,8.7
9,2,18.9,3.7,4,Emergency,2,Sat,87.6
5,6,14.2,3.6,0,Cardiology,12,Sun,19.4
9,5,21.4,6.2,1,Orthopedics,4,Mon,41.9
3,1,7.9,2.0,2,Pediatrics,3,Thu,41.8
4,2,12.8,6.1,1,ENT,6,Fri,40.4
11,6,14.9,6.5,1,General Medicine,16,Sun,39.4
6,3,11.5,8.1,2,Orthopedics,11,Mon,43.9
3,1,10.5,6.2,2,Orthopedics,3,Sat,39.6
17,3,13.0,5.4,3,Pediatrics,17,Mon,94.2
14,6,14.0,9.2,2,Orthopedics,11,Wed,41.5
7,5,18.1,6.4,2,Cardiology,4,Fri,46.5
12,2,9.5,8.9,2,ENT,16,Wed,70.3
7,3,4.0,6.7,2,General Medicine,23,Sat,30.2
12,5,19.8,5.0,3,Emergency,12,Sun,44.7
9,2,23.4,5.8,4,Emergency,3,Tue,113.7
8,5,4.0,6.2,3,ENT,7,Tue,26.4
8,6,22.5,5.2,5,Emergency,14,Mon,41.5
8,1,14.3,2.9,0,Orthopedics,23,Fri,121.7
10,1,4.6,7.2,0,Dermatology,22,Sun,43.2
12,1,9.0,4.4,2,Dermatology,22,Fri,105.7
15,6,17.9,4.5,1,Cardiology,19,Mon,50.0
4,4,14.1,1.5,2,Pediatrics,13,Tue,30.3
6,5,16.3,6.1,1,Cardiology,15,Mon,28.6
9,2,23.9,9.3,3,Emergency,17,Thu,111.8
8,2,19.9,8.8,1,Emergency,17,Sat,90.0
9,2,19.3,5.2,0,Cardiology,15,Tue,86.8
6,1,8.9,4.7,0,Pediatrics,3,Sat,64.9
8,1,5.1,8.0,0,Dermatology,21,Tue,39.4
6,2,14.8,8.8,1,General Medicine,0,Thu,52.7
10,6,9.9,9.7,0,Pediatrics,10,Fri,33.3
11,6,17.0,8.3,2,Cardiology,10,Thu,53.0
7,1,23.0,8.4,2,Emergency,23,Thu,159.0
12,1,19.5,8.5,0,Orthopedics,2,Wed,231.7
16,1,16.4,5.5,0,Cardiology,11,Thu,268.3
7,7,19.9,6.7,3,Orthopedics,8,Tue,39.0
8,1,15.7,8.0,3,Cardiology,2,Wed,158.4
7,2,12.6,5.6,1,General Medicine,5,Sat,47.5
6,5,11.6,5.8,0,ENT,10,Sun,19.4
2,4,4.0,3.2,2,ENT,21,Sat,13.2
13,1,12.1,11.8,2,Orthopedics,9,Wed,178.6
10,1,8.7,6.5,0,Pediatrics,21,Wed,91.1
13,7,8.8,8.6,1,Dermatology,17,Mon,22.6
8,4,10.0,5.7,0,Pediatrics,19,Tue,25.8
9,2,4.6,6.0,1,General Medicine,20,Fri,33.7
12,7,10.8,8.7,0,General Medicine,17,Tue,34.3
10,5,15.3,8.6,2,Emergency,17,Sat,35.7
5,2,13.1,6.9,0,Orthopedics,3,Mon,37.7
15,2,10.9,9.7,1,General Medicine,17,Wed,104.4
3,4,20.6,5.6,3,Emergency,1,Tue,21.0
9,6,8.6,10.2,2,Pediatrics,17,Thu,34.8
5,5,15.1,4.2,1,Orthopedics,15,Mon,19.3
8,6,10.3,9.4,1,General Medicine,18,Wed,36.1
6,3,10.0,1.0,1,ENT,15,Sat,25.6
8,6,5.0,3.7,1,ENT,8,Sat,20.4
7,6,7.8,5.0,1,Dermatology,8,Tue,11.6
11,1,6.5,5.9,0,Pediatrics,14,Thu,74.5
15,4,13.8,8.2,1,Orthopedics,11,Fri,56.2
11,6,20.6,7.0,5,Emergency,8,Thu,51.8
13,3,5.3,7.6,1,Dermatology,11,Thu,25.0
18,3,11.6,10.7,0,General Medicine,12,Wed,76.3
2,3,7.9,7.3,2,ENT,5,Sat,27.3
10,1,14.1,3.8,2,Dermatology,15,Fri,151.7
6,1,19.0,5.4,1,Cardiology,7,Sun,119.3
4,1,10.4,3.7,0,ENT,6,Sat,29.9
11,7,9.3,10.9,1,General Medicine,10,Wed,24.4
5,1,4.4,3.8,1,General Medicine,2,Wed,43.4
6,1,10.1,8.4,0,General Medicine,14,Mon,71.5
16,4,5.1,8.3,0,Pediatrics,17,Fri,25.8
4,5,20.6,3.8,6,Emergency,22,Sat,34.6
7,1,9.7,5.6,3,ENT,6,Wed,82.7
9,4,8.5,6.8,0,Dermatology,12,Mon,16.3
6,7,14.7,7.9,2,Orthopedics,12,Sat,31.4
13,5,17.3,7.8,2,Emergency,17,Tue,47.8
8,5,7.7,7.0,1,Pediatrics,14,Fri,16.6
9,7,21.2,5.5,4,Emergency,19,Mon,32.8
8,1,17.9,5.6,0,General Medicine,20,Mon,143.3
5,5,12.6,6.2,2,General Medicine,2,Sun,30.0
6,2,13.0,3.0,1,General Medicine,8,Fri,45.7
10,6,13.6,1.4,0,Dermatology,15,Mon,25.6
7,6,9.9,4.6,1,Pediatrics,13,Mon,13.6
13,6,15.1,8.8,1,Cardiology,11,Thu,49.1
10,1,19.1,5.5,1,Cardiology,4,Fri,197.4
5,4,12.9,4.5,1,Dermatology,13,Wed,24.8
10,4,17.6,9.6,0,Orthopedics,17,Sun,42.4
8,1,12.6,8.5,1,General Medicine,0,Fri,122.1
5,7,9.2,1.0,2,Orthopedics,14,Fri,21.1
8,2,10.4,4.7,2,Orthopedics,21,Wed,56.0
8,6,9.0,6.8,1,Dermatology,13,Fri,28.7
5,3,6.9,4.9,1,Dermatology,22,Sun,13.4
12,1,11.7,4.4,0,General Medicine,8,Mon,154.2
3,1,10.9,6.8,1,Dermatology,0,Sat,44.2
7,7,8.2,4.5,1,General Medicine,16,Sun,16.4
14,3,7.1,5.9,2,ENT,5,Thu,58.0
10,1,18.6,4.0,1,Orthopedics,0,Sat,197.0
7,2,11.2,6.5,1,Orthopedics,4,Wed,49.4
14,2,21.5,4.8,2,Cardiology,22,Tue,169.2
13,6,16.1,7.3,1,Orthopedics,18,Sat,45.3
3,5,7.6,4.3,3,Dermatology,6,Wed,10.1
12,5,20.4,4.9,0,Emergency,14,Sat,42.1
7,2,9.1,4.9,2,Dermatology,8,Wed,42.5
7,5,20.0,8.8,1,Cardiology,4,Wed,43.0
12,1,11.9,5.5,2,Cardiology,23,Fri,157.1
9,3,21.8,6.3,0,Cardiology,19,Wed,70.0
7,2,8.7,6.4,1,Dermatology,8,Sat,32.4
4,5,21.5,6.4,0,Cardiology,8,Mon,31.1
2,7,19.3,7.6,0,Cardiology,19,Mon,15.6
5,5,21.5,6.6,0,Orthopedics,11,Mon,30.0
14,1,12.9,10.1,3,Orthopedics,9,Tue,195.8
9,3,22.9,8.6,0,Cardiology,9,Mon,83.6
13,2,6.4,10.7,0,ENT,10,Wed,50.5
10,5,19.6,10.0,0,Cardiology,12,Mon,48.2
5,1,11.2,5.2,2,Dermatology,0,Sat,68.7
10,3,8.1,10.4,1,Dermatology,11,Tue,34.1
6,7,12.2,8.4,1,Cardiology,10,Sun,24.4
1,4,20.4,1.0,5,Emergency,6,Sat,12.0
9,4,8.6,4.4,1,Pediatrics,8,Fri,29.9
7,7,22.7,6.3,2,Emergency,10,Sat,24.1
3,5,12.3,1.9,1,Orthopedics,8,Sat,15.5
12,1,16.4,3.7,1,Cardiology,21,Sat,210.5
9,3,8.0,9.4,0,Pediatrics,12,Thu,36.9
15,5,17.1,12.2,1,Cardiology,12,Fri,79.0
12,1,15.3,7.4,2,Orthopedics,6,Thu,198.6
7,5,10.7,7.4,1,ENT,21,Fri,28.0
9,1,13.5,6.1,1,General Medicine,0,Wed,146.3
4,5,4.2,2.5,0,Dermatology,13,Mon,1.0
7,1,17.4,2.8,4,Emergency,4,Sun,122.7
14,3,16.2,5.7,2,Cardiology,18,Fri,88.7
15,3,17.0,10.1,2,Cardiology,9,Fri,114.8
7,3,6.4,6.2,0,ENT,7,Tue,25.6
2,5,7.8,4.6,1,Pediatrics,1,Sat,17.8
16,3,11.9,10.0,1,Dermatology,18,Thu,72.9
19,1,10.9,8.1,1,Pediatrics,9,Mon,216.2
6,2,5.7,1.6,1,ENT,6,Sun,17.2
8,4,16.2,3.3,2,Orthopedics,20,Sun,42.6
3,5,6.8,5.1,1,Dermatology,0,Sun,15.4
7,2,13.5,5.6,2,Dermatology,11,Thu,56.2
12,1,8.1,6.4,1,Pediatrics,3,Tue,111.4
9,1,7.5,3.6,1,ENT,3,Mon,64.1
4,5,17.1,5.4,2,Cardiology,0,Sat,26.0
6,4,11.7,1.6,1,Orthopedics,4,Sun,19.7
12,4,10.4,7.6,0,ENT,22,Mon,41.7
13,5,20.1,6.2,6,Emergency,10,Fri,79.0
10,1,13.0,4.1,1,General Medicine,23,Mon,145.2
3,4,20.1,5.6,5,Emergency,6,Sat,23.9
10,7,8.6,8.6,1,Dermatology,18,Mon,13.7
7,1,22.9,1.0,0,Cardiology,2,Sun,163.8
11,1,10.6,7.4,1,ENT,2,Tue,131.0
9,3,9.6,1.8,1,Orthopedics,0,Wed,36.2
6,5,12.9,5.6,1,General Medicine,21,Fri,23.1
10,5,12.5,10.4,1,ENT,16,Sat,45.9
6,5,4.0,9.2,3,Dermatology,17,Wed,21.4
6,1,6.5,3.5,2,Pediatrics,22,Sun,43.6
10,2,9.8,5.9,0,Dermatology,7,Mon,59.0
13,2,10.9,6.8,0,Dermatology,17,Thu,75.9
9,4,8.5,6.6,1,Dermatology,12,Sun,33.4
8,7,16.3,10.3,0,Orthopedics,13,Tue,36.0
10,7,19.1,5.1,1,Orthopedics,15,Thu,42.2
8,5,13.5,7.4,0,Orthopedics,11,Thu,44.1
13,4,5.2,6.9,1,Dermatology,0,Wed,28.9
4,2,19.2,5.7,0,Emergency,1,Sat,22.5
12,4,15.5,9.2,1,Orthopedics,12,Thu,55.7
12,3,20.9,5.4,4,Emergency,13,Fri,89.5
13,6,20.3,10.1,0,Cardiology,17,Thu,47.5
3,1,20.0,1.3,0,Orthopedics,13,Sun,54.2
8,2,12.6,5.0,1,General Medicine,4,Thu,68.1
11,3,5.2,1.0,3,ENT,8,Sat,37.5
14,6,6.7,8.8,1,ENT,10,Fri,35.0
7,2,20.4,3.8,2,Emergency,23,Sat,65.1
8,5,12.4,8.4,0,Dermatology,12,Sun,19.5
10,6,14.0,4.3,2,General Medicine,15,Tue,34.7
9,2,15.3,11.1,0,Cardiology,17,Wed,88.2
8,6,6.0,5.6,2,Dermatology,8,Wed,16.7
10,1,17.1,7.3,0,Cardiology,23,Thu,184.6
13,5,18.2,10.5,0,Cardiology,16,Thu,69.9
9,6,7.2,6.1,0,Dermatology,20,Mon,11.2
7,1,6.4,6.8,2,ENT,17,Sun,54.0
2,2,6.7,3.0,1,ENT,14,Sun,25.3
11,1,17.8,8.4,0,Cardiology,0,Fri,208.7
3,7,10.6,11.4,2,Pediatrics,14,Wed,20.8
4,1,15.1,1.3,1,Cardiology,3,Sat,61.3
10,4,21.0,6.1,2,Emergency,14,Tue,59.1
7,3,14.4,8.4,1,ENT,16,Wed,46.6
5,1,9.6,5.1,1,ENT,13,Sun,51.9
4,1,12.8,1.0,2,General Medicine,7,Sun,53.5
7,4,15.9,3.9,0,Emergency,1,Fri,21.9
10,3,12.2,12.5,2,Pediatrics,16,Tue,67.1
8,6,18.3,11.9,2,Emergency,16,Mon,41.6
3,6,21.2,3.1,1,Cardiology,11,Sun,3.2
11,5,25.4,12.9,3,Emergency,17,Tue,69.0
13,2,18.0,7.5,2,Emergency,18,Fri,113.8
16,7,6.1,10.7,0,Dermatology,12,Wed,13.0
5,3,21.6,5.8,2,Emergency,1,Thu,35.0
7,6,5.2,4.7,0,ENT,20,Sun,13.9
12,7,8.3,9.3,0,Dermatology,11,Fri,26.6
11,6,9.1,10.9,1,Pediatrics,16,Thu,44.5
10,2,11.8,5.0,0,General Medicine,21,Wed,58.7
0,4,11.9,9.8,1,Cardiology,8,Tue,17.3
8,1,9.5,8.3,0,Dermatology,14,Thu,78.0
11,4,15.4,5.3,1,Dermatology,0,Thu,39.9
11,1,16.8,6.2,1,Cardiology,21,Mon,202.8
4,1,13.7,6.3,2,Cardiology,1,Wed,76.4
10,4,11.4,8.3,1,ENT,12,Fri,44.6
11,4,17.4,5.4,2,Emergency,8,Mon,50.5
3,5,8.1,5.9,0,Dermatology,0,Sun,4.6
8,5,9.9,7.6,0,General Medicine,11,Sun,27.0
9,4,4.7,5.0,2,ENT,22,Fri,25.6
4,4,15.9,6.2,1,Orthopedics,4,Mon,26.0
13,3,5.9,4.1,1,Dermatology,7,Thu,34.1
5,1,13.2,7.7,3,Cardiology,4,Sun,83.7
8,1,20.9,7.6,3,Emergency,2,Mon,179.4
4,2,26.6,4.1,1,Cardiology,5,Sat,69.8
3,6,12.1,4.6,2,ENT,13,Sat,23.1
12,1,11.9,10.7,0,General Medicine,18,Mon,156.3
13,6,29.1,8.0,2,Emergency,16,Tue,64.3
10,4,4.7,6.3,0,Pediatrics,18,Sat,17.0
4,4,16.7,7.7,0,Orthopedics,17,Sun,28.1
12,4,13.5,3.9,0,Dermatology,9,Sat,34.9
12,2,16.9,7.1,1,Emergency,21,Thu,93.4
10,1,18.9,11.0,1,Cardiology,4,Fri,200.7
11,4,16.1,5.7,0,Cardiology,16,Thu,48.8
8,1,11.0,7.8,1,General Medicine,2,Fri,95.9
7,3,21.2,3.9,5,Emergency,18,Sat,52.1
8,1,6.7,3.2,0,General Medicine,2,Mon,53.2
5,3,9.0,5.2,1,General Medicine,5,Tue,24.6
15,7,18.1,10.1,2,Cardiology,9,Mon,57.1
8,1,6.7,7.4,0,General Medicine,16,Sat,64.2
5,2,8.9,4.0,0,Pediatrics,1,Sat,33.0
9,1,4.4,3.9,2,ENT,6,Mon,54.2
8,1,4.6,5.7,1,ENT,8,Mon,41.1
14,6,17.8,5.4,1,Orthopedics,17,Tue,58.0
5,1,8.3,7.7,1,Dermatology,23,Tue,49.0
9,4,8.3,5.2,3,ENT,14,Thu,38.5
9,5,8.7,11.2,2,Pediatrics,12,Thu,39.3
8,2,9.9,4.1,0,ENT,8,Wed,46.0
2,7,7.6,7.1,1,ENT,19,Tue,25.4
10,5,5.7,2.5,0,Dermatology,2,Fri,8.6
7,5,13.1,6.9,1,Pediatrics,3,Sat,36.6
8,1,8.2,6.9,0,Pediatrics,4,Fri,73.6
4,2,19.0,3.5,1,Orthopedics,6,Sat,46.8
7,2,13.3,5.4,2,Orthopedics,11,Sun,59.3
7,3,22.3,3.6,5,Emergency,22,Sat,52.2
9,3,8.8,6.0,1,Dermatology,15,Fri,36.1
6,7,19.7,5.8,1,Cardiology,9,Mon,32.1
7,1,18.9,5.3,1,Cardiology,5,Wed,125.9
10,2,22.1,5.4,3,Emergency,15,Wed,113.9
9,2,22.4,8.0,2,Cardiology,6,Fri,118.9
6,5,7.4,3.2,1,Pediatrics,23,Sat,16.5
12,1,16.5,6.9,0,General Medicine,11,Fri,208.6
7,6,14.1,5.9,1,Orthopedics,13,Wed,25.1
1,4,4.0,5.4,0,ENT,21,Sat,8.5
10,5,20.1,6.2,1,Cardiology,7,Fri,62.0
13,4,17.5,6.4,0,Orthopedics,11,Sat,54.6
15,7,19.5,9.1,2,Cardiology,12,Fri,63.8
6,1,19.0,5.7,6,Emergency,6,Fri,127.7
13,1,17.2,4.9,7,Emergency,1,Wed,239.2
9,1,8.4,4.4,0,Pediatrics,6,Wed,88.9
5,2,12.5,6.1,0,General Medicine,2,Tue,38.9
12,1,9.2,9.6,0,Pediatrics,16,Tue,120.5
5,1,4.9,6.1,1,Dermatology,0,Fri,31.5
9,5,17.2,2.4,2,Cardiology,7,Wed,35.2
10,1,17.5,7.9,4,Emergency,21,Mon,193.1
9,2,7.0,3.3,2,ENT,13,Mon,46.6
7,6,20.2,3.7,0,Cardiology,16,Sun,24.0
14,3,6.4,6.9,0,Pediatrics,16,Thu,35.4
6,5,16.0,5.1,1,Orthopedics,7,Fri,29.7
5,2,8.4,4.0,0,Pediatrics,15,Sun,31.0
8,2,18.8,8.0,0,Cardiology,5,Mon,79.4
9,1,7.2,6.2,2,Pediatrics,15,Sun,75.5
9,6,14.3,5.5,1,Orthopedics,16,Fri,35.5
12,5,9.4,2.4,1,General Medicine,21,Fri,26.1
7,1,8.9,8.1,0,Dermatology,22,Thu,64.8
11,3,14.5,5.6,1,Emergency,0,Fri,50.9
5,2,17.7,3.9,2,Cardiology,7,Tue,47.5
8,7,14.0,7.2,1,Cardiology,13,Wed,33.7
4,1,18.0,6.5,3,Emergency,7,Sun,72.8
6,7,17.0,6.8,1,Cardiology,14,Tue,38.4
6,6,11.1,2.7,0,ENT,20,Sat,25.4
2,2,9.9,1.0,0,Orthopedics,6,Sun,19.5
8,1,12.3,7.0,2,Cardiology,21,Fri,110.6
6,1,21.3,5.7,2,Cardiology,21,Wed,136.6
2,1,7.9,2.5,1,ENT,21,Sat,21.5
8,1,4.0,1.1,1,ENT,1,Sat,42.3
4,1,16.7,6.4,0,Cardiology,7,Thu,79.4
9,3,10.5,4.9,0,General Medicine,2,Mon,36.4
8,1,18.2,6.3,2,Emergency,2,Thu,131.8
6,1,20.6,7.8,4,Emergency,1,Thu,135.1
14,6,4.9,7.6,1,Pediatrics,10,Tue,15.2
14,1,15.1,10.2,1,Orthopedics,2,Wed,228.9
5,1,18.5,5.8,7,Emergency,7,Tue,112.5
15,5,14.7,7.5,1,Orthopedics,23,Fri,51.1
9,1,10.6,4.9,3,Dermatology,21,Thu,119.1
4,1,11.0,5.4,0,Dermatology,22,Sat,45.8
6,1,24.7,4.2,3,Emergency,0,Thu,154.4
10,1,6.2,7.3,1,General Medicine,15,Fri,81.1
10,6,19.0,9.2,4,Cardiology,15,Sat,54.1
17,1,20.2,3.8,2,Cardiology,3,Tue,358.1
6,1,6.1,1.3,0,Dermatology,21,Thu,24.9
12,7,9.8,5.1,1,Pediatrics,9,Sat,26.3
4,1,18.9,6.6,0,Orthopedics,23,Fri,79.2
4,1,9.3,6.2,1,Pediatrics,2,Tue,48.0
4,2,11.8,3.4,0,Dermatology,15,Sat,21.7
7,1,19.7,8.1,1,Emergency,3,Tue,132.2
4,5,13.3,3.3,0,General Medicine,22,Sun,20.1
10,6,12.7,7.8,1,Pediatrics,14,Fri,37.5
6,3,11.6,5.2,1,Orthopedics,1,Wed,32.9
8,4,21.2,4.2,2,Emergency,5,Tue,55.7
2,1,16.5,4.4,3,Cardiology,8,Sun,43.5
6,2,13.5,6.3,0,Pediatrics,0,Thu,40.7
1,3,14.0,7.9,1,Orthopedics,0,Sat,27.0
2,4,7.9,5.1,2,ENT,22,Sat,23.5
9,5,12.4,6.6,0,Orthopedics,23,Mon,37.1
10,6,11.8,9.2,0,General Medicine,12,Fri,39.4
7,3,9.6,4.9,3,Dermatology,21,Wed,43.6
7,2,15.2,3.7,2,Orthopedics,15,Sun,60.7
9,2,16.6,5.0,0,Pediatrics,0,Tue,79.9
7,4,6.6,9.3,0,Dermatology,17,Mon,22.0
7,1,5.4,2.9,0,Dermatology,0,Fri,28.2
13,5,9.6,2.5,0,Pediatrics,19,Thu,23.8
7,5,13.0,4.5,2,General Medicine,8,Thu,42.4
9,4,8.2,4.3,3,General Medicine,3,Tue,28.5
5,1,11.9,6.6,0,Dermatology,6,Thu,65.6
10,2,8.2,5.2,1,ENT,16,Sun,51.7
6,2,13.1,5.2,1,Dermatology,20,Sat,47.4
3,2,13.0,2.9,1,ENT,13,Sun,19.6
6,5,17.0,10.4,0,Orthopedics,3,Wed,35.9
5,1,8.9,3.7,2,ENT,21,Sun,46.9
8,5,5.0,9.8,0,Dermatology,18,Wed,12.7
7,7,13.1,5.0,1,Orthopedics,9,Sun,22.4
2,1,16.8,3.3,4,Emergency,13,Sun,40.0
11,4,16.6,6.8,5,Emergency,23,Tue,66.3
6,5,8.9,6.3,1,Dermatology,9,Sun,12.0
2,5,21.0,7.4,3,Emergency,0,Fri,19.9
5,5,10.3,6.2,0,Orthopedics,3,Sat,26.4
7,3,10.5,10.1,0,General Medicine,14,Fri,32.4
7,3,15.6,7.4,0,Cardiology,23,Tue,35.3
8,2,12.4,6.4,1,Dermatology,17,Sun,54.2
8,5,4.0,5.2,2,Dermatology,14,Mon,22.6
4,5,20.8,2.8,1,Orthopedics,7,Sat,31.5
11,4,16.7,8.2,0,Orthopedics,10,Tue,51.6
10,5,10.3,4.6,1,Cardiology,0,Sat,31.2
11,5,6.1,8.3,2,Dermatology,8,Wed,30.8
8,7,13.3,6.7,1,General Medicine,14,Tue,33.4
11,5,13.0,5.4,1,Orthopedics,21,Tue,43.5
6,1,9.2,3.6,2,Pediatrics,22,Wed,76.0
9,3,14.8,2.6,0,Dermatology,19,Sun,47.4
6,1,16.7,4.6,0,Cardiology,0,Sat,105.7
15,6,8.8,7.1,1,General Medicine,19,Fri,36.0
4,4,12.7,7.9,1,Pediatrics,5,Fri,27.6
7,5,7.8,7.9,0,General Medicine,14,Wed,24.5
8,1,20.1,2.2,1,Cardiology,22,Sun,159.0
3,1,21.8,4.6,2,Emergency,21,Tue,60.3
6,6,23.5,5.9,0,Cardiology,15,Sun,32.7
16,1,21.2,8.1,2,Emergency,7,Wed,347.9
9,5,7.3,9.0,0,Dermatology,12,Wed,24.6
11,7,19.9,12.2,2,Emergency,16,Thu,24.8
10,3,21.4,8.6,4,Orthopedics,12,Sat,105.0
8,3,20.2,10.3,0,Emergency,9,Fri,52.2
5,2,9.4,7.0,1,Pediatrics,9,Sat,26.8
7,3,17.8,2.6,0,Cardiology,14,Mon,40.6
7,3,10.4,4.1,2,ENT,0,Tue,27.7
7,1,13.9,4.0,1,Orthopedics,23,Sat,108.0
10,1,6.9,7.4,0,Pediatrics,2,Sun,75.6
5,2,10.0,8.7,0,General Medicine,23,Mon,32.4
3,1,9.3,2.8,2,General Medicine,0,Sun,53.0
13,1,17.5,10.9,0,Cardiology,12,Tue,244.6
12,5,18.2,4.5,4,Emergency,10,Sun,56.2
7,4,9.5,1.0,3,Pediatrics,13,Sun,28.4
9,7,17.5,12.9,0,Cardiology,10,Fri,38.3
5,2,20.8,1.5,5,Emergency,21,Tue,58.4
3,1,5.1,1.0,1,Dermatology,0,Sat,21.4
3,4,17.1,6.5,1,General Medicine,23,Mon,30.4
15,1,21.7,8.4,0,Cardiology,16,Wed,336.9
10,2,11.6,9.7,2,Pediatrics,18,Fri,72.6
9,4,12.2,9.7,1,Pediatrics,3,Mon,51.4
9,1,6.6,7.9,1,Pediatrics,1,Wed,73.7
8,4,7.2,7.4,0,ENT,9,Sat,12.6
10,2,8.6,4.3,2,Pediatrics,7,Mon,70.9
9,5,5.7,8.0,2,Pediatrics,18,Wed,30.2
7,4,8.9,7.2,1,Pediatrics,21,Mon,28.7
13,4,21.8,8.1,1,Orthopedics,10,Fri,73.6
12,5,9.3,10.6,0,ENT,18,Mon,40.0
10,4,19.6,6.4,1,Orthopedics,1,Tue,52.4
6,1,19.4,8.6,0,Orthopedics,17,Thu,137.5
10,2,15.2,8.2,4,Cardiology,2,Tue,88.4
15,3,9.1,8.5,0,ENT,16,Tue,60.9
9,3,10.8,3.6,1,General Medicine,9,Sat,49.9
8,2,22.8,8.8,0,Emergency,9,Sat,88.3
9,4,21.4,6.0,3,Emergency,6,Mon,53.2
11,1,14.0,5.9,1,ENT,9,Sun,166.9
6,1,9.6,5.8,0,ENT,20,Thu,54.1
10,2,11.5,4.9,1,ENT,19,Tue,64.0
5,7,16.1,9.4,0,Cardiology,8,Sun,24.6
11,3,10.6,3.4,1,Orthopedics,7,Wed,52.2
16,3,17.0,9.7,2,Orthopedics,12,Wed,115.7
9,6,10.4,9.4,2,Pediatrics,16,Tue,29.0
9,1,9.7,5.8,0,Dermatology,4,Sun,93.6
8,7,19.2,8.3,1,Orthopedics,17,Wed,40.2
5,1,11.0,8.5,2,Pediatrics,22,Fri,61.0
7,3,22.5,5.3,3,Emergency,20,Tue,46.7
12,7,21.1,3.2,1,Cardiology,13,Sun,49.6
6,1,8.6,4.4,1,ENT,7,Sat,60.7
6,1,8.2,6.7,0,Pediatrics,7,Thu,64.1
7,5,15.9,11.2,0,Pediatrics,17,Wed,47.5
10,2,9.2,6.4,0,Dermatology,10,Fri,56.2
7,3,18.9,7.8,2,Cardiology,2,Thu,58.5
10,5,7.1,8.3,1,Pediatrics,16,Sun,25.6
10,2,8.7,7.5,2,Dermatology,3,Fri,55.1
6,2,16.0,5.9,0,Orthopedics,23,Mon,58.5
11,6,6.2,5.3,3,ENT,10,Sat,37.1
8,6,17.2,7.0,1,Orthopedics,8,Tue,25.2
5,1,17.2,6.5,0,Cardiology,1,Wed,94.8
7,1,4.0,3.0,2,Dermatology,4,Thu,40.3
7,1,18.4,7.8,4,Emergency,22,Tue,147.2
10,2,12.9,5.0,1,Pediatrics,12,Sun,82.2
7,2,6.3,2.9,1,ENT,21,Sun,19.4
7,5,27.3,8.1,4,Emergency,22,Tue,38.6
8,3,10.4,6.3,3,ENT,1,Wed,50.5
9,6,16.7,8.7,0,Pediatrics,9,Wed,46.1
7,3,6.7,5.3,0,Pediatrics,20,Fri,23.7
14,7,6.4,8.5,1,Pediatrics,11,Fri,26.9
11,2,11.3,9.0,2,General Medicine,12,Fri,73.7
11,5,4.2,9.3,2,Dermatology,13,Mon,19.3
14,7,18.6,5.2,2,Emergency,16,Thu,31.0
14,1,22.8,11.0,0,Cardiology,22,Tue,330.5
11,3,8.1,10.7,3,ENT,21,Tue,50.7
8,4,4.0,3.5,1,Dermatology,15,Sat,14.8
10,5,15.9,6.4,2,Orthopedics,13,Mon,55.2
5,6,22.0,6.4,0,Cardiology,8,Mon,24.3
6,1,4.0,8.1,0,ENT,2,Thu,30.7
9,7,10.9,6.6,1,Orthopedics,17,Sat,22.5
2,5,12.2,6.8,0,General Medicine,0,Thu,23.7
17,4,14.4,11.4,4,Cardiology,16,Tue,84.3
7,4,7.5,2.4,1,Dermatology,11,Sat,16.1
17,6,16.3,8.7,0,General Medicine,18,Wed,50.0
9,1,8.9,6.5,1,Pediatrics,22,Fri,80.2
10,3,11.4,5.4,1,Pediatrics,13,Tue,45.9
7,3,9.6,1.0,0,Dermatology,13,Sun,19.1
11,1,15.6,9.1,1,Cardiology,11,Tue,181.3
6,3,14.8,3.1,0,Cardiology,8,Sun,27.5
6,5,12.0,5.2,1,ENT,2,Wed,17.3
8,1,10.1,4.2,1,Pediatrics,0,Sat,88.6
15,6,9.6,5.6,2,ENT,17,Thu,37.7
7,1,11.9,5.4,2,General Medicine,21,Mon,106.4
12,1,11.6,4.6,0,General Medicine,1,Mon,150.3
10,1,8.6,3.4,5,Dermatology,7,Wed,104.6
12,2,5.6,7.0,1,ENT,14,Tue,38.6
12,4,11.2,6.4,1,Pediatrics,16,Fri,38.0
18,2,15.0,10.1,0,Cardiology,17,Mon,150.1
18,4,19.0,10.8,1,General Medicine,16,Fri,115.9
11,4,10.8,5.8,1,ENT,2,Tue,39.4
4,1,8.8,8.2,4,Dermatology,6,Tue,45.8
11,7,6.8,13.6,1,Pediatrics,11,Wed,35.1
8,1,18.3,7.2,0,Orthopedics,1,Fri,162.1
5,1,8.6,5.4,0,Pediatrics,8,Wed,51.3
14,7,16.8,11.4,3,Orthopedics,9,Wed,58.9
8,4,8.0,2.1,2,Pediatrics,23,Wed,22.0
8,1,4.3,10.7,0,Pediatrics,7,Wed,41.4
10,1,22.6,6.2,2,Cardiology,23,Wed,244.3
8,3,21.7,6.9,1,Emergency,16,Sat,49.8
17,1,6.8,5.9,0,Dermatology,16,Fri,120.1
8,6,20.9,7.8,1,Orthopedics,19,Wed,36.4
6,4,19.9,4.4,2,Emergency,20,Sat,33.9
9,5,13.6,5.7,3,Pediatrics,5,Thu,41.0
10,3,15.1,5.1,1,Emergency,10,Sun,44.7
12,5,14.0,7.2,0,Orthopedics,12,Thu,45.0
11,5,17.1,4.5,1,Cardiology,23,Tue,54.2
2,1,7.0,2.8,0,Pediatrics,0,Thu,22.0
8,3,5.3,6.7,1,Dermatology,11,Sat,21.9
11,3,15.4,9.2,5,Orthopedics,5,Tue,88.0
7,3,19.5,6.8,6,Emergency,4,Tue,55.9
12,3,11.4,7.4,2,General Medicine,18,Fri,61.0
8,1,16.5,4.9,1,Cardiology,4,Sun,150.2
5,6,13.1,1.0,2,Pediatrics,19,Wed,20.9
8,3,16.3,9.4,4,Emergency,23,Thu,51.2
16,3,15.2,7.9,2,Orthopedics,18,Fri,102.9
4,4,7.6,7.0,0,ENT,4,Fri,17.2
5,1,18.4,5.9,3,Emergency,3,Tue,84.7
10,4,11.5,10.2,3,Cardiology,10,Wed,47.7
5,4,11.9,8.9,1,General Medicine,13,Sun,22.3
8,1,8.2,2.0,1,Pediatrics,18,Sun,65.5
12,1,10.8,6.8,2,Pediatrics,10,Sat,142.2
17,5,29.2,6.6,5,Emergency,4,Mon,116.0
8,3,20.5,5.2,6,Emergency,23,Wed,64.2
12,4,19.4,4.5,1,Cardiology,21,Mon,59.6
10,3,17.6,7.9,2,Emergency,15,Wed,65.8
9,4,10.5,6.2,1,Pediatrics,16,Sun,34.4
5,5,8.7,6.0,2,ENT,22,Wed,29.0
9,4,12.5,8.4,0,Orthopedics,11,Tue,39.0
8,2,7.3,3.9,0,Pediatrics,3,Sat,56.1
2,7,11.4,5.4,2,Pediatrics,14,Sat,16.8
7,1,13.0,10.1,1,Orthopedics,10,Fri,102.0
2,4,12.2,2.6,0,Orthopedics,19,Sat,10.7
10,5,14.0,8.4,2,Pediatrics,18,Fri,44.0
14,6,19.6,11.0,0,Orthopedics,11,Fri,60.9
5,6,9.2,7.6,0,General Medicine,8,Sun,14.8
11,2,23.2,12.4,2,Emergency,10,Wed,142.5
8,1,10.1,9.2,0,Orthopedics,15,Thu,99.2
7,2,9.1,6.4,0,General Medicine,15,Thu,36.1
13,6,5.4,11.1,2,ENT,12,Fri,37.2
4,2,18.5,9.7,4,Emergency,12,Thu,55.0
8,4,15.0,4.5,3,Orthopedics,23,Thu,53.7
14,5,4.2,5.8,0,Dermatology,6,Tue,5.5
6,3,7.7,5.6,1,ENT,4,Fri,28.6
5,1,5.2,7.9,1,Dermatology,19,Mon,28.0
7,2,15.7,7.6,0,Orthopedics,22,Thu,61.0
10,2,12.3,5.8,0,General Medicine,14,Wed,69.3
9,5,19.2,5.8,1,Orthopedics,9,Sat,41.8
11,4,14.7,4.6,3,Emergency,8,Thu,43.2
9,4,11.4,8.3,4,Dermatology,11,Mon,51.8
5,3,11.4,5.8,2,Dermatology,1,Thu,30.8
9,3,18.4,9.7,4,Emergency,12,Tue,64.9
10,5,13.9,6.2,0,Orthopedics,6,Wed,36.3
5,1,16.0,4.4,1,Orthopedics,6,Wed,90.5
7,6,23.0,5.0,5,Emergency,13,Tue,41.3
4,2,4.0,4.0,0,ENT,23,Sun,7.1
7,3,13.6,7.0,1,Orthopedics,4,Tue,42.5
10,4,11.3,5.0,1,Pediatrics,21,Thu,38.4
9,7,20.2,3.4,6,Emergency,12,Sat,48.5
15,1,12.1,3.8,1,General Medicine,23,Wed,184.8
10,3,7.1,6.9,1,General Medicine,9,Sun,37.6
16,1,6.5,6.9,1,Dermatology,23,Wed,108.3
8,3,10.8,3.0,1,General Medicine,15,Sun,30.4
9,2,7.3,7.0,1,Pediatrics,16,Thu,47.8
5,5,23.3,3.2,5,Emergency,13,Mon,28.7
7,3,13.9,3.6,0,Orthopedics,10,Sun,42.7
7,4,5.4,5.5,1,Dermatology,12,Sun,10.3
5,4,23.9,1.1,0,Cardiology,20,Sun,30.5
13,1,13.3,6.3,0,General Medicine,19,Mon,182.6
6,4,10.5,5.2,2,Pediatrics,0,Sat,29.9
12,4,7.6,6.3,2,Dermatology,16,Wed,24.9
8,1,10.0,2.1,1,General Medicine,20,Sat,78.4
13,1,6.5,6.1,2,ENT,17,Sun,102.5
10,6,11.5,7.4,0,Orthopedics,11,Tue,35.5
12,7,14.0,6.4,1,Orthopedics,8,Wed,28.1
9,6,15.5,11.0,3,Emergency,16,Tue,19.2
7,3,11.7,5.6,0,ENT,15,Wed,36.5
4,4,7.0,2.6,0,ENT,8,Fri,13.5
12,2,17.6,9.3,0,Orthopedics,9,Wed,121.6
10,2,12.5,5.3,0,Orthopedics,8,Fri,71.2
7,5,10.2,7.1,0,ENT,1,Fri,26.8
9,1,7.8,10.6,0,General Medicine,0,Tue,94.5
11,2,8.1,4.1,0,Pediatrics,1,Mon,45.5
11,2,7.4,4.8,1,ENT,10,Sat,57.7
12,4,9.7,9.6,0,ENT,12,Tue,51.7
11,3,8.2,10.7,0,General Medicine,9,Tue,43.7
7,1,12.3,10.1,1,Dermatology,22,Fri,96.3
7,2,17.9,5.2,0,Cardiology,5,Tue,65.4
13,3,9.8,7.3,0,Pediatrics,9,Tue,43.2
8,1,4.0,4.4,2,Dermatology,5,Wed,22.0
11,1,20.9,5.1,2,Emergency,7,Thu,236.0
9,4,18.3,3.7,1,Orthopedics,14,Sat,46.8
8,3,7.2,4.5,0,Pediatrics,7,Sun,23.7
5,5,13.2,4.3,1,Orthopedics,7,Sat,16.4
9,7,8.2,3.7,2,ENT,16,Sun,22.1
8,1,11.0,2.9,1,General Medicine,19,Thu,102.3
7,3,15.1,5.8,2,Cardiology,5,Wed,46.4
5,5,13.2,2.7,0,General Medicine,2,Sat,27.7
7,1,15.5,4.8,1,General Medicine,5,Wed,117.1
5,2,17.8,6.0,1,Cardiology,13,Sat,56.3
7,1,5.3,5.5,1,Dermatology,23,Sun,48.7
6,2,16.6,5.3,2,Emergency,3,Wed,54.5
10,4,19.3,8.0,0,General Medicine,1,Fri,63.2
9,6,8.7,8.5,0,Pediatrics,12,Sat,38.6
2,3,16.5,6.9,1,Orthopedics,23,Sat,28.5
10,5,4.0,9.1,0,ENT,13,Tue,19.9
12,4,17.7,3.8,3,Emergency,22,Sun,60.0
6,6,12.2,8.2,0,ENT,15,Thu,17.2
7,2,15.4,5.4,0,Cardiology,0,Mon,61.4
19,5,9.5,11.4,1,General Medicine,10,Mon,67.2
13,1,13.1,5.8,2,General Medicine,18,Sat,182.6
10,1,8.0,9.0,1,Pediatrics,12,Wed,99.5
12,2,10.6,4.0,2,ENT,4,Mon,73.2
10,2,13.0,4.0,1,Orthopedics,4,Thu,68.7
6,6,9.7,6.8,0,Pediatrics,15,Fri,14.8
13,3,10.9,10.9,0,ENT,11,Mon,70.8
7,2,6.6,3.9,2,Dermatology,13,Wed,33.4
6,7,14.2,8.7,0,Cardiology,8,Thu,21.0
0,5,18.7,6.6,3,Emergency,8,Sat,3.4
10,7,5.0,6.8,0,Dermatology,15,Fri,8.9
12,3,6.5,7.9,0,Dermatology,0,Mon,31.4
11,2,20.0,7.9,2,Emergency,10,Fri,107.4
8,3,10.0,1.4,2,Pediatrics,8,Sun,39.4
12,5,10.7,8.0,0,Dermatology,18,Mon,36.7
10,2,17.6,8.7,6,Emergency,17,Sun,107.1
14,2,19.9,11.5,4,Emergency,10,Mon,146.5
9,4,13.1,3.6,1,ENT,6,Fri,39.4
15,4,9.0,3.6,0,Dermatology,5,Wed,25.6
4,3,22.8,2.4,0,Emergency,5,Sat,9.7
4,1,7.8,1.0,1,Dermatology,6,Sat,35.8
9,1,22.4,5.1,6,Emergency,18,Sat,202.6
5,4,7.4,5.2,0,Dermatology,1,Sun,11.5
8,1,10.8,1.0,2,Orthopedics,0,Sat,100.6
6,1,9.9,8.8,2,Dermatology,12,Wed,86.2
13,2,16.1,8.8,1,Orthopedics,5,Thu,109.2
10,5,8.1,6.0,0,Dermatology,19,Sat,16.2
11,3,5.2,9.8,1,Dermatology,18,Tue,24.8
17,3,24.7,9.2,7,Emergency,18,Fri,166.8
13,4,11.4,11.3,0,ENT,10,Thu,44.6
13,6,16.1,7.3,0,Cardiology,10,Sun,57.0
14,7,14.3,8.5,0,Pediatrics,10,Mon,32.9
10,1,13.1,7.9,2,ENT,4,Mon,149.1
9,2,17.4,3.3,2,Cardiology,13,Mon,93.9
8,7,15.4,7.6,2,Cardiology,20,Thu,38.0
9,1,10.4,7.1,1,ENT,6,Thu,104.8
9,3,7.4,6.4,2,Dermatology,1,Fri,22.9
5,1,18.1,6.2,1,Pediatrics,13,Tue,100.2
9,3,14.9,12.4,0,Cardiology,9,Wed,50.2
8,5,12.7,8.2,2,Dermatology,19,Wed,32.6
7,3,6.8,8.7,2,Dermatology,20,Mon,31.1
1,1,7.3,5.2,0,Dermatology,22,Sat,5.4
13,3,5.5,11.3,1,Dermatology,9,Mon,33.6
12,3,8.4,6.9,0,Dermatology,21,Fri,29.9
10,3,17.4,5.7,3,Emergency,2,Thu,77.8
9,3,8.3,5.8,1,ENT,8,Sun,39.2
8,1,6.2,5.5,0,Pediatrics,6,Fri,48.9
7,1,12.0,8.4,0,Cardiology,22,Thu,87.6
4,5,8.3,3.6,2,ENT,14,Fri,21.7
10,6,15.9,5.5,1,General Medicine,8,Mon,25.4
8,4,8.7,4.6,0,Dermatology,3,Tue,13.2
17,7,17.5,13.7,1,Cardiology,18,Thu,68.0
3,2,27.8,2.9,1,Emergency,15,Sun,40.0
11,6,4.0,4.1,3,Pediatrics,20,Sat,26.0
10,1,20.8,4.9,3,Emergency,10,Wed,211.0
9,5,15.3,9.4,1,Cardiology,3,Tue,52.5
4,7,9.1,2.6,1,ENT,8,Sun,5.6
7,4,6.6,9.0,3,ENT,14,Thu,30.3
8,3,7.0,3.9,0,ENT,5,Mon,33.3
5,1,20.8,4.1,5,Emergency,1,Tue,113.2
4,5,9.4,5.9,1,Pediatrics,19,Sat,21.7
8,2,5.8,3.2,2,Dermatology,12,Sun,30.7
4,5,15.9,7.2,3,Emergency,9,Sun,35.2
9,4,12.3,4.5,2,Pediatrics,13,Mon,37.9
5,2,9.3,10.6,1,Pediatrics,17,Sat,45.8
10,4,14.3,9.6,2,Cardiology,0,Mon,44.6
8,6,4.0,8.8,1,Dermatology,10,Sat,16.7
9,1,20.8,8.9,5,Emergency,6,Sun,209.8
10,2,7.0,4.8,0,Dermatology,2,Wed,41.3
9,3,8.5,7.6,1,Dermatology,0,Tue,36.7
11,2,25.6,7.1,1,Cardiology,10,Fri,158.1
7,2,11.4,7.8,1,ENT,13,Mon,49.3
14,5,9.9,9.7,0,Pediatrics,12,Fri,44.2
8,3,12.9,6.5,1,Cardiology,18,Wed,58.3
10,7,14.9,8.9,0,Pediatrics,10,Wed,28.1
3,5,12.2,4.4,1,General Medicine,14,Sat,26.6
6,6,15.3,4.3,0,Dermatology,19,Sun,16.4
6,7,5.5,9.6,0,Dermatology,15,Wed,13.8
4,3,14.1,3.9,1,Cardiology,21,Wed,12.7
0,2,16.3,2.9,0,General Medicine,5,Sat,1.0
15,2,12.7,3.1,5,General Medicine,18,Wed,118.9
15,2,15.7,10.4,0,General Medicine,16,Tue,137.4
4,2,4.3,5.8,1,Dermatology,13,Sun,11.4
6,1,6.3,6.0,1,Pediatrics,0,Sun,44.5
14,6,6.9,8.9,1,Pediatrics,12,Wed,27.9
6,7,11.7,4.5,4,Emergency,20,Tue,28.9
8,6,18.4,3.6,1,Emergency,15,Tue,24.1
14,1,4.0,7.1,0,Dermatology,0,Fri,58.2
5,5,15.2,4.4,1,Orthopedics,6,Wed,24.5
7,5,8.7,2.7,1,ENT,13,Fri,6.3
4,7,7.3,6.3,1,Pediatrics,19,Sat,9.7
9,6,21.5,8.3,3,Emergency,10,Mon,33.3
6,3,12.5,4.5,1,General Medicine,20,Sun,33.0
2,4,12.0,1.0,2,Dermatology,19,Mon,17.8
4,3,23.5,5.9,1,Cardiology,6,Mon,40.6
8,1,8.4,3.7,1,Dermatology,4,Sat,63.8
5,2,19.3,9.7,1,Cardiology,21,Fri,61.5
11,6,11.8,3.7,0,Pediatrics,14,Sun,24.1
9,3,13.8,1.0,1,Dermatology,20,Thu,40.5
7,1,4.8,5.5,0,ENT,22,Wed,39.5
9,4,16.3,9.0,1,Cardiology,10,Fri,54.4
6,4,10.9,6.8,2,Orthopedics,1,Sat,26.4
7,5,13.1,5.9,1,Orthopedics,21,Fri,38.1
7,7,16.8,5.1,0,Cardiology,14,Wed,17.8
5,5,7.4,3.9,1,Pediatrics,2,Sun,18.4
7,3,11.3,14.9,0,Pediatrics,12,Wed,37.8
6,2,11.5,7.0,1,Pediatrics,0,Wed,40.9
7,1,12.0,5.4,0,General Medicine,6,Tue,97.1
7,2,21.0,8.1,4,Emergency,8,Wed,88.8
11,1,15.3,6.6,3,Pediatrics,10,Tue,195.8
9,6,11.1,4.4,3,Pediatrics,13,Fri,40.3
7,3,6.0,3.0,3,Pediatrics,20,Sat,17.9
8,6,17.6,2.3,1,Emergency,8,Thu,18.5
7,2,15.4,8.4,3,Cardiology,17,Sun,76.9
8,2,19.2,4.3,0,Orthopedics,22,Thu,75.9
4,3,13.5,9.3,2,Orthopedics,17,Thu,32.7
6,2,8.9,4.8,0,General Medicine,6,Mon,26.2
7,5,11.6,7.0,0,Orthopedics,16,Sun,27.5
9,1,8.3,10.0,1,Pediatrics,6,Tue,96.7
18,4,6.2,8.2,1,Dermatology,11,Tue,36.7
5,3,9.7,3.2,1,General Medicine,15,Sun,12.9
6,5,17.6,3.3,3,Orthopedics,7,Thu,35.9
2,1,7.1,5.4,0,Dermatology,0,Mon,6.1
10,7,7.8,1.9,3,Dermatology,20,Thu,34.2
11,4,20.2,12.1,0,Cardiology,17,Fri,76.5
9,5,12.5,4.6,1,Pediatrics,2,Mon,37.4
8,1,13.2,4.3,0,Orthopedics,9,Sat,101.4
6,1,13.6,5.6,1,Pediatrics,6,Fri,98.3
5,2,8.9,7.4,0,ENT,23,Mon,32.6
5,1,13.2,5.4,2,Orthopedics,22,Fri,79.4
12,2,11.7,11.4,1,ENT,16,Tue,90.7
10,1,10.2,5.3,2,ENT,10,Sat,102.6
8,5,20.9,4.3,2,Emergency,1,Wed,32.4
10,3,13.9,5.9,1,Orthopedics,5,Tue,55.4
10,1,20.0,5.6,2,Emergency,2,Thu,195.8
14,6,12.8,11.0,2,Orthopedics,18,Thu,45.5
7,2,8.4,7.7,3,ENT,2,Wed,47.7
12,7,7.7,5.3,0,ENT,16,Sun,17.5
14,1,8.7,2.6,1,Dermatology,22,Fri,127.1
9,1,22.6,7.3,2,Cardiology,7,Thu,218.2
10,4,7.5,6.4,0,Dermatology,16,Tue,3.8
12,3,17.4,5.8,5,Orthopedics,21,Thu,92.9
10,3,18.4,10.1,1,Cardiology,10,Mon,76.7
8,3,21.4,10.2,1,Cardiology,10,Sun,73.0
10,1,14.1,10.7,1,ENT,4,Mon,168.6
10,6,7.5,9.9,2,ENT,10,Fri,26.6
5,5,6.9,1.7,1,General Medicine,20,Wed,4.2
2,7,4.3,1.8,1,Dermatology,15,Sat,7.7
9,2,11.0,5.6,0,Dermatology,4,Wed,51.9
15,6,13.0,8.2,2,General Medicine,12,Mon,55.8
10,2,17.1,6.5,7,Emergency,16,Sun,92.5
2,1,13.8,4.5,1,ENT,1,Sat,33.0
14,7,11.0,6.4,0,General Medicine,18,Mon,33.0
9,1,16.9,7.3,3,Cardiology,4,Mon,169.1
10,4,7.1,4.0,3,Dermatology,7,Thu,37.7
7,7,13.8,6.6,4,Pediatrics,9,Sun,31.3
12,5,17.7,12.9,4,Emergency,12,Fri,70.2
8,3,18.8,3.9,2,Orthopedics,21,Mon,60.4
3,5,11.7,6.3,1,Pediatrics,5,Fri,21.0
5,1,19.1,5.1,0,Orthopedics,6,Wed,96.2
13,6,20.3,6.8,3,Cardiology,9,Fri,61.9
9,6,10.1,6.3,2,ENT,20,Wed,41.1
12,2,22.1,4.4,0,Emergency,23,Mon,118.6
20,1,10.3,10.7,1,Pediatrics,10,Mon,222.2
11,7,17.9,10.4,1,Emergency,16,Fri,37.7
6,3,20.0,9.6,3,Cardiology,22,Fri,58.3
3,5,11.8,7.6,1,General Medicine,20,Wed,25.4
11,6,23.8,10.4,2,Emergency,16,Mon,47.2
16,1,18.7,2.1,0,Orthopedics,12,Sat,291.8
12,4,10.8,7.9,0,ENT,23,Tue,47.2
5,1,12.0,7.6,0,ENT,5,Tue,83.9
5,1,13.5,4.5,2,General Medicine,8,Thu,88.1
11,1,11.5,10.1,1,Pediatrics,17,Sat,144.7
7,4,7.1,6.2,3,ENT,0,Sun,28.4
11,3,15.8,9.5,1,Orthopedics,12,Fri,74.8
8,7,13.3,5.8,1,General Medicine,20,Sun,31.3
5,1,13.1,7.0,0,General Medicine,4,Fri,66.5
9,2,8.8,4.6,0,Dermatology,19,Sat,26.2
7,4,10.6,8.6,2,Pediatrics,9,Tue,27.4
5,4,18.2,8.6,2,General Medicine,20,Mon,36.6
13,4,18.4,3.0,1,Cardiology,15,Fri,65.3
7,1,14.2,4.6,1,General Medicine,3,Sun,106.3
15,3,9.1,9.4,1,ENT,17,Sat,60.2
7,1,19.0,6.3,1,Cardiology,1,Wed,138.6
7,2,6.5,7.6,3,ENT,5,Thu,44.8
12,1,16.3,6.0,1,Cardiology,21,Mon,204.5
2,1,6.6,3.9,0,Dermatology,21,Wed,9.4
6,3,4.9,7.9,1,ENT,1,Fri,23.0
10,7,15.4,12.0,3,Orthopedics,9,Tue,44.7
10,2,9.4,4.9,0,General Medicine,2,Thu,61.2
9,1,6.8,7.1,0,Pediatrics,6,Wed,67.0
14,1,18.5,6.6,1,General Medicine,23,Thu,270.5
8,5,15.5,3.4,1,General Medicine,4,Sat,42.2
4,7,16.2,6.6,0,Pediatrics,15,Sun,12.8
9,6,9.9,5.5,0,Pediatrics,19,Wed,27.1
7,3,11.2,2.1,1,General Medicine,21,Sat,29.6
4,3,16.3,5.2,0,Orthopedics,8,Fri,40.7
5,1,19.3,6.0,0,Cardiology,16,Sun,100.7
9,1,9.1,4.9,1,Pediatrics,11,Sat,85.2
4,5,7.9,4.9,0,Pediatrics,2,Thu,18.9
8,4,14.0,3.6,1,General Medicine,5,Fri,49.7
8,6,7.4,8.4,2,General Medicine,17,Wed,31.3
11,2,11.9,9.3,0,Pediatrics,16,Fri,74.9
11,1,17.3,7.1,0,Cardiology,12,Fri,190.4
13,1,11.5,6.8,2,ENT,18,Fri,167.5
8,6,11.4,6.9,1,Dermatology,16,Mon,32.9
6,7,10.9,5.7,0,ENT,8,Thu,20.3
8,3,5.7,4.9,2,ENT,7,Fri,27.1
4,3,15.7,2.6,3,Emergency,22,Tue,18.5
6,4,5.4,1.6,2,Pediatrics,23,Sat,19.9
2,1,6.7,4.0,1,Dermatology,0,Sat,11.1
10,6,15.7,8.2,1,Emergency,18,Thu,26.7
4,1,18.0,4.0,3,Cardiology,3,Sun,95.1
4,2,5.4,7.3,1,Dermatology,20,Sun,21.4
6,6,10.4,6.5,0,General Medicine,14,Thu,19.0
11,7,20.0,2.5,6,Emergency,16,Sun,37.0
10,1,19.2,5.0,0,Cardiology,16,Sun,201.0
6,3,7.6,6.6,0,Pediatrics,14,Mon,17.7
7,4,10.8,2.8,0,General Medicine,6,Sun,26.9
6,6,9.1,3.9,0,Dermatology,19,Mon,13.6
4,4,17.7,7.7,0,Cardiology,13,Thu,18.6
4,4,14.6,3.3,2,Orthopedics,13,Sun,21.3
7,4,17.1,2.4,0,Orthopedics,7,Sat,31.7
14,1,17.3,4.2,5,Emergency,0,Tue,248.9
8,5,17.5,9.3,1,Orthopedics,13,Fri,39.8
14,3,18.9,3.6,1,General Medicine,8,Tue,101.0
4,7,10.9,5.5,1,Pediatrics,15,Tue,20.8
4,1,8.7,3.8,2,Pediatrics,8,Sun,51.6
8,4,4.7,7.3,1,ENT,23,Mon,26.2
8,3,6.5,4.6,0,Dermatology,16,Sun,28.6
11,3,9.1,7.2,0,Dermatology,10,Thu,35.7
12,2,8.7,10.5,1,ENT,16,Mon,72.7
5,4,7.8,9.1,2,Dermatology,15,Sat,9.9
7,7,14.7,4.8,0,Orthopedics,14,Mon,12.1
11,7,7.5,4.7,1,ENT,13,Wed,25.4
5,1,11.8,10.9,1,General Medicine,22,Tue,76.5
2,1,15.6,3.4,0,Cardiology,7,Sat,35.2
7,1,18.3,8.3,1,Cardiology,10,Wed,141.1
6,1,12.5,6.4,1,General Medicine,6,Fri,73.9
11,7,22.2,6.8,1,Cardiology,13,Mon,41.2
11,3,5.7,6.5,1,Dermatology,23,Fri,27.4
7,2,17.2,7.9,0,Orthopedics,14,Fri,77.6
8,1,20.5,3.2,1,Cardiology,4,Wed,173.5
10,2,14.2,3.7,0,Orthopedics,22,Sun,74.7
11,1,8.0,11.2,0,Pediatrics,18,Thu,100.9
15,7,16.0,4.4,2,General Medicine,10,Fri,43.2
11,1,11.1,3.4,1,Orthopedics,3,Tue,139.0
5,1,5.6,7.7,1,Dermatology,9,Sun,34.5
8,4,16.8,6.2,5,Emergency,19,Tue,55.8
8,4,7.0,4.7,1,ENT,13,Fri,21.7
10,5,8.3,6.6,0,ENT,4,Mon,24.1
11,1,13.5,6.9,3,ENT,3,Mon,167.5
6,3,16.7,4.2,0,Cardiology,23,Mon,40.1
7,5,21.3,6.1,2,Orthopedics,10,Sun,36.8
13,3,11.7,6.6,0,ENT,16,Tue,58.8
5,2,6.5,6.5,0,Dermatology,8,Sun,15.3
8,1,13.5,2.9,2,Orthopedics,2,Fri,119.2
12,3,18.6,8.7,1,Cardiology,9,Mon,86.5
8,5,18.2,10.6,2,Cardiology,16,Thu,39.6
7,4,6.5,10.0,1,Pediatrics,8,Thu,25.1
5,2,12.8,5.6,0,Orthopedics,14,Tue,44.2
15,3,7.4,14.5,0,General Medicine,10,Fri,53.1
10,1,23.3,1.9,0,Cardiology,8,Sun,231.7
8,1,9.4,5.4,0,ENT,6,Sun,69.2
10,1,8.1,4.6,2,ENT,6,Thu,91.7
11,4,18.0,7.5,0,Emergency,6,Sun,45.3
9,5,10.3,6.1,0,General Medicine,17,Sun,33.4
5,5,4.0,3.9,1,Dermatology,8,Mon,1.0
10,7,8.5,11.5,1,Dermatology,17,Fri,32.7
5,3,20.3,3.3,0,Cardiology,7,Sat,41.5
6,2,14.7,3.4,1,Pediatrics,7,Mon,51.3
8,2,17.4,5.4,1,Orthopedics,22,Fri,75.3
3,1,11.2,6.2,0,ENT,21,Sun,46.7
7,4,23.5,8.7,2,Emergency,9,Tue,45.3
4,1,8.5,3.4,1,ENT,6,Sun,33.2
9,4,14.0,6.3,2,Cardiology,17,Sun,52.2
10,1,11.3,1.2,1,ENT,1,Fri,120.9
11,2,9.9,14.7,0,General Medicine,10,Fri,80.4
8,3,8.7,5.9,1,ENT,14,Thu,36.7
8,1,9.0,10.9,1,General Medicine,16,Wed,99.1
7,3,23.5,9.0,3,Emergency,2,Thu,71.7
10,1,22.6,3.8,3,Emergency,0,Thu,224.6
6,5,13.8,3.4,0,Cardiology,6,Thu,29.2
5,2,15.3,7.4,0,Orthopedics,2,Sat,41.7
6,2,11.1,4.7,0,Dermatology,12,Sat,24.5
6,5,8.6,5.2,0,ENT,22,Wed,13.8
9,1,9.0,4.5,3,ENT,6,Thu,107.1
11,4,20.9,3.0,1,Cardiology,10,Tue,67.5
6,3,9.2,5.5,1,Pediatrics,5,Tue,30.2
6,5,11.7,5.8,2,General Medicine,1,Wed,34.4
21,4,12.4,11.1,5,Pediatrics,16,Mon,92.2
3,4,15.0,3.3,1,Cardiology,6,Sat,17.0
5,1,12.9,4.8,1,Orthopedics,13,Mon,75.7
18,1,12.9,10.1,0,Cardiology,16,Wed,245.1
6,2,16.0,7.8,1,Pediatrics,20,Tue,61.5
9,5,20.4,3.6,4,Emergency,4,Tue,32.0
13,5,18.2,2.0,1,Orthopedics,13,Wed,49.1
5,2,4.4,8.6,1,Dermatology,21,Sat,18.9
8,5,18.7,9.4,0,Orthopedics,11,Sun,34.3
10,1,17.1,4.6,0,Cardiology,0,Tue,169.9
7,3,13.1,5.3,0,ENT,6,Tue,39.4
4,4,9.4,5.9,2,Pediatrics,19,Thu,15.0
5,6,6.7,4.2,0,Pediatrics,19,Wed,2.6
6,3,18.3,3.0,1,Orthopedics,7,Sat,40.0
5,1,8.2,5.7,1,Dermatology,4,Tue,55.7
7,1,6.5,3.1,3,Pediatrics,7,Wed,68.3
10,2,13.1,10.6,2,Cardiology,5,Thu,75.9
6,7,10.2,5.6,0,ENT,17,Wed,12.5
6,4,8.9,1.7,1,ENT,20,Fri,24.7
1,2,18.6,6.0,1,Cardiology,1,Sat,29.7
10,2,12.7,8.2,0,General Medicine,17,Thu,68.0
15,1,11.6,9.8,1,General Medicine,18,Thu,191.7
5,5,19.1,4.2,1,Cardiology,14,Sun,22.7
3,7,10.2,3.4,1,Dermatology,20,Sun,13.3
9,1,11.6,4.0,1,General Medicine,0,Sun,110.2
8,2,21.6,9.8,2,Emergency,16,Mon,89.7
8,3,10.7,6.4,1,ENT,3,Sat,31.6
4,5,15.2,2.6,1,General Medicine,21,Sun,24.4
6,3,8.3,7.2,1,Orthopedics,11,Sat,31.6
2,5,8.7,3.2,0,Pediatrics,2,Sat,8.8
7,2,21.7,8.2,4,Emergency,17,Wed,84.0
9,7,24.3,4.5,0,Cardiology,17,Sat,33.5
13,2,18.5,8.4,1,Orthopedics,11,Fri,137.9
3,1,13.6,1.7,0,Pediatrics,7,Sat,39.2
6,2,26.0,3.7,1,Cardiology,0,Wed,91.3
6,1,11.7,2.3,0,General Medicine,21,Sat,80.5
4,1,16.2,1.0,3,Pediatrics,4,Sat,75.5
2,4,12.0,2.3,1,Pediatrics,20,Sat,12.9
4,5,6.1,5.0,0,ENT,14,Tue,1.0
5,5,4.0,7.0,2,ENT,16,Sun,19.1
9,5,17.3,6.2,1,Cardiology,16,Tue,41.5
10,3,14.0,4.1,0,General Medicine,20,Sun,53.3
7,4,14.2,6.7,2,Orthopedics,0,Mon,45.1
5,5,8.4,5.4,0,Dermatology,23,Tue,11.9
10,1,15.8,6.3,1,Pediatrics,1,Fri,175.7
5,1,10.1,6.4,1,Pediatrics,23,Thu,62.5
2,5,17.9,5.2,3,General Medicine,6,Fri,19.2
4,2,10.3,4.6,2,Dermatology,20,Wed,36.4
3,2,15.2,6.3,0,General Medicine,2,Mon,23.4
6,5,8.3,6.7,0,ENT,11,Fri,12.6
6,5,19.8,1.4,6,Emergency,13,Thu,33.9
9,1,9.1,4.5,2,ENT,22,Thu,87.9
6,5,14.7,4.8,2,Orthopedics,2,Wed,29.5
2,1,12.0,4.4,1,Pediatrics,0,Sun,23.8
7,4,15.9,4.3,1,General Medicine,15,Sat,33.6
6,4,17.4,4.6,1,Pediatrics,1,Tue,26.7
12,7,17.9,9.1,2,Emergency,18,Mon,37.7
4,1,10.0,7.7,0,Pediatrics,0,Tue,50.1
7,1,15.0,5.5,1,General Medicine,23,Mon,108.5
14,7,8.2,7.0,1,Dermatology,12,Fri,15.9
4,4,11.1,5.1,0,Orthopedics,22,Fri,13.8
5,1,17.4,7.3,0,Orthopedics,3,Thu,93.8
9,5,5.6,3.0,2,Dermatology,6,Fri,21.2
8,5,18.6,7.5,0,Cardiology,10,Sat,30.2
4,1,25.2,3.0,1,Emergency,0,Sat,98.9
9,1,20.1,8.1,2,Cardiology,2,Thu,195.8
7,2,10.9,6.4,3,ENT,7,Fri,54.7
14,5,24.5,10.1,4,Emergency,17,Fri,74.0
12,7,17.6,8.0,3,Cardiology,17,Sun,49.8
4,2,11.0,6.2,1,Pediatrics,2,Sat,26.0
4,1,19.5,7.6,2,Emergency,1,Wed,80.2
9,6,12.4,2.2,1,Pediatrics,15,Sun,31.7
13,5,8.0,7.4,0,General Medicine,8,Wed,42.3
11,6,6.3,1.4,1,ENT,19,Sat,16.8
3,1,20.1,1.7,3,Emergency,7,Sun,60.7
10,3,13.8,3.9,1,General Medicine,8,Sat,56.0
6,1,13.7,8.4,3,Dermatology,5,Mon,109.8
6,5,5.3,5.7,1,Dermatology,6,Tue,12.2
5,5,19.8,4.6,2,Emergency,16,Sat,13.0
14,5,15.8,10.1,1,Orthopedics,11,Mon,59.0
3,4,6.6,4.9,1,Pediatrics,15,Mon,7.2
7,5,15.8,6.8,3,Cardiology,1,Tue,52.3
12,5,6.6,9.1,2,General Medicine,12,Thu,37.6
10,5,9.7,7.0,1,Dermatology,11,Mon,32.7
11,2,6.6,8.2,0,ENT,21,Tue,41.6
9,2,21.7,5.6,0,Cardiology,10,Wed,107.2
8,5,19.3,4.1,1,Cardiology,2,Fri,39.0
12,4,8.4,10.2,1,ENT,16,Thu,30.5
9,1,15.7,9.8,3,Cardiology,3,Sat,158.4
5,1,9.2,1.0,2,Dermatology,21,Sun,51.8
10,5,19.2,8.6,2,Emergency,9,Mon,56.2
12,6,21.6,4.2,3,Emergency,18,Fri,50.6
9,4,12.5,5.6,0,ENT,15,Tue,38.6
8,5,5.7,7.6,1,Dermatology,11,Wed,26.3
7,7,13.7,6.0,0,Orthopedics,14,Wed,17.2
9,1,15.8,8.7,0,General Medicine,4,Fri,156.5
9,4,19.2,7.6,3,Orthopedics,1,Tue,57.4
5,4,17.1,5.5,2,Emergency,18,Sun,21.0
3,1,9.5,7.3,0,General Medicine,23,Wed,33.1
4,2,15.5,4.3,0,Cardiology,20,Sat,41.4
5,4,10.7,2.0,1,Pediatrics,7,Sun,7.6
5,4,13.8,5.8,1,Cardiology,8,Thu,22.3
10,5,10.1,6.9,1,Pediatrics,8,Mon,41.3
8,5,7.9,16.3,4,Dermatology,16,Fri,49.1
13,3,6.2,8.6,2,Dermatology,14,Wed,40.5
7,1,8.3,7.4,1,Dermatology,19,Wed,68.8
13,1,9.3,2.4,1,ENT,22,Thu,129.1
11,5,8.9,9.3,1,Pediatrics,9,Wed,48.9
6,2,23.0,8.8,1,Cardiology,15,Tue,85.2
8,1,10.8,7.4,1,General Medicine,12,Sun,101.7
9,3,15.1,8.3,1,Orthopedics,22,Tue,56.3
11,3,16.2,7.0,2,Cardiology,8,Thu,76.3
6,2,11.9,6.2,2,ENT,4,Sat,42.9
12,1,8.6,5.5,1,General Medicine,9,Tue,115.3
9,1,8.4,9.3,1,Dermatology,14,Fri,89.0
7,3,15.3,5.8,0,Cardiology,22,Sun,44.3
5,7,14.9,6.5,1,Emergency,19,Sat,15.0
7,1,16.0,6.3,3,Cardiology,0,Mon,139.7
14,5,16.1,10.1,0,Cardiology,12,Wed,65.9
8,1,10.6,7.5,0,ENT,3,Mon,87.0
4,7,5.5,5.6,1,Dermatology,8,Fri,14.1
14,2,4.0,4.4,2,Pediatrics,22,Wed,44.8
3,1,12.0,2.0,1,Cardiology,23,Sun,48.2
12,1,12.5,5.7,1,General Medicine,3,Tue,159.6
4,1,19.4,2.5,4,Cardiology,3,Sat,97.2
14,6,8.5,7.5,0,Dermatology,16,Wed,19.6
7,7,18.7,9.2,2,Emergency,9,Sun,31.0
8,5,10.9,12.2,2,Pediatrics,10,Tue,40.8
9,6,9.5,5.3,0,Orthopedics,20,Tue,30.8
7,1,12.0,8.6,1,Cardiology,22,Wed,91.2
2,1,10.6,3.8,0,Orthopedics,21,Sun,26.9
7,1,9.5,5.5,1,Pediatrics,18,Sat,77.4
8,1,17.3,4.9,0,Orthopedics,23,Sat,134.5
5,5,12.0,7.5,0,Orthopedics,17,Thu,25.4
2,1,15.3,3.5,0,Cardiology,21,Sat,41.7
11,1,21.9,11.7,5,Emergency,12,Fri,255.5
9,3,16.7,6.7,0,Cardiology,1,Fri,58.4
7,1,15.5,5.0,1,Orthopedics,19,Sat,114.0
7,1,9.3,3.7,2,ENT,22,Sun,85.5
8,1,4.3,5.4,0,Dermatology,7,Fri,25.3
11,1,23.4,9.2,2,Cardiology,10,Thu,264.3
8,1,15.3,7.6,2,Cardiology,13,Fri,144.6
7,6,15.7,4.9,1,Pediatrics,15,Sat,31.2
6,2,21.6,7.5,2,Emergency,16,Sun,70.7
13,1,20.8,5.4,4,Emergency,9,Fri,279.8
8,6,5.5,2.2,1,Pediatrics,20,Sun,19.9
2,5,16.0,3.0,3,Orthopedics,19,Sat,22.3
5,5,9.8,5.1,0,Pediatrics,22,Sun,13.7
7,3,19.3,4.9,3,Emergency,13,Sat,59.7
7,5,8.1,5.5,0,General Medicine,1,Sun,20.4
7,3,12.6,5.3,2,Pediatrics,20,Tue,41.6
4,3,17.8,4.4,1,Orthopedics,1,Sun,32.3
5,1,12.9,9.5,0,Cardiology,4,Wed,69.3
3,1,8.2,4.3,0,Pediatrics,6,Sat,38.4
8,1,17.1,2.3,0,Cardiology,4,Wed,133.8
7,6,9.0,10.0,0,Dermatology,17,Thu,17.6
6,4,8.4,8.7,1,Dermatology,10,Sat,24.4
6,4,11.8,8.3,2,General Medicine,5,Thu,24.5
6,1,13.5,3.5,1,General Medicine,0,Sat,87.2
7,1,17.6,5.5,0,General Medicine,5,Mon,130.0
6,4,19.1,7.8,4,Emergency,16,Sat,34.8
10,3,12.1,6.3,0,ENT,19,Wed,45.5
3,1,23.3,5.3,1,Cardiology,7,Sat,83.8
6,1,12.6,4.9,2,Dermatology,1,Tue,91.4
8,7,11.0,6.7,0,ENT,13,Fri,22.5
14,6,12.0,7.9,1,Pediatrics,18,Fri,31.8
8,2,19.3,5.6,2,Cardiology,1,Mon,88.4
8,3,14.1,3.8,0,ENT,19,Thu,38.2
4,2,10.8,4.4,2,General Medicine,4,Fri,27.5
7,3,7.9,1.3,3,ENT,6,Sat,23.2
7,7,16.0,1.1,1,Cardiology,14,Sun,22.6
9,2,19.3,4.1,2,General Medicine,1,Wed,96.2
10,1,14.6,6.8,3,Pediatrics,7,Fri,170.4
4,3,16.2,6.5,1,Cardiology,3,Tue,40.1
9,2,11.4,5.9,0,Orthopedics,5,Sun,45.2
10,7,14.4,5.4,3,Orthopedics,18,Sun,50.4
2,3,9.2,1.2,1,ENT,5,Sun,15.0
10,1,15.8,6.7,0,Orthopedics,1,Thu,169.1
4,1,13.4,6.0,0,Cardiology,5,Wed,64.2
5,1,5.8,3.9,0,Dermatology,2,Sat,27.7
3,2,15.6,2.0,0,General Medicine,14,Sat,18.0
7,2,16.8,5.3,2,Orthopedics,23,Tue,72.4
5,1,9.9,7.3,1,General Medicine,4,Thu,45.2
10,6,22.9,6.6,1,Emergency,17,Fri,45.4
8,5,12.9,2.3,1,Pediatrics,8,Thu,23.1
6,1,14.7,6.3,0,Dermatology,1,Wed,92.0
16,5,9.4,7.4,0,Pediatrics,16,Tue,30.5
5,5,13.0,7.5,0,Orthopedics,5,Wed,29.2
14,3,8.6,8.3,2,ENT,12,Tue,58.1
9,4,10.8,6.9,1,Dermatology,12,Wed,38.4
7,1,6.2,6.3,0,Pediatrics,14,Tue,58.0
2,2,10.0,5.9,3,Pediatrics,3,Wed,19.0
9,1,20.1,5.9,2,Emergency,6,Fri,179.7
11,1,19.0,6.8,0,Orthopedics,17,Wed,214.5
5,1,8.4,8.4,3,Pediatrics,22,Mon,58.2
4,3,7.6,3.0,1,Dermatology,0,Sat,17.5
9,2,13.6,11.9,0,General Medicine,9,Thu,75.1
7,1,18.2,2.6,2,Emergency,21,Fri,124.5
10,4,17.6,7.7,2,Emergency,6,Thu,45.1
7,2,13.6,10.0,1,Dermatology,10,Thu,59.5
10,1,16.7,5.4,0,Orthopedics,21,Thu,170.4
3,1,15.6,1.0,1,General Medicine,23,Sat,58.9
8,3,17.2,4.3,0,Orthopedics,15,Sat,53.0
6,3,14.6,2.6,1,Orthopedics,16,Sun,27.3
12,7,18.2,5.1,2,Emergency,14,Thu,31.7
14,4,7.3,7.6,1,ENT,6,Wed,37.7
11,1,17.8,5.6,3,Emergency,21,Mon,202.4
6,1,5.8,5.6,2,Dermatology,0,Thu,44.2
9,4,5.7,6.9,0,Dermatology,1,Sun,17.4
14,2,14.3,6.2,3,General Medicine,14,Tue,123.2
8,3,9.1,7.6,1,General Medicine,20,Sat,44.8
6,5,16.2,3.5,1,General Medicine,19,Sat,27.9
11,5,11.3,11.0,1,ENT,16,Fri,43.4
13,7,12.0,8.7,2,Pediatrics,9,Thu,51.1
9,4,20.7,4.9,2,Emergency,8,Sat,49.0
12,2,13.2,7.3,1,General Medicine,10,Mon,69.4
8,2,18.7,6.5,1,Emergency,6,Mon,65.1
4,3,6.5,9.6,1,ENT,10,Tue,23.8
7,1,10.7,4.4,1,General Medicine,2,Sat,88.2
9,2,8.1,2.5,2,General Medicine,7,Thu,55.3
8,1,16.4,8.0,2,Orthopedics,22,Tue,138.6
10,2,12.0,9.6,1,Orthopedics,16,Mon,71.0
9,1,17.0,6.9,0,Orthopedics,3,Thu,162.6
8,4,20.0,9.0,1,Cardiology,6,Wed,52.8
9,4,12.8,5.8,0,General Medicine,6,Tue,35.9
10,5,10.5,7.3,0,General Medicine,6,Mon,28.3
10,7,6.5,7.8,0,ENT,16,Sat,20.9
12,5,17.8,3.6,3,Emergency,21,Sat,54.1
14,2,7.2,9.0,0,Pediatrics,17,Tue,59.7
14,1,20.0,7.4,3,Emergency,11,Thu,283.1
5,1,14.7,1.1,0,Orthopedics,3,Tue,76.5
6,5,20.7,4.5,3,Orthopedics,3,Wed,42.8
14,3,17.6,3.2,0,General Medicine,19,Mon,100.6
7,6,19.6,3.3,1,Orthopedics,16,Sun,28.9
9,3,17.4,4.9,3,Cardiology,12,Sat,73.7
1,5,4.8,8.9,1,ENT,13,Sun,12.0
12,5,10.6,3.7,0,Pediatrics,20,Wed,27.6
7,7,9.3,5.2,1,Pediatrics,19,Sun,13.6
11,2,18.1,2.2,1,Cardiology,2,Thu,108.0
16,7,13.3,9.6,1,General Medicine,9,Tue,38.1
11,3,12.1,7.3,1,Pediatrics,1,Wed,57.4
7,3,4.0,4.1,1,ENT,9,Sat,25.1
7,1,23.9,2.9,1,Emergency,15,Sat,163.5
6,5,11.9,2.3,1,ENT,5,Sat,20.3
7,4,8.3,7.0,0,Pediatrics,3,Tue,34.6
6,7,22.7,9.6,2,Emergency,11,Fri,19.4
7,6,17.2,7.9,1,Cardiology,12,Sun,43.2
14,3,8.1,8.7,2,Dermatology,17,Mon,47.2
11,5,9.6,2.9,2,Pediatrics,0,Wed,35.6
11,1,6.8,3.8,1,ENT,5,Mon,79.0
14,5,8.2,6.3,1,General Medicine,18,Mon,36.5
15,3,17.2,4.6,0,ENT,16,Sun,99.1
7,3,11.9,4.8,1,Pediatrics,21,Tue,34.6
7,1,20.4,5.0,2,Emergency,19,Tue,150.9
6,5,17.4,5.7,2,General Medicine,20,Mon,35.0
9,4,4.0,2.5,0,ENT,12,Sun,7.9
14,1,11.3,7.6,1,General Medicine,23,Thu,179.8
10,3,7.2,6.8,1,ENT,9,Sat,31.8
4,1,16.5,5.2,1,Cardiology,21,Tue,64.9
14,2,20.1,7.9,2,Emergency,9,Fri,132.8
8,7,7.7,5.2,0,ENT,10,Sun,18.7
9,6,9.7,8.2,1,Orthopedics,16,Fri,22.9
15,7,9.0,9.9,0,General Medicine,9,Thu,29.3
11,1,6.2,5.7,0,ENT,3,Tue,73.4
6,5,16.7,6.5,2,Cardiology,21,Tue,43.4
18,4,9.1,9.1,3,General Medicine,10,Fri,67.8
10,3,8.5,4.8,0,ENT,22,Thu,37.7
11,7,9.6,5.8,1,Pediatrics,9,Mon,28.9
10,1,4.0,8.7,0,Pediatrics,23,Tue,48.4
7,7,8.8,7.2,1,General Medicine,14,Thu,16.0
17,6,15.6,11.6,1,Orthopedics,18,Tue,55.2
15,3,9.7,8.0,0,Pediatrics,18,Thu,60.2
15,3,6.7,6.7,2,General Medicine,4,Wed,47.1
7,5,20.4,4.8,0,Cardiology,19,Wed,39.4
5,1,11.8,7.3,1,Pediatrics,22,Mon,70.6
6,1,19.0,9.1,1,General Medicine,15,Thu,132.2
10,1,23.3,9.0,1,Cardiology,22,Tue,257.6
9,6,9.4,6.1,0,General Medicine,20,Fri,34.0
6,5,19.6,5.7,1,Emergency,15,Sun,18.5
7,3,18.1,7.3,2,Cardiology,11,Sun,62.9
8,5,23.8,6.3,9,Emergency,20,Fri,56.6
5,3,19.1,5.1,4,Emergency,4,Sat,32.6
6,3,24.0,2.7,5,Emergency,13,Sun,56.9
7,4,18.9,2.9,2,Cardiology,19,Fri,49.1
8,5,12.6,6.9,0,Orthopedics,22,Tue,24.9
3,5,4.5,3.8,1,Dermatology,6,Thu,1.1
5,1,15.1,2.5,0,General Medicine,2,Sat,73.5
13,2,10.9,5.1,1,Dermatology,8,Fri,80.8
9,2,18.3,9.0,1,Orthopedics,20,Wed,97.8
12,7,4.3,8.9,1,General Medicine,12,Tue,23.9
4,1,9.6,4.2,2,Pediatrics,1,Tue,53.3
10,2,13.8,3.5,3,Pediatrics,2,Wed,88.3
8,4,7.7,3.8,2,General Medicine,8,Sat,28.0
4,1,10.7,5.6,2,ENT,8,Thu,59.6
4,2,10.3,3.7,1,General Medicine,3,Mon,31.1
8,1,5.2,6.6,0,Dermatology,11,Sun,33.1
8,5,15.8,5.7,0,Cardiology,11,Wed,35.7
7,1,12.7,3.8,0,Dermatology,4,Wed,90.0
9,1,17.7,6.9,0,Orthopedics,5,Sat,167.9
9,2,11.6,3.7,1,General Medicine,15,Wed,54.8
9,2,16.6,5.7,0,Pediatrics,22,Fri,79.6
